po_id,order_date,region,distributor_id,distributor_tier,total_order_value,order_status,deferral_reason,expected_delivery_date
PO-DIST-1001,2025-07-02,NA-East,DIST-MIDATL-SUPPLY,TIER_1_STRATEGIC,412369.0,FULFILLED,,2025-07-22
PO-DIST-1002,2025-07-02,NA-East,DIST-EMPIRE-IND,TIER_1_STRATEGIC,238738.0,FULFILLED,,2025-07-12
PO-DIST-1003,2025-07-02,NA-East,DIST-COASTAL-WHOLESALE,TIER_2_REGIONAL,61400.0,FULFILLED,,2025-07-21
PO-DIST-1004,2025-07-02,NA-East,DIST-TRI-STATE-OPS,TIER_3_LOCAL,126880.0,FULFILLED,,2025-07-18
PO-DIST-1005,2025-07-02,NA-Central,DIST-MIDWEST-DIRECT,TIER_1_STRATEGIC,258708.0,FULFILLED,,2025-07-19
PO-DIST-1006,2025-07-02,NA-Central,DIST-TEXAS-COMMERCIAL,TIER_1_STRATEGIC,193905.0,FULFILLED,,2025-07-12
PO-DIST-1007,2025-07-02,NA-West,DIST-PACIFIC-LOGISTICS,TIER_1_STRATEGIC,308416.0,FULFILLED,,2025-07-18
PO-DIST-1008,2025-07-02,NA-West,DIST-CAL-ENTERPRISE,TIER_1_STRATEGIC,208180.0,FULFILLED,,2025-07-14
PO-DIST-1009,2025-07-02,NA-West,DIST-MOUNTAIN-PARTS,TIER_2_REGIONAL,110821.0,FULFILLED,,2025-07-16
PO-DIST-1010,2025-07-04,NA-East,DIST-MIDATL-SUPPLY,TIER_1_STRATEGIC,454514.0,FULFILLED,,2025-07-21
PO-DIST-1011,2025-07-04,NA-East,DIST-EMPIRE-IND,TIER_1_STRATEGIC,371621.0,FULFILLED,,2025-07-20
PO-DIST-1012,2025-07-04,NA-West,DIST-PACIFIC-LOGISTICS,TIER_1_STRATEGIC,303090.0,FULFILLED,,2025-07-21
PO-DIST-1013,2025-07-04,NA-West,DIST-CAL-ENTERPRISE,TIER_1_STRATEGIC,458993.0,FULFILLED,,2025-07-20
PO-DIST-1014,2025-07-07,NA-East,DIST-APEX-EAST,TIER_1_STRATEGIC,242386.0,FULFILLED,,2025-07-21
PO-DIST-1015,2025-07-07,NA-East,DIST-MIDATL-SUPPLY,TIER_1_STRATEGIC,333295.0,FULFILLED,,2025-07-24
PO-DIST-1016,2025-07-07,NA-East,DIST-EMPIRE-IND,TIER_1_STRATEGIC,209619.0,FULFILLED,,2025-07-21
PO-DIST-1017,2025-07-07,NA-East,DIST-TRI-STATE-OPS,TIER_3_LOCAL,90717.0,FULFILLED,,2025-07-19
PO-DIST-1018,2025-07-07,NA-Central,DIST-MIDWEST-DIRECT,TIER_1_STRATEGIC,326511.0,FULFILLED,,2025-07-28
PO-DIST-1019,2025-07-07,NA-West,DIST-CAL-ENTERPRISE,TIER_1_STRATEGIC,476756.0,FULFILLED,,2025-07-28
PO-DIST-1020,2025-07-07,NA-West,DIST-MOUNTAIN-PARTS,TIER_2_REGIONAL,132193.0,FULFILLED,,2025-07-20
PO-DIST-1021,2025-07-09,NA-East,DIST-MIDATL-SUPPLY,TIER_1_STRATEGIC,339157.0,FULFILLED,,2025-07-20
PO-DIST-1022,2025-07-09,NA-East,DIST-EMPIRE-IND,TIER_1_STRATEGIC,213534.0,FULFILLED,,2025-07-21
PO-DIST-1023,2025-07-09,NA-East,DIST-COASTAL-WHOLESALE,TIER_2_REGIONAL,148147.0,FULFILLED,,2025-07-24
PO-DIST-1024,2025-07-09,NA-East,DIST-SUNBELT-PARTS,TIER_2_REGIONAL,137078.0,FULFILLED,,2025-07-22
PO-DIST-1025,2025-07-09,NA-Central,DIST-MIDWEST-DIRECT,TIER_1_STRATEGIC,258876.0,FULFILLED,,2025-07-24
PO-DIST-1026,2025-07-09,NA-Central,DIST-GREATLAKES-SUPPLY,TIER_2_REGIONAL,67899.0,FULFILLED,,2025-07-23
PO-DIST-1027,2025-07-09,NA-Central,DIST-TEXAS-COMMERCIAL,TIER_1_STRATEGIC,470285.0,FULFILLED,,2025-07-30
PO-DIST-1028,2025-07-09,NA-West,DIST-PACIFIC-LOGISTICS,TIER_1_STRATEGIC,182893.0,FULFILLED,,2025-07-26
PO-DIST-1029,2025-07-09,NA-West,DIST-CAL-ENTERPRISE,TIER_1_STRATEGIC,419568.0,FULFILLED,,2025-07-27
PO-DIST-1030,2025-07-09,NA-West,DIST-MOUNTAIN-PARTS,TIER_2_REGIONAL,110930.0,FULFILLED,,2025-07-26
PO-DIST-1031,2025-07-11,NA-East,DIST-APEX-EAST,TIER_1_STRATEGIC,371263.0,FULFILLED,,2025-07-31
PO-DIST-1032,2025-07-11,NA-East,DIST-MIDATL-SUPPLY,TIER_1_STRATEGIC,241453.0,FULFILLED,,2025-07-29
PO-DIST-1033,2025-07-11,NA-East,DIST-EMPIRE-IND,TIER_1_STRATEGIC,250449.0,FULFILLED,,2025-07-26
PO-DIST-1034,2025-07-11,NA-Central,DIST-MIDWEST-DIRECT,TIER_1_STRATEGIC,404172.0,FULFILLED,,2025-08-01
PO-DIST-1035,2025-07-11,NA-Central,DIST-GREATLAKES-SUPPLY,TIER_2_REGIONAL,158293.0,FULFILLED,,2025-07-24
PO-DIST-1036,2025-07-11,NA-Central,DIST-TEXAS-COMMERCIAL,TIER_1_STRATEGIC,346708.0,FULFILLED,,2025-07-26
PO-DIST-1037,2025-07-11,NA-West,DIST-PACIFIC-LOGISTICS,TIER_1_STRATEGIC,391532.0,FULFILLED,,2025-07-21
PO-DIST-1038,2025-07-11,NA-West,DIST-CAL-ENTERPRISE,TIER_1_STRATEGIC,429718.0,FULFILLED,,2025-07-31
PO-DIST-1039,2025-07-14,NA-East,DIST-APEX-EAST,TIER_1_STRATEGIC,257600.0,FULFILLED,,2025-07-31
PO-DIST-1040,2025-07-14,NA-East,DIST-MIDATL-SUPPLY,TIER_1_STRATEGIC,195898.0,FULFILLED,,2025-07-24
PO-DIST-1041,2025-07-14,NA-East,DIST-EMPIRE-IND,TIER_1_STRATEGIC,363793.0,FULFILLED,,2025-07-25
PO-DIST-1042,2025-07-14,NA-East,DIST-COASTAL-WHOLESALE,TIER_2_REGIONAL,73134.0,FULFILLED,,2025-07-27
PO-DIST-1043,2025-07-14,NA-East,DIST-SUNBELT-PARTS,TIER_2_REGIONAL,131092.0,SUBMITTED,,2025-07-26
PO-DIST-1044,2025-07-14,NA-East,DIST-TRI-STATE-OPS,TIER_3_LOCAL,85173.0,FULFILLED,,2025-08-01
PO-DIST-1045,2025-07-14,NA-Central,DIST-MIDWEST-DIRECT,TIER_1_STRATEGIC,325536.0,FULFILLED,,2025-07-30
PO-DIST-1046,2025-07-14,NA-Central,DIST-GREATLAKES-SUPPLY,TIER_2_REGIONAL,83578.0,FULFILLED,,2025-07-30
PO-DIST-1047,2025-07-14,NA-Central,DIST-TEXAS-COMMERCIAL,TIER_1_STRATEGIC,409372.0,FULFILLED,,2025-08-03
PO-DIST-1048,2025-07-14,NA-West,DIST-PACIFIC-LOGISTICS,TIER_1_STRATEGIC,352212.0,FULFILLED,,2025-08-02
PO-DIST-1049,2025-07-14,NA-West,DIST-CAL-ENTERPRISE,TIER_1_STRATEGIC,202192.0,FULFILLED,,2025-07-25
PO-DIST-1050,2025-07-14,NA-West,DIST-MOUNTAIN-PARTS,TIER_2_REGIONAL,92574.0,FULFILLED,,2025-08-04
PO-DIST-1051,2025-07-16,NA-East,DIST-MIDATL-SUPPLY,TIER_1_STRATEGIC,383413.0,FULFILLED,,2025-07-29
PO-DIST-1052,2025-07-16,NA-East,DIST-EMPIRE-IND,TIER_1_STRATEGIC,448766.0,FULFILLED,,2025-08-02
PO-DIST-1053,2025-07-16,NA-East,DIST-COASTAL-WHOLESALE,TIER_2_REGIONAL,120839.0,FULFILLED,,2025-08-04
PO-DIST-1054,2025-07-16,NA-Central,DIST-MIDWEST-DIRECT,TIER_1_STRATEGIC,195240.0,FULFILLED,,2025-08-04
PO-DIST-1055,2025-07-16,NA-Central,DIST-TEXAS-COMMERCIAL,TIER_1_STRATEGIC,437255.0,FULFILLED,,2025-07-31
PO-DIST-1056,2025-07-16,NA-West,DIST-PACIFIC-LOGISTICS,TIER_1_STRATEGIC,371736.0,FULFILLED,,2025-07-29
PO-DIST-1057,2025-07-16,NA-West,DIST-MOUNTAIN-PARTS,TIER_2_REGIONAL,141453.0,FULFILLED,,2025-08-06
PO-DIST-1058,2025-07-18,NA-East,DIST-APEX-EAST,TIER_1_STRATEGIC,466057.0,FULFILLED,,2025-08-05
PO-DIST-1059,2025-07-18,NA-East,DIST-MIDATL-SUPPLY,TIER_1_STRATEGIC,409472.0,FULFILLED,,2025-07-30
PO-DIST-1060,2025-07-18,NA-East,DIST-COASTAL-WHOLESALE,TIER_2_REGIONAL,111932.0,FULFILLED,,2025-08-06
PO-DIST-1061,2025-07-18,NA-Central,DIST-MIDWEST-DIRECT,TIER_1_STRATEGIC,334831.0,FULFILLED,,2025-08-03
PO-DIST-1062,2025-07-18,NA-Central,DIST-GREATLAKES-SUPPLY,TIER_2_REGIONAL,65507.0,FULFILLED,,2025-08-04
PO-DIST-1063,2025-07-18,NA-Central,DIST-TEXAS-COMMERCIAL,TIER_1_STRATEGIC,215960.0,SUBMITTED,,2025-08-02
PO-DIST-1064,2025-07-18,NA-West,DIST-PACIFIC-LOGISTICS,TIER_1_STRATEGIC,233610.0,FULFILLED,,2025-08-05
PO-DIST-1065,2025-07-18,NA-West,DIST-CAL-ENTERPRISE,TIER_1_STRATEGIC,209692.0,FULFILLED,,2025-08-05
PO-DIST-1066,2025-07-18,NA-West,DIST-MOUNTAIN-PARTS,TIER_2_REGIONAL,79961.0,FULFILLED,,2025-08-04
PO-DIST-1067,2025-07-21,NA-East,DIST-APEX-EAST,TIER_1_STRATEGIC,467466.0,FULFILLED,,2025-08-10
PO-DIST-1068,2025-07-21,NA-East,DIST-MIDATL-SUPPLY,TIER_1_STRATEGIC,440936.0,FULFILLED,,2025-08-01
PO-DIST-1069,2025-07-21,NA-East,DIST-SUNBELT-PARTS,TIER_2_REGIONAL,129878.0,FULFILLED,,2025-08-10
PO-DIST-1070,2025-07-21,NA-East,DIST-TRI-STATE-OPS,TIER_3_LOCAL,127532.0,FULFILLED,,2025-07-31
PO-DIST-1071,2025-07-21,NA-Central,DIST-MIDWEST-DIRECT,TIER_1_STRATEGIC,232774.0,FULFILLED,,2025-08-09
PO-DIST-1072,2025-07-21,NA-Central,DIST-TEXAS-COMMERCIAL,TIER_1_STRATEGIC,211329.0,FULFILLED,,2025-08-05
PO-DIST-1073,2025-07-21,NA-West,DIST-CAL-ENTERPRISE,TIER_1_STRATEGIC,343478.0,FULFILLED,,2025-08-02
PO-DIST-1074,2025-07-21,NA-West,DIST-MOUNTAIN-PARTS,TIER_2_REGIONAL,150069.0,FULFILLED,,2025-08-02
PO-DIST-1075,2025-07-23,NA-East,DIST-APEX-EAST,TIER_1_STRATEGIC,247936.0,FULFILLED,,2025-08-04
PO-DIST-1076,2025-07-23,NA-East,DIST-MIDATL-SUPPLY,TIER_1_STRATEGIC,263702.0,FULFILLED,,2025-08-03
PO-DIST-1077,2025-07-23,NA-East,DIST-EMPIRE-IND,TIER_1_STRATEGIC,448386.0,FULFILLED,,2025-08-02
PO-DIST-1078,2025-07-23,NA-East,DIST-COASTAL-WHOLESALE,TIER_2_REGIONAL,148036.0,FULFILLED,,2025-08-03
PO-DIST-1079,2025-07-23,NA-East,DIST-SUNBELT-PARTS,TIER_2_REGIONAL,125801.0,FULFILLED,,2025-08-04
PO-DIST-1080,2025-07-23,NA-Central,DIST-MIDWEST-DIRECT,TIER_1_STRATEGIC,294107.0,FULFILLED,,2025-08-02
PO-DIST-1081,2025-07-23,NA-Central,DIST-GREATLAKES-SUPPLY,TIER_2_REGIONAL,135144.0,FULFILLED,,2025-08-08
PO-DIST-1082,2025-07-23,NA-Central,DIST-TEXAS-COMMERCIAL,TIER_1_STRATEGIC,447351.0,FULFILLED,,2025-08-05
PO-DIST-1083,2025-07-23,NA-West,DIST-PACIFIC-LOGISTICS,TIER_1_STRATEGIC,267615.0,FULFILLED,,2025-08-09
PO-DIST-1084,2025-07-23,NA-West,DIST-CAL-ENTERPRISE,TIER_1_STRATEGIC,286342.0,FULFILLED,,2025-08-13
PO-DIST-1085,2025-07-23,NA-West,DIST-MOUNTAIN-PARTS,TIER_2_REGIONAL,65719.0,FULFILLED,,2025-08-08
PO-DIST-1086,2025-07-25,NA-East,DIST-APEX-EAST,TIER_1_STRATEGIC,310781.0,FULFILLED,,2025-08-08
PO-DIST-1087,2025-07-25,NA-East,DIST-MIDATL-SUPPLY,TIER_1_STRATEGIC,347044.0,FULFILLED,,2025-08-05
PO-DIST-1088,2025-07-25,NA-East,DIST-EMPIRE-IND,TIER_1_STRATEGIC,447247.0,FULFILLED,,2025-08-12
PO-DIST-1089,2025-07-25,NA-Central,DIST-MIDWEST-DIRECT,TIER_1_STRATEGIC,321985.0,FULFILLED,,2025-08-08
PO-DIST-1090,2025-07-25,NA-Central,DIST-TEXAS-COMMERCIAL,TIER_1_STRATEGIC,440116.0,FULFILLED,,2025-08-11
PO-DIST-1091,2025-07-25,NA-West,DIST-PACIFIC-LOGISTICS,TIER_1_STRATEGIC,290667.0,FULFILLED,,2025-08-11
PO-DIST-1092,2025-07-25,NA-West,DIST-CAL-ENTERPRISE,TIER_1_STRATEGIC,392388.0,FULFILLED,,2025-08-08
PO-DIST-1093,2025-07-25,NA-West,DIST-MOUNTAIN-PARTS,TIER_2_REGIONAL,159159.0,FULFILLED,,2025-08-09
PO-DIST-1094,2025-07-28,NA-East,DIST-APEX-EAST,TIER_1_STRATEGIC,204667.0,FULFILLED,,2025-08-13
PO-DIST-1095,2025-07-28,NA-East,DIST-MIDATL-SUPPLY,TIER_1_STRATEGIC,349802.0,FULFILLED,,2025-08-16
PO-DIST-1096,2025-07-28,NA-East,DIST-EMPIRE-IND,TIER_1_STRATEGIC,467552.0,FULFILLED,,2025-08-18
PO-DIST-1097,2025-07-28,NA-East,DIST-SUNBELT-PARTS,TIER_2_REGIONAL,133540.0,FULFILLED,,2025-08-08
PO-DIST-1098,2025-07-28,NA-East,DIST-TRI-STATE-OPS,TIER_3_LOCAL,125463.0,FULFILLED,,2025-08-10
PO-DIST-1099,2025-07-28,NA-Central,DIST-MIDWEST-DIRECT,TIER_1_STRATEGIC,333870.0,FULFILLED,,2025-08-10
PO-DIST-1100,2025-07-28,NA-Central,DIST-TEXAS-COMMERCIAL,TIER_1_STRATEGIC,326683.0,FULFILLED,,2025-08-12
PO-DIST-1101,2025-07-28,NA-West,DIST-PACIFIC-LOGISTICS,TIER_1_STRATEGIC,223356.0,FULFILLED,,2025-08-13
PO-DIST-1102,2025-07-28,NA-West,DIST-CAL-ENTERPRISE,TIER_1_STRATEGIC,231072.0,FULFILLED,,2025-08-17
PO-DIST-1103,2025-07-30,NA-East,DIST-APEX-EAST,TIER_1_STRATEGIC,295614.0,FULFILLED,,2025-08-18
PO-DIST-1104,2025-07-30,NA-East,DIST-MIDATL-SUPPLY,TIER_1_STRATEGIC,391059.0,FULFILLED,,2025-08-14
PO-DIST-1105,2025-07-30,NA-East,DIST-EMPIRE-IND,TIER_1_STRATEGIC,257537.0,FULFILLED,,2025-08-14
PO-DIST-1106,2025-07-30,NA-East,DIST-COASTAL-WHOLESALE,TIER_2_REGIONAL,159927.0,SUBMITTED,,2025-08-13
PO-DIST-1107,2025-07-30,NA-East,DIST-SUNBELT-PARTS,TIER_2_REGIONAL,75557.0,FULFILLED,,2025-08-16
PO-DIST-1108,2025-07-30,NA-East,DIST-TRI-STATE-OPS,TIER_3_LOCAL,126139.0,FULFILLED,,2025-08-16
PO-DIST-1109,2025-07-30,NA-Central,DIST-MIDWEST-DIRECT,TIER_1_STRATEGIC,410807.0,FULFILLED,,2025-08-19
PO-DIST-1110,2025-07-30,NA-Central,DIST-TEXAS-COMMERCIAL,TIER_1_STRATEGIC,431033.0,FULFILLED,,2025-08-14
PO-DIST-1111,2025-07-30,NA-West,DIST-PACIFIC-LOGISTICS,TIER_1_STRATEGIC,392468.0,FULFILLED,,2025-08-13
PO-DIST-1112,2025-07-30,NA-West,DIST-CAL-ENTERPRISE,TIER_1_STRATEGIC,252766.0,FULFILLED,,2025-08-18
PO-DIST-1113,2025-08-01,NA-East,DIST-APEX-EAST,TIER_1_STRATEGIC,395813.0,FULFILLED,,2025-08-18
PO-DIST-1114,2025-08-01,NA-East,DIST-MIDATL-SUPPLY,TIER_1_STRATEGIC,413281.0,FULFILLED,,2025-08-14
PO-DIST-1115,2025-08-01,NA-East,DIST-COASTAL-WHOLESALE,TIER_2_REGIONAL,73966.0,FULFILLED,,2025-08-15
PO-DIST-1116,2025-08-01,NA-Central,DIST-MIDWEST-DIRECT,TIER_1_STRATEGIC,326612.0,SUBMITTED,,2025-08-12
PO-DIST-1117,2025-08-01,NA-Central,DIST-GREATLAKES-SUPPLY,TIER_2_REGIONAL,112497.0,FULFILLED,,2025-08-18
PO-DIST-1118,2025-08-01,NA-Central,DIST-TEXAS-COMMERCIAL,TIER_1_STRATEGIC,372239.0,FULFILLED,,2025-08-17
PO-DIST-1119,2025-08-01,NA-West,DIST-PACIFIC-LOGISTICS,TIER_1_STRATEGIC,291860.0,FULFILLED,,2025-08-16
PO-DIST-1120,2025-08-01,NA-West,DIST-CAL-ENTERPRISE,TIER_1_STRATEGIC,250476.0,FULFILLED,,2025-08-14
PO-DIST-1121,2025-08-01,NA-West,DIST-MOUNTAIN-PARTS,TIER_2_REGIONAL,66475.0,FULFILLED,,2025-08-21
PO-DIST-1122,2025-08-04,NA-East,DIST-MIDATL-SUPPLY,TIER_1_STRATEGIC,202917.0,FULFILLED,,2025-08-24
PO-DIST-1123,2025-08-04,NA-East,DIST-EMPIRE-IND,TIER_1_STRATEGIC,419402.0,FULFILLED,,2025-08-20
PO-DIST-1124,2025-08-04,NA-East,DIST-COASTAL-WHOLESALE,TIER_2_REGIONAL,121643.0,FULFILLED,,2025-08-21
PO-DIST-1125,2025-08-04,NA-East,DIST-SUNBELT-PARTS,TIER_2_REGIONAL,75449.0,FULFILLED,,2025-08-21
PO-DIST-1126,2025-08-04,NA-East,DIST-TRI-STATE-OPS,TIER_3_LOCAL,82481.0,FULFILLED,,2025-08-19
PO-DIST-1127,2025-08-04,NA-Central,DIST-MIDWEST-DIRECT,TIER_1_STRATEGIC,238844.0,FULFILLED,,2025-08-24
PO-DIST-1128,2025-08-04,NA-Central,DIST-TEXAS-COMMERCIAL,TIER_1_STRATEGIC,415152.0,FULFILLED,,2025-08-25
PO-DIST-1129,2025-08-04,NA-West,DIST-PACIFIC-LOGISTICS,TIER_1_STRATEGIC,236466.0,FULFILLED,,2025-08-22
PO-DIST-1130,2025-08-04,NA-West,DIST-CAL-ENTERPRISE,TIER_1_STRATEGIC,336798.0,FULFILLED,,2025-08-17
PO-DIST-1131,2025-08-06,NA-East,DIST-APEX-EAST,TIER_1_STRATEGIC,269856.0,FULFILLED,,2025-08-17
PO-DIST-1132,2025-08-06,NA-East,DIST-MIDATL-SUPPLY,TIER_1_STRATEGIC,242271.0,FULFILLED,,2025-08-21
PO-DIST-1133,2025-08-06,NA-East,DIST-EMPIRE-IND,TIER_1_STRATEGIC,261704.0,FULFILLED,,2025-08-26
PO-DIST-1134,2025-08-06,NA-East,DIST-COASTAL-WHOLESALE,TIER_2_REGIONAL,69629.0,FULFILLED,,2025-08-25
PO-DIST-1135,2025-08-06,NA-Central,DIST-MIDWEST-DIRECT,TIER_1_STRATEGIC,278072.0,FULFILLED,,2025-08-19
PO-DIST-1136,2025-08-06,NA-West,DIST-PACIFIC-LOGISTICS,TIER_1_STRATEGIC,427000.0,FULFILLED,,2025-08-17
PO-DIST-1137,2025-08-06,NA-West,DIST-CAL-ENTERPRISE,TIER_1_STRATEGIC,354662.0,FULFILLED,,2025-08-20
PO-DIST-1138,2025-08-06,NA-West,DIST-MOUNTAIN-PARTS,TIER_2_REGIONAL,138696.0,FULFILLED,,2025-08-22
PO-DIST-1139,2025-08-08,NA-East,DIST-APEX-EAST,TIER_1_STRATEGIC,474635.0,FULFILLED,,2025-08-26
PO-DIST-1140,2025-08-08,NA-East,DIST-MIDATL-SUPPLY,TIER_1_STRATEGIC,233875.0,FULFILLED,,2025-08-28
PO-DIST-1141,2025-08-08,NA-East,DIST-EMPIRE-IND,TIER_1_STRATEGIC,191511.0,FULFILLED,,2025-08-25
PO-DIST-1142,2025-08-08,NA-East,DIST-TRI-STATE-OPS,TIER_3_LOCAL,69208.0,FULFILLED,,2025-08-20
PO-DIST-1143,2025-08-08,NA-Central,DIST-TEXAS-COMMERCIAL,TIER_1_STRATEGIC,473439.0,FULFILLED,,2025-08-27
PO-DIST-1144,2025-08-08,NA-West,DIST-PACIFIC-LOGISTICS,TIER_1_STRATEGIC,456539.0,FULFILLED,,2025-08-24
PO-DIST-1145,2025-08-08,NA-West,DIST-CAL-ENTERPRISE,TIER_1_STRATEGIC,376034.0,FULFILLED,,2025-08-24
PO-DIST-1146,2025-08-11,NA-East,DIST-APEX-EAST,TIER_1_STRATEGIC,307016.0,FULFILLED,,2025-08-30
PO-DIST-1147,2025-08-11,NA-East,DIST-MIDATL-SUPPLY,TIER_1_STRATEGIC,457286.0,FULFILLED,,2025-08-22
PO-DIST-1148,2025-08-11,NA-East,DIST-EMPIRE-IND,TIER_1_STRATEGIC,333178.0,FULFILLED,,2025-08-30
PO-DIST-1149,2025-08-11,NA-East,DIST-SUNBELT-PARTS,TIER_2_REGIONAL,80034.0,FULFILLED,,2025-08-30
PO-DIST-1150,2025-08-11,NA-Central,DIST-TEXAS-COMMERCIAL,TIER_1_STRATEGIC,475665.0,FULFILLED,,2025-08-31
PO-DIST-1151,2025-08-11,NA-West,DIST-PACIFIC-LOGISTICS,TIER_1_STRATEGIC,448863.0,FULFILLED,,2025-09-01
PO-DIST-1152,2025-08-11,NA-West,DIST-CAL-ENTERPRISE,TIER_1_STRATEGIC,402204.0,SUBMITTED,,2025-08-23
PO-DIST-1153,2025-08-13,NA-East,DIST-MIDATL-SUPPLY,TIER_1_STRATEGIC,432452.0,FULFILLED,,2025-08-27
PO-DIST-1154,2025-08-13,NA-East,DIST-COASTAL-WHOLESALE,TIER_2_REGIONAL,91739.0,FULFILLED,,2025-08-29
PO-DIST-1155,2025-08-13,NA-East,DIST-TRI-STATE-OPS,TIER_3_LOCAL,156888.0,FULFILLED,,2025-08-27
PO-DIST-1156,2025-08-13,NA-Central,DIST-MIDWEST-DIRECT,TIER_1_STRATEGIC,445639.0,FULFILLED,,2025-08-31
PO-DIST-1157,2025-08-13,NA-Central,DIST-GREATLAKES-SUPPLY,TIER_2_REGIONAL,89505.0,FULFILLED,,2025-09-03
PO-DIST-1158,2025-08-13,NA-Central,DIST-TEXAS-COMMERCIAL,TIER_1_STRATEGIC,339917.0,FULFILLED,,2025-08-25
PO-DIST-1159,2025-08-13,NA-West,DIST-PACIFIC-LOGISTICS,TIER_1_STRATEGIC,212367.0,FULFILLED,,2025-08-27
PO-DIST-1160,2025-08-13,NA-West,DIST-CAL-ENTERPRISE,TIER_1_STRATEGIC,227056.0,FULFILLED,,2025-08-23
PO-DIST-1161,2025-08-13,NA-West,DIST-MOUNTAIN-PARTS,TIER_2_REGIONAL,135557.0,FULFILLED,,2025-08-23
PO-DIST-1162,2025-08-15,NA-East,DIST-MIDATL-SUPPLY,TIER_1_STRATEGIC,331717.0,FULFILLED,,2025-09-01
PO-DIST-1163,2025-08-15,NA-Central,DIST-TEXAS-COMMERCIAL,TIER_1_STRATEGIC,364171.0,FULFILLED,,2025-09-01
PO-DIST-1164,2025-08-15,NA-West,DIST-PACIFIC-LOGISTICS,TIER_1_STRATEGIC,320169.0,FULFILLED,,2025-08-27
PO-DIST-1165,2025-08-15,NA-West,DIST-CAL-ENTERPRISE,TIER_1_STRATEGIC,466713.0,FULFILLED,,2025-08-25
PO-DIST-1166,2025-08-15,NA-West,DIST-MOUNTAIN-PARTS,TIER_2_REGIONAL,131803.0,FULFILLED,,2025-08-26
PO-DIST-1167,2025-08-18,NA-East,DIST-APEX-EAST,TIER_1_STRATEGIC,286757.0,FULFILLED,,2025-09-08
PO-DIST-1168,2025-08-18,NA-East,DIST-MIDATL-SUPPLY,TIER_1_STRATEGIC,431867.0,FULFILLED,,2025-08-30
PO-DIST-1169,2025-08-18,NA-East,DIST-EMPIRE-IND,TIER_1_STRATEGIC,439876.0,FULFILLED,,2025-08-28
PO-DIST-1170,2025-08-18,NA-East,DIST-COASTAL-WHOLESALE,TIER_2_REGIONAL,85863.0,FULFILLED,,2025-09-06
PO-DIST-1171,2025-08-18,NA-East,DIST-TRI-STATE-OPS,TIER_3_LOCAL,125294.0,FULFILLED,,2025-08-31
PO-DIST-1172,2025-08-18,NA-Central,DIST-MIDWEST-DIRECT,TIER_1_STRATEGIC,363171.0,FULFILLED,,2025-09-08
PO-DIST-1173,2025-08-18,NA-Central,DIST-TEXAS-COMMERCIAL,TIER_1_STRATEGIC,203674.0,FULFILLED,,2025-09-08
PO-DIST-1174,2025-08-18,NA-West,DIST-PACIFIC-LOGISTICS,TIER_1_STRATEGIC,322441.0,FULFILLED,,2025-09-05
PO-DIST-1175,2025-08-18,NA-West,DIST-CAL-ENTERPRISE,TIER_1_STRATEGIC,455490.0,FULFILLED,,2025-09-03
PO-DIST-1176,2025-08-20,NA-East,DIST-APEX-EAST,TIER_1_STRATEGIC,288141.0,FULFILLED,,2025-09-04
PO-DIST-1177,2025-08-20,NA-East,DIST-MIDATL-SUPPLY,TIER_1_STRATEGIC,277842.0,FULFILLED,,2025-09-01
PO-DIST-1178,2025-08-20,NA-East,DIST-SUNBELT-PARTS,TIER_2_REGIONAL,94428.0,FULFILLED,,2025-09-07
PO-DIST-1179,2025-08-20,NA-Central,DIST-GREATLAKES-SUPPLY,TIER_2_REGIONAL,128102.0,FULFILLED,,2025-09-05
PO-DIST-1180,2025-08-20,NA-Central,DIST-TEXAS-COMMERCIAL,TIER_1_STRATEGIC,342080.0,FULFILLED,,2025-09-09
PO-DIST-1181,2025-08-20,NA-West,DIST-PACIFIC-LOGISTICS,TIER_1_STRATEGIC,257343.0,FULFILLED,,2025-09-02
PO-DIST-1182,2025-08-20,NA-West,DIST-CAL-ENTERPRISE,TIER_1_STRATEGIC,345829.0,FULFILLED,,2025-09-07
PO-DIST-1183,2025-08-20,NA-West,DIST-MOUNTAIN-PARTS,TIER_2_REGIONAL,146728.0,FULFILLED,,2025-09-05
PO-DIST-1184,2025-08-22,NA-East,DIST-APEX-EAST,TIER_1_STRATEGIC,328815.0,FULFILLED,,2025-09-02
PO-DIST-1185,2025-08-22,NA-East,DIST-MIDATL-SUPPLY,TIER_1_STRATEGIC,350136.0,FULFILLED,,2025-09-12
PO-DIST-1186,2025-08-22,NA-East,DIST-EMPIRE-IND,TIER_1_STRATEGIC,436107.0,FULFILLED,,2025-09-07
PO-DIST-1187,2025-08-22,NA-East,DIST-COASTAL-WHOLESALE,TIER_2_REGIONAL,75011.0,FULFILLED,,2025-09-04
PO-DIST-1188,2025-08-22,NA-East,DIST-SUNBELT-PARTS,TIER_2_REGIONAL,78296.0,FULFILLED,,2025-09-07
PO-DIST-1189,2025-08-22,NA-Central,DIST-TEXAS-COMMERCIAL,TIER_1_STRATEGIC,298622.0,FULFILLED,,2025-09-08
PO-DIST-1190,2025-08-22,NA-West,DIST-PACIFIC-LOGISTICS,TIER_1_STRATEGIC,322461.0,FULFILLED,,2025-09-01
PO-DIST-1191,2025-08-22,NA-West,DIST-CAL-ENTERPRISE,TIER_1_STRATEGIC,380073.0,FULFILLED,,2025-09-06
PO-DIST-1192,2025-08-25,NA-East,DIST-APEX-EAST,TIER_1_STRATEGIC,392447.0,FULFILLED,,2025-09-15
PO-DIST-1193,2025-08-25,NA-East,DIST-MIDATL-SUPPLY,TIER_1_STRATEGIC,225035.0,FULFILLED,,2025-09-13
PO-DIST-1194,2025-08-25,NA-East,DIST-EMPIRE-IND,TIER_1_STRATEGIC,367131.0,FULFILLED,,2025-09-08
PO-DIST-1195,2025-08-25,NA-Central,DIST-GREATLAKES-SUPPLY,TIER_2_REGIONAL,137620.0,FULFILLED,,2025-09-11
PO-DIST-1196,2025-08-25,NA-Central,DIST-TEXAS-COMMERCIAL,TIER_1_STRATEGIC,361051.0,FULFILLED,,2025-09-14
PO-DIST-1197,2025-08-25,NA-West,DIST-PACIFIC-LOGISTICS,TIER_1_STRATEGIC,265591.0,SUBMITTED,,2025-09-07
PO-DIST-1198,2025-08-25,NA-West,DIST-CAL-ENTERPRISE,TIER_1_STRATEGIC,307858.0,FULFILLED,,2025-09-10
PO-DIST-1199,2025-08-25,NA-West,DIST-MOUNTAIN-PARTS,TIER_2_REGIONAL,150444.0,FULFILLED,,2025-09-08
PO-DIST-1200,2025-08-27,NA-East,DIST-APEX-EAST,TIER_1_STRATEGIC,267220.0,SUBMITTED,,2025-09-17
PO-DIST-1201,2025-08-27,NA-East,DIST-MIDATL-SUPPLY,TIER_1_STRATEGIC,338034.0,FULFILLED,,2025-09-09
PO-DIST-1202,2025-08-27,NA-East,DIST-EMPIRE-IND,TIER_1_STRATEGIC,476378.0,FULFILLED,,2025-09-08
PO-DIST-1203,2025-08-27,NA-East,DIST-COASTAL-WHOLESALE,TIER_2_REGIONAL,116186.0,FULFILLED,,2025-09-16
PO-DIST-1204,2025-08-27,NA-East,DIST-TRI-STATE-OPS,TIER_3_LOCAL,127741.0,FULFILLED,,2025-09-12
PO-DIST-1205,2025-08-27,NA-Central,DIST-MIDWEST-DIRECT,TIER_1_STRATEGIC,460358.0,FULFILLED,,2025-09-11
PO-DIST-1206,2025-08-27,NA-Central,DIST-TEXAS-COMMERCIAL,TIER_1_STRATEGIC,448220.0,FULFILLED,,2025-09-10
PO-DIST-1207,2025-08-27,NA-West,DIST-PACIFIC-LOGISTICS,TIER_1_STRATEGIC,257017.0,FULFILLED,,2025-09-15
PO-DIST-1208,2025-08-27,NA-West,DIST-CAL-ENTERPRISE,TIER_1_STRATEGIC,223788.0,FULFILLED,,2025-09-10
PO-DIST-1209,2025-08-27,NA-West,DIST-MOUNTAIN-PARTS,TIER_2_REGIONAL,74126.0,FULFILLED,,2025-09-07
PO-DIST-1210,2025-08-29,NA-East,DIST-APEX-EAST,TIER_1_STRATEGIC,365722.0,FULFILLED,,2025-09-14
PO-DIST-1211,2025-08-29,NA-East,DIST-MIDATL-SUPPLY,TIER_1_STRATEGIC,238795.0,FULFILLED,,2025-09-13
PO-DIST-1212,2025-08-29,NA-East,DIST-EMPIRE-IND,TIER_1_STRATEGIC,311720.0,FULFILLED,,2025-09-18
PO-DIST-1213,2025-08-29,NA-East,DIST-TRI-STATE-OPS,TIER_3_LOCAL,140449.0,FULFILLED,,2025-09-15
PO-DIST-1214,2025-08-29,NA-West,DIST-PACIFIC-LOGISTICS,TIER_1_STRATEGIC,407145.0,FULFILLED,,2025-09-16
PO-DIST-1215,2025-08-29,NA-West,DIST-CAL-ENTERPRISE,TIER_1_STRATEGIC,430500.0,FULFILLED,,2025-09-09
PO-DIST-1216,2025-09-01,NA-East,DIST-APEX-EAST,TIER_1_STRATEGIC,440781.0,FULFILLED,,2025-09-20
PO-DIST-1217,2025-09-01,NA-East,DIST-MIDATL-SUPPLY,TIER_1_STRATEGIC,316616.0,FULFILLED,,2025-09-19
PO-DIST-1218,2025-09-01,NA-East,DIST-EMPIRE-IND,TIER_1_STRATEGIC,466056.0,FULFILLED,,2025-09-19
PO-DIST-1219,2025-09-01,NA-East,DIST-SUNBELT-PARTS,TIER_2_REGIONAL,65666.0,FULFILLED,,2025-09-15
PO-DIST-1220,2025-09-01,NA-East,DIST-TRI-STATE-OPS,TIER_3_LOCAL,151070.0,FULFILLED,,2025-09-13
PO-DIST-1221,2025-09-01,NA-Central,DIST-MIDWEST-DIRECT,TIER_1_STRATEGIC,466420.0,FULFILLED,,2025-09-13
PO-DIST-1222,2025-09-01,NA-Central,DIST-GREATLAKES-SUPPLY,TIER_2_REGIONAL,123252.0,FULFILLED,,2025-09-21
PO-DIST-1223,2025-09-01,NA-Central,DIST-TEXAS-COMMERCIAL,TIER_1_STRATEGIC,409062.0,FULFILLED,,2025-09-15
PO-DIST-1224,2025-09-01,NA-West,DIST-PACIFIC-LOGISTICS,TIER_1_STRATEGIC,433666.0,FULFILLED,,2025-09-21
PO-DIST-1225,2025-09-01,NA-West,DIST-CAL-ENTERPRISE,TIER_1_STRATEGIC,413460.0,FULFILLED,,2025-09-11
PO-DIST-1226,2025-09-01,NA-West,DIST-MOUNTAIN-PARTS,TIER_2_REGIONAL,110411.0,FULFILLED,,2025-09-22
PO-DIST-1227,2025-09-03,NA-East,DIST-APEX-EAST,TIER_1_STRATEGIC,314884.0,FULFILLED,,2025-09-13
PO-DIST-1228,2025-09-03,NA-East,DIST-MIDATL-SUPPLY,TIER_1_STRATEGIC,363405.0,FULFILLED,,2025-09-16
PO-DIST-1229,2025-09-03,NA-East,DIST-SUNBELT-PARTS,TIER_2_REGIONAL,140974.0,FULFILLED,,2025-09-13
PO-DIST-1230,2025-09-03,NA-Central,DIST-MIDWEST-DIRECT,TIER_1_STRATEGIC,262370.0,FULFILLED,,2025-09-18
PO-DIST-1231,2025-09-03,NA-Central,DIST-GREATLAKES-SUPPLY,TIER_2_REGIONAL,126320.0,FULFILLED,,2025-09-24
PO-DIST-1232,2025-09-03,NA-Central,DIST-TEXAS-COMMERCIAL,TIER_1_STRATEGIC,332815.0,FULFILLED,,2025-09-22
PO-DIST-1233,2025-09-03,NA-West,DIST-PACIFIC-LOGISTICS,TIER_1_STRATEGIC,431877.0,FULFILLED,,2025-09-22
PO-DIST-1234,2025-09-03,NA-West,DIST-CAL-ENTERPRISE,TIER_1_STRATEGIC,379555.0,FULFILLED,,2025-09-14
PO-DIST-1235,2025-09-03,NA-West,DIST-MOUNTAIN-PARTS,TIER_2_REGIONAL,125093.0,FULFILLED,,2025-09-14
PO-DIST-1236,2025-09-05,NA-East,DIST-APEX-EAST,TIER_1_STRATEGIC,242520.0,FULFILLED,,2025-09-15
PO-DIST-1237,2025-09-05,NA-East,DIST-MIDATL-SUPPLY,TIER_1_STRATEGIC,261109.0,FULFILLED,,2025-09-19
PO-DIST-1238,2025-09-05,NA-East,DIST-EMPIRE-IND,TIER_1_STRATEGIC,265646.0,FULFILLED,,2025-09-19
PO-DIST-1239,2025-09-05,NA-East,DIST-TRI-STATE-OPS,TIER_3_LOCAL,79768.0,FULFILLED,,2025-09-15
PO-DIST-1240,2025-09-05,NA-Central,DIST-MIDWEST-DIRECT,TIER_1_STRATEGIC,248713.0,FULFILLED,,2025-09-22
PO-DIST-1241,2025-09-05,NA-Central,DIST-GREATLAKES-SUPPLY,TIER_2_REGIONAL,101212.0,FULFILLED,,2025-09-25
PO-DIST-1242,2025-09-05,NA-Central,DIST-TEXAS-COMMERCIAL,TIER_1_STRATEGIC,222765.0,FULFILLED,,2025-09-17
PO-DIST-1243,2025-09-05,NA-West,DIST-PACIFIC-LOGISTICS,TIER_1_STRATEGIC,364192.0,FULFILLED,,2025-09-18
PO-DIST-1244,2025-09-05,NA-West,DIST-CAL-ENTERPRISE,TIER_1_STRATEGIC,355458.0,FULFILLED,,2025-09-22
PO-DIST-1245,2025-09-05,NA-West,DIST-MOUNTAIN-PARTS,TIER_2_REGIONAL,73353.0,FULFILLED,,2025-09-18
PO-DIST-1246,2025-09-08,NA-East,DIST-APEX-EAST,TIER_1_STRATEGIC,289701.0,FULFILLED,,2025-09-18
PO-DIST-1247,2025-09-08,NA-East,DIST-MIDATL-SUPPLY,TIER_1_STRATEGIC,284344.0,FULFILLED,,2025-09-21
PO-DIST-1248,2025-09-08,NA-East,DIST-SUNBELT-PARTS,TIER_2_REGIONAL,76421.0,FULFILLED,,2025-09-29
PO-DIST-1249,2025-09-08,NA-Central,DIST-MIDWEST-DIRECT,TIER_1_STRATEGIC,342722.0,FULFILLED,,2025-09-18
PO-DIST-1250,2025-09-08,NA-Central,DIST-GREATLAKES-SUPPLY,TIER_2_REGIONAL,96495.0,FULFILLED,,2025-09-26
PO-DIST-1251,2025-09-08,NA-Central,DIST-TEXAS-COMMERCIAL,TIER_1_STRATEGIC,181796.0,FULFILLED,,2025-09-18
PO-DIST-1252,2025-09-08,NA-West,DIST-PACIFIC-LOGISTICS,TIER_1_STRATEGIC,361575.0,FULFILLED,,2025-09-29
PO-DIST-1253,2025-09-08,NA-West,DIST-CAL-ENTERPRISE,TIER_1_STRATEGIC,426155.0,FULFILLED,,2025-09-21
PO-DIST-1254,2025-09-08,NA-West,DIST-MOUNTAIN-PARTS,TIER_2_REGIONAL,150744.0,FULFILLED,,2025-09-19
PO-DIST-1255,2025-09-10,NA-East,DIST-MIDATL-SUPPLY,TIER_1_STRATEGIC,395589.0,FULFILLED,,2025-09-25
PO-DIST-1256,2025-09-10,NA-East,DIST-EMPIRE-IND,TIER_1_STRATEGIC,235635.0,FULFILLED,,2025-09-26
PO-DIST-1257,2025-09-10,NA-East,DIST-TRI-STATE-OPS,TIER_3_LOCAL,120090.0,FULFILLED,,2025-10-01
PO-DIST-1258,2025-09-10,NA-Central,DIST-MIDWEST-DIRECT,TIER_1_STRATEGIC,350507.0,FULFILLED,,2025-09-24
PO-DIST-1259,2025-09-10,NA-Central,DIST-GREATLAKES-SUPPLY,TIER_2_REGIONAL,68257.0,FULFILLED,,2025-09-23
PO-DIST-1260,2025-09-10,NA-Central,DIST-TEXAS-COMMERCIAL,TIER_1_STRATEGIC,300982.0,FULFILLED,,2025-09-23
PO-DIST-1261,2025-09-10,NA-West,DIST-PACIFIC-LOGISTICS,TIER_1_STRATEGIC,478418.0,FULFILLED,,2025-09-30
PO-DIST-1262,2025-09-10,NA-West,DIST-CAL-ENTERPRISE,TIER_1_STRATEGIC,472511.0,FULFILLED,,2025-09-30
PO-DIST-1263,2025-09-10,NA-West,DIST-MOUNTAIN-PARTS,TIER_2_REGIONAL,72894.0,FULFILLED,,2025-09-21
PO-DIST-1264,2025-09-12,NA-East,DIST-APEX-EAST,TIER_1_STRATEGIC,257788.0,FULFILLED,,2025-09-27
PO-DIST-1265,2025-09-12,NA-East,DIST-MIDATL-SUPPLY,TIER_1_STRATEGIC,230235.0,FULFILLED,,2025-09-29
PO-DIST-1266,2025-09-12,NA-East,DIST-EMPIRE-IND,TIER_1_STRATEGIC,477058.0,FULFILLED,,2025-09-27
PO-DIST-1267,2025-09-12,NA-East,DIST-COASTAL-WHOLESALE,TIER_2_REGIONAL,139903.0,FULFILLED,,2025-09-24
PO-DIST-1268,2025-09-12,NA-East,DIST-SUNBELT-PARTS,TIER_2_REGIONAL,150964.0,FULFILLED,,2025-10-03
PO-DIST-1269,2025-09-12,NA-East,DIST-TRI-STATE-OPS,TIER_3_LOCAL,66604.0,FULFILLED,,2025-10-01
PO-DIST-1270,2025-09-12,NA-Central,DIST-MIDWEST-DIRECT,TIER_1_STRATEGIC,290330.0,FULFILLED,,2025-10-03
PO-DIST-1271,2025-09-12,NA-West,DIST-PACIFIC-LOGISTICS,TIER_1_STRATEGIC,344472.0,FULFILLED,,2025-09-28
PO-DIST-1272,2025-09-12,NA-West,DIST-MOUNTAIN-PARTS,TIER_2_REGIONAL,146377.0,FULFILLED,,2025-09-28
PO-DIST-1273,2025-09-15,NA-East,DIST-APEX-EAST,TIER_1_STRATEGIC,280617.0,FULFILLED,,2025-09-26
PO-DIST-1274,2025-09-15,NA-East,DIST-COASTAL-WHOLESALE,TIER_2_REGIONAL,111525.0,SUBMITTED,,2025-09-29
PO-DIST-1275,2025-09-15,NA-East,DIST-SUNBELT-PARTS,TIER_2_REGIONAL,148703.0,FULFILLED,,2025-09-28
PO-DIST-1276,2025-09-15,NA-Central,DIST-MIDWEST-DIRECT,TIER_1_STRATEGIC,421014.0,FULFILLED,,2025-09-27
PO-DIST-1277,2025-09-15,NA-Central,DIST-TEXAS-COMMERCIAL,TIER_1_STRATEGIC,220614.0,FULFILLED,,2025-09-26
PO-DIST-1278,2025-09-15,NA-West,DIST-PACIFIC-LOGISTICS,TIER_1_STRATEGIC,477757.0,FULFILLED,,2025-09-25
PO-DIST-1279,2025-09-15,NA-West,DIST-CAL-ENTERPRISE,TIER_1_STRATEGIC,342501.0,FULFILLED,,2025-09-25
PO-DIST-1280,2025-09-15,NA-West,DIST-MOUNTAIN-PARTS,TIER_2_REGIONAL,144304.0,FULFILLED,,2025-10-02
PO-DIST-1281,2025-09-17,NA-East,DIST-APEX-EAST,TIER_1_STRATEGIC,449279.0,FULFILLED,,2025-09-30
PO-DIST-1282,2025-09-17,NA-East,DIST-EMPIRE-IND,TIER_1_STRATEGIC,329797.0,FULFILLED,,2025-10-01
PO-DIST-1283,2025-09-17,NA-East,DIST-TRI-STATE-OPS,TIER_3_LOCAL,70452.0,FULFILLED,,2025-10-01
PO-DIST-1284,2025-09-17,NA-Central,DIST-MIDWEST-DIRECT,TIER_1_STRATEGIC,193065.0,FULFILLED,,2025-10-05
PO-DIST-1285,2025-09-17,NA-Central,DIST-TEXAS-COMMERCIAL,TIER_1_STRATEGIC,381092.0,SUBMITTED,,2025-10-03
PO-DIST-1286,2025-09-17,NA-West,DIST-PACIFIC-LOGISTICS,TIER_1_STRATEGIC,364653.0,FULFILLED,,2025-10-04
PO-DIST-1287,2025-09-17,NA-West,DIST-CAL-ENTERPRISE,TIER_1_STRATEGIC,313341.0,FULFILLED,,2025-09-28
PO-DIST-1288,2025-09-19,NA-East,DIST-APEX-EAST,TIER_1_STRATEGIC,207484.0,FULFILLED,,2025-10-04
PO-DIST-1289,2025-09-19,NA-East,DIST-MIDATL-SUPPLY,TIER_1_STRATEGIC,195234.0,FULFILLED,,2025-10-01
PO-DIST-1290,2025-09-19,NA-East,DIST-EMPIRE-IND,TIER_1_STRATEGIC,319556.0,FULFILLED,,2025-09-29
PO-DIST-1291,2025-09-19,NA-East,DIST-COASTAL-WHOLESALE,TIER_2_REGIONAL,102315.0,FULFILLED,,2025-10-07
PO-DIST-1292,2025-09-19,NA-Central,DIST-MIDWEST-DIRECT,TIER_1_STRATEGIC,377413.0,FULFILLED,,2025-10-04
PO-DIST-1293,2025-09-19,NA-Central,DIST-GREATLAKES-SUPPLY,TIER_2_REGIONAL,156759.0,FULFILLED,,2025-10-07
PO-DIST-1294,2025-09-19,NA-Central,DIST-TEXAS-COMMERCIAL,TIER_1_STRATEGIC,263428.0,FULFILLED,,2025-10-04
PO-DIST-1295,2025-09-19,NA-West,DIST-PACIFIC-LOGISTICS,TIER_1_STRATEGIC,439756.0,FULFILLED,,2025-10-01
PO-DIST-1296,2025-09-19,NA-West,DIST-CAL-ENTERPRISE,TIER_1_STRATEGIC,386277.0,FULFILLED,,2025-10-09
PO-DIST-1297,2025-09-19,NA-West,DIST-MOUNTAIN-PARTS,TIER_2_REGIONAL,117194.0,FULFILLED,,2025-10-01
PO-DIST-1298,2025-09-22,NA-East,DIST-APEX-EAST,TIER_1_STRATEGIC,285689.0,FULFILLED,,2025-10-06
PO-DIST-1299,2025-09-22,NA-East,DIST-MIDATL-SUPPLY,TIER_1_STRATEGIC,242818.0,FULFILLED,,2025-10-02
PO-DIST-1300,2025-09-22,NA-East,DIST-EMPIRE-IND,TIER_1_STRATEGIC,282972.0,FULFILLED,,2025-10-06
PO-DIST-1301,2025-09-22,NA-East,DIST-SUNBELT-PARTS,TIER_2_REGIONAL,88176.0,FULFILLED,,2025-10-07
PO-DIST-1302,2025-09-22,NA-Central,DIST-MIDWEST-DIRECT,TIER_1_STRATEGIC,405874.0,FULFILLED,,2025-10-10
PO-DIST-1303,2025-09-22,NA-West,DIST-PACIFIC-LOGISTICS,TIER_1_STRATEGIC,202840.0,FULFILLED,,2025-10-05
PO-DIST-1304,2025-09-22,NA-West,DIST-CAL-ENTERPRISE,TIER_1_STRATEGIC,223097.0,FULFILLED,,2025-10-07
PO-DIST-1305,2025-09-24,NA-East,DIST-APEX-EAST,TIER_1_STRATEGIC,362860.0,FULFILLED,,2025-10-12
PO-DIST-1306,2025-09-24,NA-East,DIST-MIDATL-SUPPLY,TIER_1_STRATEGIC,209886.0,FULFILLED,,2025-10-08
PO-DIST-1307,2025-09-24,NA-East,DIST-EMPIRE-IND,TIER_1_STRATEGIC,417644.0,FULFILLED,,2025-10-13
PO-DIST-1308,2025-09-24,NA-East,DIST-COASTAL-WHOLESALE,TIER_2_REGIONAL,134044.0,FULFILLED,,2025-10-14
PO-DIST-1309,2025-09-24,NA-East,DIST-SUNBELT-PARTS,TIER_2_REGIONAL,149592.0,FULFILLED,,2025-10-09
PO-DIST-1310,2025-09-24,NA-East,DIST-TRI-STATE-OPS,TIER_3_LOCAL,133859.0,FULFILLED,,2025-10-04
PO-DIST-1311,2025-09-24,NA-Central,DIST-MIDWEST-DIRECT,TIER_1_STRATEGIC,379744.0,FULFILLED,,2025-10-10
PO-DIST-1312,2025-09-24,NA-Central,DIST-TEXAS-COMMERCIAL,TIER_1_STRATEGIC,244951.0,FULFILLED,,2025-10-06
PO-DIST-1313,2025-09-24,NA-West,DIST-PACIFIC-LOGISTICS,TIER_1_STRATEGIC,409049.0,FULFILLED,,2025-10-04
PO-DIST-1314,2025-09-24,NA-West,DIST-CAL-ENTERPRISE,TIER_1_STRATEGIC,320091.0,FULFILLED,,2025-10-09
PO-DIST-1315,2025-09-24,NA-West,DIST-MOUNTAIN-PARTS,TIER_2_REGIONAL,104387.0,FULFILLED,,2025-10-15
PO-DIST-1316,2025-09-26,NA-East,DIST-APEX-EAST,TIER_1_STRATEGIC,381535.0,FULFILLED,,2025-10-13
PO-DIST-1317,2025-09-26,NA-East,DIST-MIDATL-SUPPLY,TIER_1_STRATEGIC,423389.0,FULFILLED,,2025-10-15
PO-DIST-1318,2025-09-26,NA-East,DIST-EMPIRE-IND,TIER_1_STRATEGIC,281062.0,FULFILLED,,2025-10-10
PO-DIST-1319,2025-09-26,NA-East,DIST-SUNBELT-PARTS,TIER_2_REGIONAL,119957.0,FULFILLED,,2025-10-14
PO-DIST-1320,2025-09-26,NA-Central,DIST-MIDWEST-DIRECT,TIER_1_STRATEGIC,279221.0,FULFILLED,,2025-10-10
PO-DIST-1321,2025-09-26,NA-Central,DIST-GREATLAKES-SUPPLY,TIER_2_REGIONAL,65233.0,FULFILLED,,2025-10-08
PO-DIST-1322,2025-09-26,NA-Central,DIST-TEXAS-COMMERCIAL,TIER_1_STRATEGIC,403589.0,FULFILLED,,2025-10-10
PO-DIST-1323,2025-09-26,NA-West,DIST-PACIFIC-LOGISTICS,TIER_1_STRATEGIC,303629.0,FULFILLED,,2025-10-12
PO-DIST-1324,2025-09-26,NA-West,DIST-CAL-ENTERPRISE,TIER_1_STRATEGIC,410823.0,FULFILLED,,2025-10-15
PO-DIST-1325,2025-09-29,NA-East,DIST-APEX-EAST,TIER_1_STRATEGIC,310538.0,FULFILLED,,2025-10-09
PO-DIST-1326,2025-09-29,NA-East,DIST-EMPIRE-IND,TIER_1_STRATEGIC,180382.0,FULFILLED,,2025-10-13
PO-DIST-1327,2025-09-29,NA-East,DIST-COASTAL-WHOLESALE,TIER_2_REGIONAL,74766.0,FULFILLED,,2025-10-11
PO-DIST-1328,2025-09-29,NA-East,DIST-SUNBELT-PARTS,TIER_2_REGIONAL,133186.0,FULFILLED,,2025-10-19
PO-DIST-1329,2025-09-29,NA-East,DIST-TRI-STATE-OPS,TIER_3_LOCAL,121393.0,FULFILLED,,2025-10-17
PO-DIST-1330,2025-09-29,NA-Central,DIST-MIDWEST-DIRECT,TIER_1_STRATEGIC,421708.0,FULFILLED,,2025-10-18
PO-DIST-1331,2025-09-29,NA-Central,DIST-TEXAS-COMMERCIAL,TIER_1_STRATEGIC,182674.0,FULFILLED,,2025-10-16
PO-DIST-1332,2025-09-29,NA-West,DIST-PACIFIC-LOGISTICS,TIER_1_STRATEGIC,358615.0,FULFILLED,,2025-10-17
PO-DIST-1333,2025-09-29,NA-West,DIST-CAL-ENTERPRISE,TIER_1_STRATEGIC,452811.0,FULFILLED,,2025-10-09
PO-DIST-1334,2025-09-29,NA-West,DIST-MOUNTAIN-PARTS,TIER_2_REGIONAL,149980.0,SUBMITTED,,2025-10-11
PO-DIST-1335,2025-10-01,NA-East,DIST-APEX-EAST,TIER_1_STRATEGIC,310783.0,FULFILLED,,2025-10-17
PO-DIST-1336,2025-10-01,NA-East,DIST-MIDATL-SUPPLY,TIER_1_STRATEGIC,324996.0,FULFILLED,,2025-10-20
PO-DIST-1337,2025-10-01,NA-East,DIST-EMPIRE-IND,TIER_1_STRATEGIC,330704.0,FULFILLED,,2025-10-11
PO-DIST-1338,2025-10-01,NA-Central,DIST-MIDWEST-DIRECT,TIER_1_STRATEGIC,184658.0,FULFILLED,,2025-10-11
PO-DIST-1339,2025-10-01,NA-Central,DIST-GREATLAKES-SUPPLY,TIER_2_REGIONAL,109745.0,FULFILLED,,2025-10-19
PO-DIST-1340,2025-10-01,NA-Central,DIST-TEXAS-COMMERCIAL,TIER_1_STRATEGIC,198963.0,FULFILLED,,2025-10-14
PO-DIST-1341,2025-10-01,NA-West,DIST-PACIFIC-LOGISTICS,TIER_1_STRATEGIC,327000.0,FULFILLED,,2025-10-14
PO-DIST-1342,2025-10-01,NA-West,DIST-CAL-ENTERPRISE,TIER_1_STRATEGIC,360054.0,FULFILLED,,2025-10-12
PO-DIST-1343,2025-10-01,NA-West,DIST-MOUNTAIN-PARTS,TIER_2_REGIONAL,68251.0,FULFILLED,,2025-10-21
PO-DIST-1344,2025-10-03,NA-East,DIST-MIDATL-SUPPLY,TIER_1_STRATEGIC,273464.0,FULFILLED,,2025-10-19
PO-DIST-1345,2025-10-03,NA-East,DIST-COASTAL-WHOLESALE,TIER_2_REGIONAL,102066.0,FULFILLED,,2025-10-13
PO-DIST-1346,2025-10-03,NA-East,DIST-SUNBELT-PARTS,TIER_2_REGIONAL,63316.0,FULFILLED,,2025-10-20
PO-DIST-1347,2025-10-03,NA-Central,DIST-MIDWEST-DIRECT,TIER_1_STRATEGIC,198070.0,FULFILLED,,2025-10-22
PO-DIST-1348,2025-10-03,NA-Central,DIST-TEXAS-COMMERCIAL,TIER_1_STRATEGIC,437630.0,FULFILLED,,2025-10-22
PO-DIST-1349,2025-10-03,NA-West,DIST-PACIFIC-LOGISTICS,TIER_1_STRATEGIC,256793.0,FULFILLED,,2025-10-21
PO-DIST-1350,2025-10-03,NA-West,DIST-CAL-ENTERPRISE,TIER_1_STRATEGIC,267304.0,FULFILLED,,2025-10-18
PO-DIST-1351,2025-10-06,NA-East,DIST-APEX-EAST,TIER_1_STRATEGIC,412307.0,FULFILLED,,2025-10-22
PO-DIST-1352,2025-10-06,NA-East,DIST-EMPIRE-IND,TIER_1_STRATEGIC,349292.0,FULFILLED,,2025-10-21
PO-DIST-1353,2025-10-06,NA-East,DIST-SUNBELT-PARTS,TIER_2_REGIONAL,80213.0,FULFILLED,,2025-10-20
PO-DIST-1354,2025-10-06,NA-East,DIST-TRI-STATE-OPS,TIER_3_LOCAL,112717.0,FULFILLED,,2025-10-21
PO-DIST-1355,2025-10-06,NA-Central,DIST-MIDWEST-DIRECT,TIER_1_STRATEGIC,340565.0,FULFILLED,,2025-10-20
PO-DIST-1356,2025-10-06,NA-Central,DIST-GREATLAKES-SUPPLY,TIER_2_REGIONAL,130885.0,FULFILLED,,2025-10-19
PO-DIST-1357,2025-10-06,NA-Central,DIST-TEXAS-COMMERCIAL,TIER_1_STRATEGIC,315786.0,FULFILLED,,2025-10-25
PO-DIST-1358,2025-10-06,NA-West,DIST-PACIFIC-LOGISTICS,TIER_1_STRATEGIC,312342.0,FULFILLED,,2025-10-19
PO-DIST-1359,2025-10-06,NA-West,DIST-CAL-ENTERPRISE,TIER_1_STRATEGIC,280659.0,FULFILLED,,2025-10-24
PO-DIST-1360,2025-10-06,NA-West,DIST-MOUNTAIN-PARTS,TIER_2_REGIONAL,112394.0,FULFILLED,,2025-10-20
PO-DIST-1361,2025-10-08,NA-East,DIST-APEX-EAST,TIER_1_STRATEGIC,305967.0,SUBMITTED,,2025-10-27
PO-DIST-1362,2025-10-08,NA-East,DIST-MIDATL-SUPPLY,TIER_1_STRATEGIC,327347.0,FULFILLED,,2025-10-23
PO-DIST-1363,2025-10-08,NA-East,DIST-EMPIRE-IND,TIER_1_STRATEGIC,273551.0,FULFILLED,,2025-10-21
PO-DIST-1364,2025-10-08,NA-East,DIST-COASTAL-WHOLESALE,TIER_2_REGIONAL,151108.0,FULFILLED,,2025-10-22
PO-DIST-1365,2025-10-08,NA-Central,DIST-MIDWEST-DIRECT,TIER_1_STRATEGIC,419563.0,FULFILLED,,2025-10-18
PO-DIST-1366,2025-10-08,NA-Central,DIST-GREATLAKES-SUPPLY,TIER_2_REGIONAL,61272.0,FULFILLED,,2025-10-19
PO-DIST-1367,2025-10-08,NA-West,DIST-CAL-ENTERPRISE,TIER_1_STRATEGIC,460614.0,FULFILLED,,2025-10-27
PO-DIST-1368,2025-10-08,NA-West,DIST-MOUNTAIN-PARTS,TIER_2_REGIONAL,134919.0,FULFILLED,,2025-10-25
PO-DIST-1369,2025-10-10,NA-East,DIST-APEX-EAST,TIER_1_STRATEGIC,446494.0,FULFILLED,,2025-10-26
PO-DIST-1370,2025-10-10,NA-East,DIST-MIDATL-SUPPLY,TIER_1_STRATEGIC,465893.0,FULFILLED,,2025-10-21
PO-DIST-1371,2025-10-10,NA-East,DIST-EMPIRE-IND,TIER_1_STRATEGIC,268046.0,FULFILLED,,2025-10-23
PO-DIST-1372,2025-10-10,NA-East,DIST-TRI-STATE-OPS,TIER_3_LOCAL,76561.0,FULFILLED,,2025-10-23
PO-DIST-1373,2025-10-10,NA-Central,DIST-MIDWEST-DIRECT,TIER_1_STRATEGIC,239955.0,FULFILLED,,2025-10-22
PO-DIST-1374,2025-10-10,NA-Central,DIST-TEXAS-COMMERCIAL,TIER_1_STRATEGIC,318373.0,FULFILLED,,2025-10-24
PO-DIST-1375,2025-10-10,NA-West,DIST-PACIFIC-LOGISTICS,TIER_1_STRATEGIC,477188.0,FULFILLED,,2025-10-24
PO-DIST-1376,2025-10-10,NA-West,DIST-CAL-ENTERPRISE,TIER_1_STRATEGIC,444972.0,FULFILLED,,2025-10-22
PO-DIST-1377,2025-10-10,NA-West,DIST-MOUNTAIN-PARTS,TIER_2_REGIONAL,139665.0,FULFILLED,,2025-10-27
PO-DIST-1378,2025-10-13,NA-East,DIST-APEX-EAST,TIER_1_STRATEGIC,219079.0,FULFILLED,,2025-10-23
PO-DIST-1379,2025-10-13,NA-East,DIST-MIDATL-SUPPLY,TIER_1_STRATEGIC,414085.0,FULFILLED,,2025-10-24
PO-DIST-1380,2025-10-13,NA-East,DIST-EMPIRE-IND,TIER_1_STRATEGIC,242145.0,FULFILLED,,2025-10-31
PO-DIST-1381,2025-10-13,NA-East,DIST-SUNBELT-PARTS,TIER_2_REGIONAL,151741.0,FULFILLED,,2025-11-01
PO-DIST-1382,2025-10-13,NA-Central,DIST-MIDWEST-DIRECT,TIER_1_STRATEGIC,449126.0,FULFILLED,,2025-10-27
PO-DIST-1383,2025-10-13,NA-Central,DIST-GREATLAKES-SUPPLY,TIER_2_REGIONAL,74129.0,FULFILLED,,2025-10-31
PO-DIST-1384,2025-10-13,NA-Central,DIST-TEXAS-COMMERCIAL,TIER_1_STRATEGIC,284848.0,FULFILLED,,2025-10-23
PO-DIST-1385,2025-10-13,NA-West,DIST-PACIFIC-LOGISTICS,TIER_1_STRATEGIC,431597.0,FULFILLED,,2025-10-28
PO-DIST-1386,2025-10-13,NA-West,DIST-CAL-ENTERPRISE,TIER_1_STRATEGIC,408626.0,FULFILLED,,2025-10-28
PO-DIST-1387,2025-10-15,NA-East,DIST-APEX-EAST,TIER_1_STRATEGIC,378729.0,FULFILLED,,2025-11-04
PO-DIST-1388,2025-10-15,NA-East,DIST-MIDATL-SUPPLY,TIER_1_STRATEGIC,238464.0,SUBMITTED,,2025-11-03
PO-DIST-1389,2025-10-15,NA-East,DIST-COASTAL-WHOLESALE,TIER_2_REGIONAL,81098.0,FULFILLED,,2025-11-01
PO-DIST-1390,2025-10-15,NA-Central,DIST-MIDWEST-DIRECT,TIER_1_STRATEGIC,301622.0,FULFILLED,,2025-11-05
PO-DIST-1391,2025-10-15,NA-Central,DIST-TEXAS-COMMERCIAL,TIER_1_STRATEGIC,272970.0,FULFILLED,,2025-10-29
PO-DIST-1392,2025-10-15,NA-West,DIST-PACIFIC-LOGISTICS,TIER_1_STRATEGIC,249025.0,FULFILLED,,2025-11-02
PO-DIST-1393,2025-10-15,NA-West,DIST-CAL-ENTERPRISE,TIER_1_STRATEGIC,210775.0,FULFILLED,,2025-11-02
PO-DIST-1394,2025-10-17,NA-East,DIST-APEX-EAST,TIER_1_STRATEGIC,197476.0,FULFILLED,,2025-10-31
PO-DIST-1395,2025-10-17,NA-East,DIST-MIDATL-SUPPLY,TIER_1_STRATEGIC,378734.0,FULFILLED,,2025-10-27
PO-DIST-1396,2025-10-17,NA-East,DIST-EMPIRE-IND,TIER_1_STRATEGIC,434397.0,FULFILLED,,2025-11-01
PO-DIST-1397,2025-10-17,NA-East,DIST-SUNBELT-PARTS,TIER_2_REGIONAL,70938.0,SUBMITTED,,2025-11-06
PO-DIST-1398,2025-10-17,NA-East,DIST-TRI-STATE-OPS,TIER_3_LOCAL,105010.0,FULFILLED,,2025-10-29
PO-DIST-1399,2025-10-17,NA-Central,DIST-MIDWEST-DIRECT,TIER_1_STRATEGIC,256534.0,FULFILLED,,2025-11-03
PO-DIST-1400,2025-10-17,NA-Central,DIST-GREATLAKES-SUPPLY,TIER_2_REGIONAL,75483.0,FULFILLED,,2025-11-05
PO-DIST-1401,2025-10-17,NA-Central,DIST-TEXAS-COMMERCIAL,TIER_1_STRATEGIC,364989.0,FULFILLED,,2025-10-31
PO-DIST-1402,2025-10-17,NA-West,DIST-PACIFIC-LOGISTICS,TIER_1_STRATEGIC,315679.0,FULFILLED,,2025-11-07
PO-DIST-1403,2025-10-17,NA-West,DIST-CAL-ENTERPRISE,TIER_1_STRATEGIC,273253.0,FULFILLED,,2025-11-05
PO-DIST-1404,2025-10-17,NA-West,DIST-MOUNTAIN-PARTS,TIER_2_REGIONAL,137160.0,FULFILLED,,2025-11-05
PO-DIST-1405,2025-10-20,NA-East,DIST-APEX-EAST,TIER_1_STRATEGIC,252025.0,FULFILLED,,2025-10-30
PO-DIST-1406,2025-10-20,NA-East,DIST-MIDATL-SUPPLY,TIER_1_STRATEGIC,317310.0,FULFILLED,,2025-11-08
PO-DIST-1407,2025-10-20,NA-East,DIST-EMPIRE-IND,TIER_1_STRATEGIC,264770.0,FULFILLED,,2025-11-02
PO-DIST-1408,2025-10-20,NA-East,DIST-COASTAL-WHOLESALE,TIER_2_REGIONAL,60056.0,FULFILLED,,2025-11-09
PO-DIST-1409,2025-10-20,NA-East,DIST-SUNBELT-PARTS,TIER_2_REGIONAL,87161.0,FULFILLED,,2025-11-01
PO-DIST-1410,2025-10-20,NA-Central,DIST-MIDWEST-DIRECT,TIER_1_STRATEGIC,477044.0,FULFILLED,,2025-11-03
PO-DIST-1411,2025-10-20,NA-Central,DIST-GREATLAKES-SUPPLY,TIER_2_REGIONAL,60261.0,FULFILLED,,2025-11-09
PO-DIST-1412,2025-10-20,NA-Central,DIST-TEXAS-COMMERCIAL,TIER_1_STRATEGIC,350697.0,FULFILLED,,2025-11-06
PO-DIST-1413,2025-10-20,NA-West,DIST-PACIFIC-LOGISTICS,TIER_1_STRATEGIC,309842.0,FULFILLED,,2025-11-04
PO-DIST-1414,2025-10-20,NA-West,DIST-CAL-ENTERPRISE,TIER_1_STRATEGIC,221962.0,FULFILLED,,2025-11-02
PO-DIST-1415,2025-10-22,NA-East,DIST-APEX-EAST,TIER_1_STRATEGIC,372401.0,FULFILLED,,2025-11-10
PO-DIST-1416,2025-10-22,NA-East,DIST-MIDATL-SUPPLY,TIER_1_STRATEGIC,377201.0,FULFILLED,,2025-11-07
PO-DIST-1417,2025-10-22,NA-East,DIST-EMPIRE-IND,TIER_1_STRATEGIC,215197.0,FULFILLED,,2025-11-10
PO-DIST-1418,2025-10-22,NA-East,DIST-COASTAL-WHOLESALE,TIER_2_REGIONAL,112153.0,FULFILLED,,2025-11-04
PO-DIST-1419,2025-10-22,NA-East,DIST-TRI-STATE-OPS,TIER_3_LOCAL,126980.0,FULFILLED,,2025-11-09
PO-DIST-1420,2025-10-22,NA-Central,DIST-MIDWEST-DIRECT,TIER_1_STRATEGIC,365284.0,FULFILLED,,2025-11-09
PO-DIST-1421,2025-10-22,NA-Central,DIST-TEXAS-COMMERCIAL,TIER_1_STRATEGIC,279346.0,FULFILLED,,2025-11-05
PO-DIST-1422,2025-10-22,NA-West,DIST-PACIFIC-LOGISTICS,TIER_1_STRATEGIC,342727.0,FULFILLED,,2025-11-03
PO-DIST-1423,2025-10-22,NA-West,DIST-CAL-ENTERPRISE,TIER_1_STRATEGIC,231449.0,FULFILLED,,2025-11-08
PO-DIST-1424,2025-10-24,NA-East,DIST-APEX-EAST,TIER_1_STRATEGIC,320401.0,FULFILLED,,2025-11-14
PO-DIST-1425,2025-10-24,NA-East,DIST-MIDATL-SUPPLY,TIER_1_STRATEGIC,251526.0,FULFILLED,,2025-11-05
PO-DIST-1426,2025-10-24,NA-East,DIST-COASTAL-WHOLESALE,TIER_2_REGIONAL,61964.0,FULFILLED,,2025-11-07
PO-DIST-1427,2025-10-24,NA-Central,DIST-MIDWEST-DIRECT,TIER_1_STRATEGIC,229669.0,FULFILLED,,2025-11-08
PO-DIST-1428,2025-10-24,NA-Central,DIST-TEXAS-COMMERCIAL,TIER_1_STRATEGIC,429471.0,FULFILLED,,2025-11-13
PO-DIST-1429,2025-10-24,NA-West,DIST-PACIFIC-LOGISTICS,TIER_1_STRATEGIC,382660.0,FULFILLED,,2025-11-13
PO-DIST-1430,2025-10-24,NA-West,DIST-CAL-ENTERPRISE,TIER_1_STRATEGIC,254994.0,FULFILLED,,2025-11-07
PO-DIST-1431,2025-10-24,NA-West,DIST-MOUNTAIN-PARTS,TIER_2_REGIONAL,88750.0,FULFILLED,,2025-11-12
PO-DIST-1432,2025-10-27,NA-East,DIST-APEX-EAST,TIER_1_STRATEGIC,326920.0,FULFILLED,,2025-11-08
PO-DIST-1433,2025-10-27,NA-East,DIST-COASTAL-WHOLESALE,TIER_2_REGIONAL,113367.0,FULFILLED,,2025-11-09
PO-DIST-1434,2025-10-27,NA-Central,DIST-MIDWEST-DIRECT,TIER_1_STRATEGIC,200220.0,FULFILLED,,2025-11-06
PO-DIST-1435,2025-10-27,NA-Central,DIST-GREATLAKES-SUPPLY,TIER_2_REGIONAL,130470.0,FULFILLED,,2025-11-07
PO-DIST-1436,2025-10-27,NA-Central,DIST-TEXAS-COMMERCIAL,TIER_1_STRATEGIC,373866.0,FULFILLED,,2025-11-08
PO-DIST-1437,2025-10-27,NA-West,DIST-PACIFIC-LOGISTICS,TIER_1_STRATEGIC,439121.0,FULFILLED,,2025-11-13
PO-DIST-1438,2025-10-27,NA-West,DIST-CAL-ENTERPRISE,TIER_1_STRATEGIC,329798.0,FULFILLED,,2025-11-11
PO-DIST-1439,2025-10-27,NA-West,DIST-MOUNTAIN-PARTS,TIER_2_REGIONAL,159410.0,FULFILLED,,2025-11-10
PO-DIST-1440,2025-10-29,NA-East,DIST-APEX-EAST,TIER_1_STRATEGIC,321106.0,FULFILLED,,2025-11-15
PO-DIST-1441,2025-10-29,NA-East,DIST-MIDATL-SUPPLY,TIER_1_STRATEGIC,329212.0,FULFILLED,,2025-11-09
PO-DIST-1442,2025-10-29,NA-East,DIST-EMPIRE-IND,TIER_1_STRATEGIC,420040.0,FULFILLED,,2025-11-17
PO-DIST-1443,2025-10-29,NA-Central,DIST-MIDWEST-DIRECT,TIER_1_STRATEGIC,397536.0,FULFILLED,,2025-11-09
PO-DIST-1444,2025-10-29,NA-Central,DIST-GREATLAKES-SUPPLY,TIER_2_REGIONAL,123993.0,FULFILLED,,2025-11-13
PO-DIST-1445,2025-10-29,NA-Central,DIST-TEXAS-COMMERCIAL,TIER_1_STRATEGIC,312094.0,FULFILLED,,2025-11-17
PO-DIST-1446,2025-10-29,NA-West,DIST-PACIFIC-LOGISTICS,TIER_1_STRATEGIC,189556.0,FULFILLED,,2025-11-17
PO-DIST-1447,2025-10-29,NA-West,DIST-CAL-ENTERPRISE,TIER_1_STRATEGIC,301768.0,FULFILLED,,2025-11-09
PO-DIST-1448,2025-10-29,NA-West,DIST-MOUNTAIN-PARTS,TIER_2_REGIONAL,86296.0,FULFILLED,,2025-11-13
PO-DIST-1449,2025-10-31,NA-East,DIST-APEX-EAST,TIER_1_STRATEGIC,395337.0,FULFILLED,,2025-11-17
PO-DIST-1450,2025-10-31,NA-East,DIST-EMPIRE-IND,TIER_1_STRATEGIC,316426.0,FULFILLED,,2025-11-13
PO-DIST-1451,2025-10-31,NA-East,DIST-COASTAL-WHOLESALE,TIER_2_REGIONAL,115785.0,FULFILLED,,2025-11-17
PO-DIST-1452,2025-10-31,NA-East,DIST-SUNBELT-PARTS,TIER_2_REGIONAL,74687.0,FULFILLED,,2025-11-16
PO-DIST-1453,2025-10-31,NA-Central,DIST-MIDWEST-DIRECT,TIER_1_STRATEGIC,468875.0,FULFILLED,,2025-11-16
PO-DIST-1454,2025-10-31,NA-Central,DIST-GREATLAKES-SUPPLY,TIER_2_REGIONAL,131673.0,SUBMITTED,,2025-11-15
PO-DIST-1455,2025-10-31,NA-West,DIST-CAL-ENTERPRISE,TIER_1_STRATEGIC,245011.0,FULFILLED,,2025-11-15
PO-DIST-1456,2025-10-31,NA-West,DIST-MOUNTAIN-PARTS,TIER_2_REGIONAL,92046.0,FULFILLED,,2025-11-19
PO-DIST-1457,2025-11-03,NA-East,DIST-APEX-EAST,TIER_1_STRATEGIC,406072.0,FULFILLED,,2025-11-13
PO-DIST-1458,2025-11-03,NA-East,DIST-MIDATL-SUPPLY,TIER_1_STRATEGIC,206768.0,FULFILLED,,2025-11-20
PO-DIST-1459,2025-11-03,NA-East,DIST-EMPIRE-IND,TIER_1_STRATEGIC,245960.0,FULFILLED,,2025-11-22
PO-DIST-1460,2025-11-03,NA-East,DIST-COASTAL-WHOLESALE,TIER_2_REGIONAL,150400.0,FULFILLED,,2025-11-19
PO-DIST-1461,2025-11-03,NA-East,DIST-TRI-STATE-OPS,TIER_3_LOCAL,93882.0,FULFILLED,,2025-11-15
PO-DIST-1462,2025-11-03,NA-Central,DIST-MIDWEST-DIRECT,TIER_1_STRATEGIC,396148.0,FULFILLED,,2025-11-18
PO-DIST-1463,2025-11-03,NA-West,DIST-PACIFIC-LOGISTICS,TIER_1_STRATEGIC,256084.0,FULFILLED,,2025-11-24
PO-DIST-1464,2025-11-03,NA-West,DIST-CAL-ENTERPRISE,TIER_1_STRATEGIC,271187.0,FULFILLED,,2025-11-19
PO-DIST-1465,2025-11-05,NA-East,DIST-APEX-EAST,TIER_1_STRATEGIC,392016.0,FULFILLED,,2025-11-15
PO-DIST-1466,2025-11-05,NA-East,DIST-EMPIRE-IND,TIER_1_STRATEGIC,367113.0,FULFILLED,,2025-11-17
PO-DIST-1467,2025-11-05,NA-East,DIST-COASTAL-WHOLESALE,TIER_2_REGIONAL,73802.0,FULFILLED,,2025-11-22
PO-DIST-1468,2025-11-05,NA-Central,DIST-MIDWEST-DIRECT,TIER_1_STRATEGIC,187983.0,FULFILLED,,2025-11-23
PO-DIST-1469,2025-11-05,NA-Central,DIST-TEXAS-COMMERCIAL,TIER_1_STRATEGIC,431732.0,FULFILLED,,2025-11-20
PO-DIST-1470,2025-11-05,NA-West,DIST-CAL-ENTERPRISE,TIER_1_STRATEGIC,309399.0,FULFILLED,,2025-11-16
PO-DIST-1471,2025-11-07,NA-East,DIST-APEX-EAST,TIER_1_STRATEGIC,235305.0,FULFILLED,,2025-11-26
PO-DIST-1472,2025-11-07,NA-East,DIST-MIDATL-SUPPLY,TIER_1_STRATEGIC,232806.0,SUBMITTED,,2025-11-28
PO-DIST-1473,2025-11-07,NA-East,DIST-EMPIRE-IND,TIER_1_STRATEGIC,277812.0,FULFILLED,,2025-11-27
PO-DIST-1474,2025-11-07,NA-East,DIST-TRI-STATE-OPS,TIER_3_LOCAL,144242.0,FULFILLED,,2025-11-26
PO-DIST-1475,2025-11-07,NA-Central,DIST-MIDWEST-DIRECT,TIER_1_STRATEGIC,202250.0,FULFILLED,,2025-11-22
PO-DIST-1476,2025-11-07,NA-Central,DIST-GREATLAKES-SUPPLY,TIER_2_REGIONAL,90379.0,FULFILLED,,2025-11-17
PO-DIST-1477,2025-11-07,NA-Central,DIST-TEXAS-COMMERCIAL,TIER_1_STRATEGIC,235984.0,FULFILLED,,2025-11-26
PO-DIST-1478,2025-11-07,NA-West,DIST-PACIFIC-LOGISTICS,TIER_1_STRATEGIC,358365.0,SUBMITTED,,2025-11-25
PO-DIST-1479,2025-11-07,NA-West,DIST-CAL-ENTERPRISE,TIER_1_STRATEGIC,397242.0,FULFILLED,,2025-11-24
PO-DIST-1480,2025-11-10,NA-East,DIST-MIDATL-SUPPLY,TIER_1_STRATEGIC,340283.0,FULFILLED,,2025-11-21
PO-DIST-1481,2025-11-10,NA-East,DIST-EMPIRE-IND,TIER_1_STRATEGIC,406979.0,FULFILLED,,2025-12-01
PO-DIST-1482,2025-11-10,NA-East,DIST-SUNBELT-PARTS,TIER_2_REGIONAL,62827.0,FULFILLED,,2025-11-27
PO-DIST-1483,2025-11-10,NA-Central,DIST-MIDWEST-DIRECT,TIER_1_STRATEGIC,241541.0,FULFILLED,,2025-12-01
PO-DIST-1484,2025-11-10,NA-Central,DIST-GREATLAKES-SUPPLY,TIER_2_REGIONAL,71031.0,FULFILLED,,2025-11-20
PO-DIST-1485,2025-11-10,NA-Central,DIST-TEXAS-COMMERCIAL,TIER_1_STRATEGIC,447340.0,FULFILLED,,2025-11-25
PO-DIST-1486,2025-11-10,NA-West,DIST-PACIFIC-LOGISTICS,TIER_1_STRATEGIC,232726.0,FULFILLED,,2025-11-23
PO-DIST-1487,2025-11-10,NA-West,DIST-CAL-ENTERPRISE,TIER_1_STRATEGIC,354517.0,FULFILLED,,2025-11-28
PO-DIST-1488,2025-11-12,NA-East,DIST-APEX-EAST,TIER_1_STRATEGIC,342675.0,FULFILLED,,2025-11-23
PO-DIST-1489,2025-11-12,NA-East,DIST-MIDATL-SUPPLY,TIER_1_STRATEGIC,382698.0,FULFILLED,,2025-11-29
PO-DIST-1490,2025-11-12,NA-East,DIST-TRI-STATE-OPS,TIER_3_LOCAL,142455.0,FULFILLED,,2025-12-01
PO-DIST-1491,2025-11-12,NA-Central,DIST-MIDWEST-DIRECT,TIER_1_STRATEGIC,249292.0,FULFILLED,,2025-11-22
PO-DIST-1492,2025-11-12,NA-Central,DIST-GREATLAKES-SUPPLY,TIER_2_REGIONAL,109211.0,FULFILLED,,2025-11-23
PO-DIST-1493,2025-11-12,NA-West,DIST-PACIFIC-LOGISTICS,TIER_1_STRATEGIC,361645.0,FULFILLED,,2025-11-26
PO-DIST-1494,2025-11-12,NA-West,DIST-CAL-ENTERPRISE,TIER_1_STRATEGIC,320416.0,FULFILLED,,2025-11-26
PO-DIST-1495,2025-11-14,NA-East,DIST-APEX-EAST,TIER_1_STRATEGIC,325226.0,FULFILLED,,2025-12-01
PO-DIST-1496,2025-11-14,NA-East,DIST-MIDATL-SUPPLY,TIER_1_STRATEGIC,235438.0,FULFILLED,,2025-12-04
PO-DIST-1497,2025-11-14,NA-East,DIST-EMPIRE-IND,TIER_1_STRATEGIC,360021.0,FULFILLED,,2025-11-28
PO-DIST-1498,2025-11-14,NA-East,DIST-COASTAL-WHOLESALE,TIER_2_REGIONAL,142216.0,FULFILLED,,2025-12-02
PO-DIST-1499,2025-11-14,NA-Central,DIST-MIDWEST-DIRECT,TIER_1_STRATEGIC,354521.0,FULFILLED,,2025-11-29
PO-DIST-1500,2025-11-14,NA-Central,DIST-GREATLAKES-SUPPLY,TIER_2_REGIONAL,67917.0,FULFILLED,,2025-11-27
PO-DIST-1501,2025-11-14,NA-Central,DIST-TEXAS-COMMERCIAL,TIER_1_STRATEGIC,195523.0,FULFILLED,,2025-11-28
PO-DIST-1502,2025-11-14,NA-West,DIST-PACIFIC-LOGISTICS,TIER_1_STRATEGIC,380297.0,FULFILLED,,2025-11-28
PO-DIST-1503,2025-11-14,NA-West,DIST-CAL-ENTERPRISE,TIER_1_STRATEGIC,315641.0,FULFILLED,,2025-11-24
PO-DIST-1504,2025-11-14,NA-West,DIST-MOUNTAIN-PARTS,TIER_2_REGIONAL,159683.0,FULFILLED,,2025-12-04
PO-DIST-1505,2025-11-17,NA-East,DIST-APEX-EAST,TIER_1_STRATEGIC,276232.0,FULFILLED,,2025-12-05
PO-DIST-1506,2025-11-17,NA-East,DIST-MIDATL-SUPPLY,TIER_1_STRATEGIC,251801.0,FULFILLED,,2025-12-02
PO-DIST-1507,2025-11-17,NA-East,DIST-EMPIRE-IND,TIER_1_STRATEGIC,360724.0,FULFILLED,,2025-11-30
PO-DIST-1508,2025-11-17,NA-Central,DIST-GREATLAKES-SUPPLY,TIER_2_REGIONAL,154286.0,FULFILLED,,2025-12-05
PO-DIST-1509,2025-11-17,NA-Central,DIST-TEXAS-COMMERCIAL,TIER_1_STRATEGIC,218064.0,FULFILLED,,2025-11-30
PO-DIST-1510,2025-11-17,NA-West,DIST-PACIFIC-LOGISTICS,TIER_1_STRATEGIC,266961.0,FULFILLED,,2025-12-05
PO-DIST-1511,2025-11-17,NA-West,DIST-CAL-ENTERPRISE,TIER_1_STRATEGIC,227876.0,FULFILLED,,2025-12-05
PO-DIST-1512,2025-11-19,NA-East,DIST-APEX-EAST,TIER_1_STRATEGIC,475509.0,FULFILLED,,2025-11-29
PO-DIST-1513,2025-11-19,NA-East,DIST-MIDATL-SUPPLY,TIER_1_STRATEGIC,230241.0,SUBMITTED,,2025-12-03
PO-DIST-1514,2025-11-19,NA-East,DIST-EMPIRE-IND,TIER_1_STRATEGIC,309927.0,FULFILLED,,2025-12-05
PO-DIST-1515,2025-11-19,NA-East,DIST-COASTAL-WHOLESALE,TIER_2_REGIONAL,61289.0,FULFILLED,,2025-12-06
PO-DIST-1516,2025-11-19,NA-Central,DIST-MIDWEST-DIRECT,TIER_1_STRATEGIC,244557.0,FULFILLED,,2025-12-07
PO-DIST-1517,2025-11-19,NA-Central,DIST-GREATLAKES-SUPPLY,TIER_2_REGIONAL,70353.0,FULFILLED,,2025-12-06
PO-DIST-1518,2025-11-19,NA-Central,DIST-TEXAS-COMMERCIAL,TIER_1_STRATEGIC,335708.0,FULFILLED,,2025-12-02
PO-DIST-1519,2025-11-19,NA-West,DIST-PACIFIC-LOGISTICS,TIER_1_STRATEGIC,445737.0,FULFILLED,,2025-11-30
PO-DIST-1520,2025-11-19,NA-West,DIST-CAL-ENTERPRISE,TIER_1_STRATEGIC,205227.0,FULFILLED,,2025-12-10
PO-DIST-1521,2025-11-19,NA-West,DIST-MOUNTAIN-PARTS,TIER_2_REGIONAL,141740.0,FULFILLED,,2025-12-06
PO-DIST-1522,2025-11-21,NA-East,DIST-APEX-EAST,TIER_1_STRATEGIC,229293.0,FULFILLED,,2025-12-05
PO-DIST-1523,2025-11-21,NA-East,DIST-MIDATL-SUPPLY,TIER_1_STRATEGIC,266295.0,FULFILLED,,2025-12-05
PO-DIST-1524,2025-11-21,NA-East,DIST-EMPIRE-IND,TIER_1_STRATEGIC,204485.0,FULFILLED,,2025-12-02
PO-DIST-1525,2025-11-21,NA-East,DIST-COASTAL-WHOLESALE,TIER_2_REGIONAL,84667.0,FULFILLED,,2025-12-04
PO-DIST-1526,2025-11-21,NA-East,DIST-TRI-STATE-OPS,TIER_3_LOCAL,71669.0,SUBMITTED,,2025-12-03
PO-DIST-1527,2025-11-21,NA-Central,DIST-TEXAS-COMMERCIAL,TIER_1_STRATEGIC,230576.0,FULFILLED,,2025-12-04
PO-DIST-1528,2025-11-21,NA-West,DIST-PACIFIC-LOGISTICS,TIER_1_STRATEGIC,248008.0,FULFILLED,,2025-12-09
PO-DIST-1529,2025-11-24,NA-East,DIST-APEX-EAST,TIER_1_STRATEGIC,398644.0,FULFILLED,,2025-12-08
PO-DIST-1530,2025-11-24,NA-East,DIST-MIDATL-SUPPLY,TIER_1_STRATEGIC,367306.0,FULFILLED,,2025-12-06
PO-DIST-1531,2025-11-24,NA-East,DIST-EMPIRE-IND,TIER_1_STRATEGIC,250748.0,FULFILLED,,2025-12-04
PO-DIST-1532,2025-11-24,NA-Central,DIST-MIDWEST-DIRECT,TIER_1_STRATEGIC,305238.0,FULFILLED,,2025-12-08
PO-DIST-1533,2025-11-24,NA-Central,DIST-GREATLAKES-SUPPLY,TIER_2_REGIONAL,99428.0,SUBMITTED,,2025-12-15
PO-DIST-1534,2025-11-24,NA-Central,DIST-TEXAS-COMMERCIAL,TIER_1_STRATEGIC,351659.0,FULFILLED,,2025-12-08
PO-DIST-1535,2025-11-24,NA-West,DIST-PACIFIC-LOGISTICS,TIER_1_STRATEGIC,193701.0,FULFILLED,,2025-12-14
PO-DIST-1536,2025-11-24,NA-West,DIST-CAL-ENTERPRISE,TIER_1_STRATEGIC,425198.0,FULFILLED,,2025-12-05
PO-DIST-1537,2025-11-24,NA-West,DIST-MOUNTAIN-PARTS,TIER_2_REGIONAL,157975.0,FULFILLED,,2025-12-04
PO-DIST-1538,2025-11-26,NA-East,DIST-MIDATL-SUPPLY,TIER_1_STRATEGIC,214647.0,FULFILLED,,2025-12-10
PO-DIST-1539,2025-11-26,NA-East,DIST-EMPIRE-IND,TIER_1_STRATEGIC,394638.0,FULFILLED,,2025-12-15
PO-DIST-1540,2025-11-26,NA-Central,DIST-MIDWEST-DIRECT,TIER_1_STRATEGIC,181221.0,FULFILLED,,2025-12-10
PO-DIST-1541,2025-11-26,NA-West,DIST-PACIFIC-LOGISTICS,TIER_1_STRATEGIC,424695.0,FULFILLED,,2025-12-16
PO-DIST-1542,2025-11-26,NA-West,DIST-MOUNTAIN-PARTS,TIER_2_REGIONAL,81189.0,FULFILLED,,2025-12-11
PO-DIST-1543,2025-11-28,NA-East,DIST-APEX-EAST,TIER_1_STRATEGIC,300897.0,FULFILLED,,2025-12-09
PO-DIST-1544,2025-11-28,NA-East,DIST-MIDATL-SUPPLY,TIER_1_STRATEGIC,220812.0,FULFILLED,,2025-12-17
PO-DIST-1545,2025-11-28,NA-East,DIST-EMPIRE-IND,TIER_1_STRATEGIC,314536.0,FULFILLED,,2025-12-11
PO-DIST-1546,2025-11-28,NA-Central,DIST-MIDWEST-DIRECT,TIER_1_STRATEGIC,271676.0,FULFILLED,,2025-12-16
PO-DIST-1547,2025-11-28,NA-Central,DIST-TEXAS-COMMERCIAL,TIER_1_STRATEGIC,211905.0,FULFILLED,,2025-12-12
PO-DIST-1548,2025-11-28,NA-West,DIST-CAL-ENTERPRISE,TIER_1_STRATEGIC,268782.0,FULFILLED,,2025-12-08
PO-DIST-1549,2025-11-28,NA-West,DIST-MOUNTAIN-PARTS,TIER_2_REGIONAL,95302.0,FULFILLED,,2025-12-14
PO-DIST-1550,2025-12-01,NA-East,DIST-APEX-EAST,TIER_1_STRATEGIC,335618.0,FULFILLED,,2025-12-15
PO-DIST-1551,2025-12-01,NA-East,DIST-MIDATL-SUPPLY,TIER_1_STRATEGIC,345166.0,FULFILLED,,2025-12-20
PO-DIST-1552,2025-12-01,NA-East,DIST-EMPIRE-IND,TIER_1_STRATEGIC,430905.0,FULFILLED,,2025-12-17
PO-DIST-1553,2025-12-01,NA-East,DIST-COASTAL-WHOLESALE,TIER_2_REGIONAL,66045.0,FULFILLED,,2025-12-19
PO-DIST-1554,2025-12-01,NA-Central,DIST-MIDWEST-DIRECT,TIER_1_STRATEGIC,382409.0,FULFILLED,,2025-12-22
PO-DIST-1555,2025-12-01,NA-Central,DIST-GREATLAKES-SUPPLY,TIER_2_REGIONAL,145576.0,FULFILLED,,2025-12-14
PO-DIST-1556,2025-12-01,NA-Central,DIST-TEXAS-COMMERCIAL,TIER_1_STRATEGIC,383223.0,FULFILLED,,2025-12-16
PO-DIST-1557,2025-12-01,NA-West,DIST-CAL-ENTERPRISE,TIER_1_STRATEGIC,186028.0,FULFILLED,,2025-12-17
PO-DIST-1558,2025-12-01,NA-West,DIST-MOUNTAIN-PARTS,TIER_2_REGIONAL,103969.0,FULFILLED,,2025-12-14
PO-DIST-1559,2025-12-03,NA-East,DIST-APEX-EAST,TIER_1_STRATEGIC,306350.0,FULFILLED,,2025-12-18
PO-DIST-1560,2025-12-03,NA-East,DIST-MIDATL-SUPPLY,TIER_1_STRATEGIC,466479.0,FULFILLED,,2025-12-13
PO-DIST-1561,2025-12-03,NA-East,DIST-EMPIRE-IND,TIER_1_STRATEGIC,405219.0,FULFILLED,,2025-12-23
PO-DIST-1562,2025-12-03,NA-East,DIST-COASTAL-WHOLESALE,TIER_2_REGIONAL,71952.0,FULFILLED,,2025-12-24
PO-DIST-1563,2025-12-03,NA-East,DIST-SUNBELT-PARTS,TIER_2_REGIONAL,72123.0,FULFILLED,,2025-12-20
PO-DIST-1564,2025-12-03,NA-East,DIST-TRI-STATE-OPS,TIER_3_LOCAL,109534.0,FULFILLED,,2025-12-19
PO-DIST-1565,2025-12-03,NA-Central,DIST-MIDWEST-DIRECT,TIER_1_STRATEGIC,248371.0,FULFILLED,,2025-12-21
PO-DIST-1566,2025-12-03,NA-Central,DIST-GREATLAKES-SUPPLY,TIER_2_REGIONAL,125380.0,FULFILLED,,2025-12-18
PO-DIST-1567,2025-12-03,NA-Central,DIST-TEXAS-COMMERCIAL,TIER_1_STRATEGIC,295904.0,FULFILLED,,2025-12-23
PO-DIST-1568,2025-12-03,NA-West,DIST-PACIFIC-LOGISTICS,TIER_1_STRATEGIC,313787.0,FULFILLED,,2025-12-16
PO-DIST-1569,2025-12-03,NA-West,DIST-MOUNTAIN-PARTS,TIER_2_REGIONAL,152880.0,FULFILLED,,2025-12-14
PO-DIST-1570,2025-12-05,NA-East,DIST-MIDATL-SUPPLY,TIER_1_STRATEGIC,321230.0,FULFILLED,,2025-12-17
PO-DIST-1571,2025-12-05,NA-East,DIST-EMPIRE-IND,TIER_1_STRATEGIC,249816.0,FULFILLED,,2025-12-16
PO-DIST-1572,2025-12-05,NA-East,DIST-SUNBELT-PARTS,TIER_2_REGIONAL,99942.0,FULFILLED,,2025-12-17
PO-DIST-1573,2025-12-05,NA-East,DIST-TRI-STATE-OPS,TIER_3_LOCAL,70811.0,FULFILLED,,2025-12-22
PO-DIST-1574,2025-12-05,NA-Central,DIST-MIDWEST-DIRECT,TIER_1_STRATEGIC,316201.0,FULFILLED,,2025-12-17
PO-DIST-1575,2025-12-05,NA-Central,DIST-GREATLAKES-SUPPLY,TIER_2_REGIONAL,113242.0,FULFILLED,,2025-12-26
PO-DIST-1576,2025-12-05,NA-West,DIST-PACIFIC-LOGISTICS,TIER_1_STRATEGIC,417975.0,FULFILLED,,2025-12-26
PO-DIST-1577,2025-12-05,NA-West,DIST-CAL-ENTERPRISE,TIER_1_STRATEGIC,183579.0,FULFILLED,,2025-12-23
PO-DIST-1578,2025-12-05,NA-West,DIST-MOUNTAIN-PARTS,TIER_2_REGIONAL,142837.0,SUBMITTED,,2025-12-21
PO-DIST-1579,2025-12-08,NA-East,DIST-APEX-EAST,TIER_1_STRATEGIC,205436.0,FULFILLED,,2025-12-28
PO-DIST-1580,2025-12-08,NA-East,DIST-MIDATL-SUPPLY,TIER_1_STRATEGIC,311214.0,FULFILLED,,2025-12-21
PO-DIST-1581,2025-12-08,NA-East,DIST-EMPIRE-IND,TIER_1_STRATEGIC,277310.0,FULFILLED,,2025-12-23
PO-DIST-1582,2025-12-08,NA-East,DIST-COASTAL-WHOLESALE,TIER_2_REGIONAL,155566.0,FULFILLED,,2025-12-24
PO-DIST-1583,2025-12-08,NA-Central,DIST-GREATLAKES-SUPPLY,TIER_2_REGIONAL,147667.0,FULFILLED,,2025-12-18
PO-DIST-1584,2025-12-08,NA-Central,DIST-TEXAS-COMMERCIAL,TIER_1_STRATEGIC,456606.0,FULFILLED,,2025-12-27
PO-DIST-1585,2025-12-08,NA-West,DIST-PACIFIC-LOGISTICS,TIER_1_STRATEGIC,270544.0,FULFILLED,,2025-12-28
PO-DIST-1586,2025-12-08,NA-West,DIST-CAL-ENTERPRISE,TIER_1_STRATEGIC,329044.0,FULFILLED,,2025-12-28
PO-DIST-1587,2025-12-08,NA-West,DIST-MOUNTAIN-PARTS,TIER_2_REGIONAL,89873.0,FULFILLED,,2025-12-18
PO-DIST-1588,2025-12-10,NA-East,DIST-APEX-EAST,TIER_1_STRATEGIC,271135.0,FULFILLED,,2025-12-25
PO-DIST-1589,2025-12-10,NA-East,DIST-MIDATL-SUPPLY,TIER_1_STRATEGIC,434317.0,FULFILLED,,2025-12-25
PO-DIST-1590,2025-12-10,NA-East,DIST-EMPIRE-IND,TIER_1_STRATEGIC,302298.0,FULFILLED,,2025-12-30
PO-DIST-1591,2025-12-10,NA-East,DIST-COASTAL-WHOLESALE,TIER_2_REGIONAL,140199.0,FULFILLED,,2025-12-24
PO-DIST-1592,2025-12-10,NA-East,DIST-SUNBELT-PARTS,TIER_2_REGIONAL,129152.0,FULFILLED,,2025-12-30
PO-DIST-1593,2025-12-10,NA-Central,DIST-MIDWEST-DIRECT,TIER_1_STRATEGIC,464928.0,FULFILLED,,2025-12-23
PO-DIST-1594,2025-12-10,NA-Central,DIST-TEXAS-COMMERCIAL,TIER_1_STRATEGIC,248726.0,FULFILLED,,2025-12-24
PO-DIST-1595,2025-12-10,NA-West,DIST-PACIFIC-LOGISTICS,TIER_1_STRATEGIC,292521.0,FULFILLED,,2025-12-31
PO-DIST-1596,2025-12-10,NA-West,DIST-CAL-ENTERPRISE,TIER_1_STRATEGIC,294853.0,FULFILLED,,2025-12-24
PO-DIST-1597,2025-12-12,NA-East,DIST-APEX-EAST,TIER_1_STRATEGIC,461780.0,FULFILLED,,2025-12-30
PO-DIST-1598,2025-12-12,NA-East,DIST-MIDATL-SUPPLY,TIER_1_STRATEGIC,189808.0,FULFILLED,,2025-12-23
PO-DIST-1599,2025-12-12,NA-East,DIST-COASTAL-WHOLESALE,TIER_2_REGIONAL,152070.0,FULFILLED,,2025-12-29
PO-DIST-1600,2025-12-12,NA-Central,DIST-MIDWEST-DIRECT,TIER_1_STRATEGIC,410921.0,FULFILLED,,2025-12-23
PO-DIST-1601,2025-12-12,NA-Central,DIST-TEXAS-COMMERCIAL,TIER_1_STRATEGIC,321162.0,FULFILLED,,2025-12-29
PO-DIST-1602,2025-12-12,NA-West,DIST-PACIFIC-LOGISTICS,TIER_1_STRATEGIC,451657.0,FULFILLED,,2025-12-28
PO-DIST-1603,2025-12-12,NA-West,DIST-CAL-ENTERPRISE,TIER_1_STRATEGIC,191798.0,FULFILLED,,2025-12-29
PO-DIST-1604,2025-12-15,NA-East,DIST-APEX-EAST,TIER_1_STRATEGIC,413232.0,FULFILLED,,2025-12-28
PO-DIST-1605,2025-12-15,NA-East,DIST-MIDATL-SUPPLY,TIER_1_STRATEGIC,469919.0,FULFILLED,,2026-01-01
PO-DIST-1606,2025-12-15,NA-East,DIST-SUNBELT-PARTS,TIER_2_REGIONAL,147009.0,FULFILLED,,2026-01-04
PO-DIST-1607,2025-12-15,NA-East,DIST-TRI-STATE-OPS,TIER_3_LOCAL,74754.0,FULFILLED,,2026-01-04
PO-DIST-1608,2025-12-15,NA-Central,DIST-MIDWEST-DIRECT,TIER_1_STRATEGIC,336571.0,FULFILLED,,2025-12-29
PO-DIST-1609,2025-12-15,NA-Central,DIST-GREATLAKES-SUPPLY,TIER_2_REGIONAL,105086.0,FULFILLED,,2025-12-31
PO-DIST-1610,2025-12-15,NA-Central,DIST-TEXAS-COMMERCIAL,TIER_1_STRATEGIC,333724.0,SUBMITTED,,2026-01-01
PO-DIST-1611,2025-12-15,NA-West,DIST-PACIFIC-LOGISTICS,TIER_1_STRATEGIC,450116.0,FULFILLED,,2026-01-02
PO-DIST-1612,2025-12-15,NA-West,DIST-CAL-ENTERPRISE,TIER_1_STRATEGIC,448664.0,FULFILLED,,2025-12-25
PO-DIST-1613,2025-12-15,NA-West,DIST-MOUNTAIN-PARTS,TIER_2_REGIONAL,151106.0,FULFILLED,,2026-01-04
PO-DIST-1614,2025-12-17,NA-East,DIST-APEX-EAST,TIER_1_STRATEGIC,271790.0,FULFILLED,,2025-12-30
PO-DIST-1615,2025-12-17,NA-East,DIST-MIDATL-SUPPLY,TIER_1_STRATEGIC,424686.0,FULFILLED,,2026-01-05
PO-DIST-1616,2025-12-17,NA-East,DIST-EMPIRE-IND,TIER_1_STRATEGIC,452287.0,FULFILLED,,2025-12-31
PO-DIST-1617,2025-12-17,NA-East,DIST-COASTAL-WHOLESALE,TIER_2_REGIONAL,71333.0,FULFILLED,,2026-01-05
PO-DIST-1618,2025-12-17,NA-Central,DIST-MIDWEST-DIRECT,TIER_1_STRATEGIC,196576.0,FULFILLED,,2026-01-05
PO-DIST-1619,2025-12-17,NA-Central,DIST-TEXAS-COMMERCIAL,TIER_1_STRATEGIC,257601.0,FULFILLED,,2025-12-29
PO-DIST-1620,2025-12-17,NA-West,DIST-PACIFIC-LOGISTICS,TIER_1_STRATEGIC,409059.0,FULFILLED,,2026-01-03
PO-DIST-1621,2025-12-17,NA-West,DIST-CAL-ENTERPRISE,TIER_1_STRATEGIC,384678.0,FULFILLED,,2026-01-06
PO-DIST-1622,2025-12-19,NA-East,DIST-EMPIRE-IND,TIER_1_STRATEGIC,347981.0,FULFILLED,,2025-12-31
PO-DIST-1623,2025-12-19,NA-East,DIST-SUNBELT-PARTS,TIER_2_REGIONAL,96122.0,FULFILLED,,2026-01-05
PO-DIST-1624,2025-12-19,NA-East,DIST-TRI-STATE-OPS,TIER_3_LOCAL,108645.0,FULFILLED,,2026-01-04
PO-DIST-1625,2025-12-19,NA-Central,DIST-MIDWEST-DIRECT,TIER_1_STRATEGIC,308008.0,FULFILLED,,2025-12-29
PO-DIST-1626,2025-12-19,NA-Central,DIST-TEXAS-COMMERCIAL,TIER_1_STRATEGIC,455643.0,FULFILLED,,2025-12-29
PO-DIST-1627,2025-12-19,NA-West,DIST-PACIFIC-LOGISTICS,TIER_1_STRATEGIC,287644.0,FULFILLED,,2026-01-02
PO-DIST-1628,2025-12-19,NA-West,DIST-CAL-ENTERPRISE,TIER_1_STRATEGIC,319712.0,FULFILLED,,2026-01-02
PO-DIST-1629,2025-12-22,NA-East,DIST-EMPIRE-IND,TIER_1_STRATEGIC,444268.0,SUBMITTED,,2026-01-06
PO-DIST-1630,2025-12-22,NA-East,DIST-TRI-STATE-OPS,TIER_3_LOCAL,71715.0,FULFILLED,,2026-01-09
PO-DIST-1631,2025-12-22,NA-Central,DIST-MIDWEST-DIRECT,TIER_1_STRATEGIC,243600.0,FULFILLED,,2026-01-08
PO-DIST-1632,2025-12-22,NA-Central,DIST-TEXAS-COMMERCIAL,TIER_1_STRATEGIC,381592.0,FULFILLED,,2026-01-04
PO-DIST-1633,2025-12-22,NA-West,DIST-PACIFIC-LOGISTICS,TIER_1_STRATEGIC,313343.0,FULFILLED,,2026-01-03
PO-DIST-1634,2025-12-22,NA-West,DIST-CAL-ENTERPRISE,TIER_1_STRATEGIC,192977.0,SUBMITTED,,2026-01-07
PO-DIST-1635,2025-12-22,NA-West,DIST-MOUNTAIN-PARTS,TIER_2_REGIONAL,122345.0,FULFILLED,,2026-01-09
PO-DIST-1636,2025-12-24,NA-East,DIST-APEX-EAST,TIER_1_STRATEGIC,235708.0,FULFILLED,,2026-01-10
PO-DIST-1637,2025-12-24,NA-East,DIST-MIDATL-SUPPLY,TIER_1_STRATEGIC,264633.0,FULFILLED,,2026-01-04
PO-DIST-1638,2025-12-24,NA-East,DIST-EMPIRE-IND,TIER_1_STRATEGIC,368808.0,FULFILLED,,2026-01-12
PO-DIST-1639,2025-12-24,NA-East,DIST-COASTAL-WHOLESALE,TIER_2_REGIONAL,118191.0,FULFILLED,,2026-01-08
PO-DIST-1640,2025-12-24,NA-Central,DIST-MIDWEST-DIRECT,TIER_1_STRATEGIC,385780.0,FULFILLED,,2026-01-09
PO-DIST-1641,2025-12-24,NA-Central,DIST-GREATLAKES-SUPPLY,TIER_2_REGIONAL,135780.0,SUBMITTED,,2026-01-14
PO-DIST-1642,2025-12-24,NA-Central,DIST-TEXAS-COMMERCIAL,TIER_1_STRATEGIC,205824.0,FULFILLED,,2026-01-03
PO-DIST-1643,2025-12-24,NA-West,DIST-PACIFIC-LOGISTICS,TIER_1_STRATEGIC,332192.0,FULFILLED,,2026-01-14
PO-DIST-1644,2025-12-24,NA-West,DIST-CAL-ENTERPRISE,TIER_1_STRATEGIC,381120.0,FULFILLED,,2026-01-10
PO-DIST-1645,2025-12-26,NA-East,DIST-MIDATL-SUPPLY,TIER_1_STRATEGIC,312745.0,FULFILLED,,2026-01-14
PO-DIST-1646,2025-12-26,NA-East,DIST-EMPIRE-IND,TIER_1_STRATEGIC,416797.0,FULFILLED,,2026-01-11
PO-DIST-1647,2025-12-26,NA-East,DIST-TRI-STATE-OPS,TIER_3_LOCAL,126259.0,FULFILLED,,2026-01-06
PO-DIST-1648,2025-12-26,NA-Central,DIST-MIDWEST-DIRECT,TIER_1_STRATEGIC,386352.0,FULFILLED,,2026-01-16
PO-DIST-1649,2025-12-26,NA-Central,DIST-TEXAS-COMMERCIAL,TIER_1_STRATEGIC,299818.0,FULFILLED,,2026-01-08
PO-DIST-1650,2025-12-26,NA-West,DIST-PACIFIC-LOGISTICS,TIER_1_STRATEGIC,463248.0,FULFILLED,,2026-01-14
PO-DIST-1651,2025-12-26,NA-West,DIST-CAL-ENTERPRISE,TIER_1_STRATEGIC,334827.0,FULFILLED,,2026-01-16
PO-DIST-1652,2025-12-29,NA-East,DIST-APEX-EAST,TIER_1_STRATEGIC,375784.0,FULFILLED,,2026-01-17
PO-DIST-1653,2025-12-29,NA-East,DIST-MIDATL-SUPPLY,TIER_1_STRATEGIC,229110.0,FULFILLED,,2026-01-16
PO-DIST-1654,2025-12-29,NA-East,DIST-EMPIRE-IND,TIER_1_STRATEGIC,191878.0,FULFILLED,,2026-01-10
PO-DIST-1655,2025-12-29,NA-East,DIST-COASTAL-WHOLESALE,TIER_2_REGIONAL,72991.0,FULFILLED,,2026-01-18
PO-DIST-1656,2025-12-29,NA-East,DIST-TRI-STATE-OPS,TIER_3_LOCAL,130056.0,FULFILLED,,2026-01-13
PO-DIST-1657,2025-12-29,NA-Central,DIST-MIDWEST-DIRECT,TIER_1_STRATEGIC,314419.0,FULFILLED,,2026-01-18
PO-DIST-1658,2025-12-29,NA-Central,DIST-TEXAS-COMMERCIAL,TIER_1_STRATEGIC,268047.0,FULFILLED,,2026-01-16
PO-DIST-1659,2025-12-29,NA-West,DIST-PACIFIC-LOGISTICS,TIER_1_STRATEGIC,474729.0,FULFILLED,,2026-01-12
PO-DIST-1660,2025-12-29,NA-West,DIST-CAL-ENTERPRISE,TIER_1_STRATEGIC,478864.0,FULFILLED,,2026-01-13
PO-DIST-1661,2025-12-31,NA-East,DIST-APEX-EAST,TIER_1_STRATEGIC,371071.0,FULFILLED,,2026-01-21
PO-DIST-1662,2025-12-31,NA-East,DIST-EMPIRE-IND,TIER_1_STRATEGIC,286036.0,FULFILLED,,2026-01-15
PO-DIST-1663,2025-12-31,NA-East,DIST-COASTAL-WHOLESALE,TIER_2_REGIONAL,67907.0,FULFILLED,,2026-01-21
PO-DIST-1664,2025-12-31,NA-East,DIST-SUNBELT-PARTS,TIER_2_REGIONAL,73458.0,SUBMITTED,,2026-01-13
PO-DIST-1665,2025-12-31,NA-Central,DIST-MIDWEST-DIRECT,TIER_1_STRATEGIC,266801.0,FULFILLED,,2026-01-16
PO-DIST-1666,2025-12-31,NA-West,DIST-PACIFIC-LOGISTICS,TIER_1_STRATEGIC,249427.0,FULFILLED,,2026-01-10
PO-DIST-1667,2025-12-31,NA-West,DIST-CAL-ENTERPRISE,TIER_1_STRATEGIC,367185.0,FULFILLED,,2026-01-10
PO-DIST-1668,2026-01-02,NA-East,DIST-APEX-EAST,TIER_1_STRATEGIC,357036.0,FULFILLED,,2026-01-21
PO-DIST-1669,2026-01-02,NA-East,DIST-MIDATL-SUPPLY,TIER_1_STRATEGIC,416178.0,FULFILLED,,2026-01-15
PO-DIST-1670,2026-01-02,NA-East,DIST-EMPIRE-IND,TIER_1_STRATEGIC,254690.0,FULFILLED,,2026-01-12
PO-DIST-1671,2026-01-02,NA-East,DIST-SUNBELT-PARTS,TIER_2_REGIONAL,106764.0,FULFILLED,,2026-01-13
PO-DIST-1672,2026-01-02,NA-Central,DIST-MIDWEST-DIRECT,TIER_1_STRATEGIC,225218.0,FULFILLED,,2026-01-14
PO-DIST-1673,2026-01-02,NA-Central,DIST-GREATLAKES-SUPPLY,TIER_2_REGIONAL,68632.0,FULFILLED,,2026-01-18
PO-DIST-1674,2026-01-02,NA-Central,DIST-TEXAS-COMMERCIAL,TIER_1_STRATEGIC,333459.0,FULFILLED,,2026-01-23
PO-DIST-1675,2026-01-02,NA-West,DIST-PACIFIC-LOGISTICS,TIER_1_STRATEGIC,450156.0,FULFILLED,,2026-01-16
PO-DIST-1676,2026-01-02,NA-West,DIST-CAL-ENTERPRISE,TIER_1_STRATEGIC,269280.0,FULFILLED,,2026-01-21
PO-DIST-1677,2026-01-02,NA-West,DIST-MOUNTAIN-PARTS,TIER_2_REGIONAL,91617.0,FULFILLED,,2026-01-17
PO-DIST-1678,2026-01-05,NA-East,DIST-APEX-EAST,TIER_1_STRATEGIC,373591.0,FULFILLED,,2026-01-20
PO-DIST-1679,2026-01-05,NA-East,DIST-MIDATL-SUPPLY,TIER_1_STRATEGIC,284272.0,FULFILLED,,2026-01-24
PO-DIST-1680,2026-01-05,NA-East,DIST-SUNBELT-PARTS,TIER_2_REGIONAL,81167.0,FULFILLED,,2026-01-18
PO-DIST-1681,2026-01-05,NA-Central,DIST-MIDWEST-DIRECT,TIER_1_STRATEGIC,461593.0,FULFILLED,,2026-01-25
PO-DIST-1682,2026-01-05,NA-Central,DIST-TEXAS-COMMERCIAL,TIER_1_STRATEGIC,320732.0,FULFILLED,,2026-01-25
PO-DIST-1683,2026-01-05,NA-West,DIST-PACIFIC-LOGISTICS,TIER_1_STRATEGIC,193964.0,FULFILLED,,2026-01-17
PO-DIST-1684,2026-01-05,NA-West,DIST-CAL-ENTERPRISE,TIER_1_STRATEGIC,313426.0,FULFILLED,,2026-01-25
PO-DIST-1685,2026-01-07,NA-East,DIST-APEX-EAST,TIER_1_STRATEGIC,373858.0,FULFILLED,,2026-01-27
PO-DIST-1686,2026-01-07,NA-East,DIST-MIDATL-SUPPLY,TIER_1_STRATEGIC,205737.0,FULFILLED,,2026-01-28
PO-DIST-1687,2026-01-07,NA-East,DIST-TRI-STATE-OPS,TIER_3_LOCAL,84874.0,FULFILLED,,2026-01-25
PO-DIST-1688,2026-01-07,NA-Central,DIST-MIDWEST-DIRECT,TIER_1_STRATEGIC,250934.0,FULFILLED,,2026-01-21
PO-DIST-1689,2026-01-07,NA-West,DIST-PACIFIC-LOGISTICS,TIER_1_STRATEGIC,337763.0,FULFILLED,,2026-01-17
PO-DIST-1690,2026-01-09,NA-East,DIST-APEX-EAST,TIER_1_STRATEGIC,313448.0,FULFILLED,,2026-01-27
PO-DIST-1691,2026-01-09,NA-East,DIST-MIDATL-SUPPLY,TIER_1_STRATEGIC,231165.0,FULFILLED,,2026-01-24
PO-DIST-1692,2026-01-09,NA-East,DIST-EMPIRE-IND,TIER_1_STRATEGIC,375320.0,FULFILLED,,2026-01-27
PO-DIST-1693,2026-01-09,NA-East,DIST-SUNBELT-PARTS,TIER_2_REGIONAL,98813.0,FULFILLED,,2026-01-29
PO-DIST-1694,2026-01-09,NA-East,DIST-TRI-STATE-OPS,TIER_3_LOCAL,153064.0,FULFILLED,,2026-01-22
PO-DIST-1695,2026-01-09,NA-Central,DIST-MIDWEST-DIRECT,TIER_1_STRATEGIC,473657.0,FULFILLED,,2026-01-23
PO-DIST-1696,2026-01-09,NA-Central,DIST-GREATLAKES-SUPPLY,TIER_2_REGIONAL,88472.0,FULFILLED,,2026-01-20
PO-DIST-1697,2026-01-09,NA-Central,DIST-TEXAS-COMMERCIAL,TIER_1_STRATEGIC,185096.0,FULFILLED,,2026-01-28
PO-DIST-1698,2026-01-09,NA-West,DIST-PACIFIC-LOGISTICS,TIER_1_STRATEGIC,323838.0,FULFILLED,,2026-01-30
PO-DIST-1699,2026-01-09,NA-West,DIST-CAL-ENTERPRISE,TIER_1_STRATEGIC,291837.0,FULFILLED,,2026-01-19
PO-DIST-1700,2026-01-12,NA-East,DIST-APEX-EAST,TIER_1_STRATEGIC,457760.0,FULFILLED,,2026-01-28
PO-DIST-1701,2026-01-12,NA-East,DIST-MIDATL-SUPPLY,TIER_1_STRATEGIC,431396.0,FULFILLED,,2026-01-28
PO-DIST-1702,2026-01-12,NA-East,DIST-EMPIRE-IND,TIER_1_STRATEGIC,242778.0,FULFILLED,,2026-01-26
PO-DIST-1703,2026-01-12,NA-East,DIST-COASTAL-WHOLESALE,TIER_2_REGIONAL,66303.0,FULFILLED,,2026-01-27
PO-DIST-1704,2026-01-12,NA-East,DIST-TRI-STATE-OPS,TIER_3_LOCAL,149335.0,FULFILLED,,2026-01-22
PO-DIST-1705,2026-01-12,NA-Central,DIST-MIDWEST-DIRECT,TIER_1_STRATEGIC,385445.0,FULFILLED,,2026-01-23
PO-DIST-1706,2026-01-12,NA-Central,DIST-TEXAS-COMMERCIAL,TIER_1_STRATEGIC,392431.0,FULFILLED,,2026-02-01
PO-DIST-1707,2026-01-12,NA-West,DIST-PACIFIC-LOGISTICS,TIER_1_STRATEGIC,271621.0,FULFILLED,,2026-01-28
PO-DIST-1708,2026-01-12,NA-West,DIST-CAL-ENTERPRISE,TIER_1_STRATEGIC,297423.0,FULFILLED,,2026-01-28
PO-DIST-1709,2026-01-12,NA-West,DIST-MOUNTAIN-PARTS,TIER_2_REGIONAL,80447.0,FULFILLED,,2026-01-25
PO-DIST-1710,2026-01-14,NA-East,DIST-APEX-EAST,TIER_1_STRATEGIC,451411.0,FULFILLED,,2026-01-28
PO-DIST-1711,2026-01-14,NA-East,DIST-EMPIRE-IND,TIER_1_STRATEGIC,254348.0,FULFILLED,,2026-01-30
PO-DIST-1712,2026-01-14,NA-Central,DIST-MIDWEST-DIRECT,TIER_1_STRATEGIC,475714.0,FULFILLED,,2026-01-24
PO-DIST-1713,2026-01-14,NA-Central,DIST-TEXAS-COMMERCIAL,TIER_1_STRATEGIC,396321.0,FULFILLED,,2026-01-29
PO-DIST-1714,2026-01-14,NA-West,DIST-PACIFIC-LOGISTICS,TIER_1_STRATEGIC,280267.0,FULFILLED,,2026-02-03
PO-DIST-1715,2026-01-14,NA-West,DIST-CAL-ENTERPRISE,TIER_1_STRATEGIC,359197.0,FULFILLED,,2026-02-02
PO-DIST-1716,2026-01-14,NA-West,DIST-MOUNTAIN-PARTS,TIER_2_REGIONAL,65877.0,FULFILLED,,2026-02-01
PO-DIST-1717,2026-01-16,NA-East,DIST-APEX-EAST,TIER_1_STRATEGIC,469900.0,FULFILLED,,2026-02-02
PO-DIST-1718,2026-01-16,NA-East,DIST-MIDATL-SUPPLY,TIER_1_STRATEGIC,371270.0,FULFILLED,,2026-02-05
PO-DIST-1719,2026-01-16,NA-East,DIST-EMPIRE-IND,TIER_1_STRATEGIC,351779.0,SUBMITTED,,2026-01-28
PO-DIST-1720,2026-01-16,NA-East,DIST-COASTAL-WHOLESALE,TIER_2_REGIONAL,62594.0,FULFILLED,,2026-01-26
PO-DIST-1721,2026-01-16,NA-Central,DIST-MIDWEST-DIRECT,TIER_1_STRATEGIC,466983.0,FULFILLED,,2026-01-29
PO-DIST-1722,2026-01-16,NA-Central,DIST-TEXAS-COMMERCIAL,TIER_1_STRATEGIC,207050.0,FULFILLED,,2026-02-06
PO-DIST-1723,2026-01-16,NA-West,DIST-PACIFIC-LOGISTICS,TIER_1_STRATEGIC,278523.0,FULFILLED,,2026-01-28
PO-DIST-1724,2026-01-16,NA-West,DIST-CAL-ENTERPRISE,TIER_1_STRATEGIC,333041.0,FULFILLED,,2026-01-30
PO-DIST-1725,2026-01-16,NA-West,DIST-MOUNTAIN-PARTS,TIER_2_REGIONAL,112789.0,FULFILLED,,2026-02-02
PO-DIST-1726,2026-01-19,NA-East,DIST-MIDATL-SUPPLY,TIER_1_STRATEGIC,362056.0,FULFILLED,,2026-02-08
PO-DIST-1727,2026-01-19,NA-East,DIST-EMPIRE-IND,TIER_1_STRATEGIC,326661.0,FULFILLED,,2026-02-06
PO-DIST-1728,2026-01-19,NA-East,DIST-SUNBELT-PARTS,TIER_2_REGIONAL,159461.0,FULFILLED,,2026-01-30
PO-DIST-1729,2026-01-19,NA-East,DIST-TRI-STATE-OPS,TIER_3_LOCAL,107859.0,FULFILLED,,2026-02-08
PO-DIST-1730,2026-01-19,NA-Central,DIST-MIDWEST-DIRECT,TIER_1_STRATEGIC,410264.0,FULFILLED,,2026-02-09
PO-DIST-1731,2026-01-19,NA-Central,DIST-TEXAS-COMMERCIAL,TIER_1_STRATEGIC,433182.0,FULFILLED,,2026-01-29
PO-DIST-1732,2026-01-19,NA-West,DIST-PACIFIC-LOGISTICS,TIER_1_STRATEGIC,405629.0,FULFILLED,,2026-01-30
PO-DIST-1733,2026-01-19,NA-West,DIST-CAL-ENTERPRISE,TIER_1_STRATEGIC,412714.0,FULFILLED,,2026-02-07
PO-DIST-1734,2026-01-19,NA-West,DIST-MOUNTAIN-PARTS,TIER_2_REGIONAL,154757.0,FULFILLED,,2026-02-07
PO-DIST-1735,2026-01-21,NA-East,DIST-APEX-EAST,TIER_1_STRATEGIC,462124.0,FULFILLED,,2026-02-05
PO-DIST-1736,2026-01-21,NA-East,DIST-MIDATL-SUPPLY,TIER_1_STRATEGIC,350608.0,FULFILLED,,2026-02-05
PO-DIST-1737,2026-01-21,NA-East,DIST-EMPIRE-IND,TIER_1_STRATEGIC,359231.0,FULFILLED,,2026-02-10
PO-DIST-1738,2026-01-21,NA-East,DIST-COASTAL-WHOLESALE,TIER_2_REGIONAL,134009.0,FULFILLED,,2026-02-04
PO-DIST-1739,2026-01-21,NA-Central,DIST-MIDWEST-DIRECT,TIER_1_STRATEGIC,199891.0,SUBMITTED,,2026-02-01
PO-DIST-1740,2026-01-21,NA-Central,DIST-GREATLAKES-SUPPLY,TIER_2_REGIONAL,118635.0,FULFILLED,,2026-02-04
PO-DIST-1741,2026-01-21,NA-Central,DIST-TEXAS-COMMERCIAL,TIER_1_STRATEGIC,245267.0,FULFILLED,,2026-02-10
PO-DIST-1742,2026-01-21,NA-West,DIST-PACIFIC-LOGISTICS,TIER_1_STRATEGIC,286235.0,FULFILLED,,2026-02-01
PO-DIST-1743,2026-01-21,NA-West,DIST-CAL-ENTERPRISE,TIER_1_STRATEGIC,453844.0,FULFILLED,,2026-02-08
PO-DIST-1744,2026-01-23,NA-East,DIST-APEX-EAST,TIER_1_STRATEGIC,301510.0,FULFILLED,,2026-02-12
PO-DIST-1745,2026-01-23,NA-East,DIST-MIDATL-SUPPLY,TIER_1_STRATEGIC,454714.0,FULFILLED,,2026-02-10
PO-DIST-1746,2026-01-23,NA-East,DIST-EMPIRE-IND,TIER_1_STRATEGIC,286968.0,FULFILLED,,2026-02-09
PO-DIST-1747,2026-01-23,NA-East,DIST-COASTAL-WHOLESALE,TIER_2_REGIONAL,131918.0,FULFILLED,,2026-02-07
PO-DIST-1748,2026-01-23,NA-Central,DIST-MIDWEST-DIRECT,TIER_1_STRATEGIC,373929.0,FULFILLED,,2026-02-06
PO-DIST-1749,2026-01-23,NA-Central,DIST-GREATLAKES-SUPPLY,TIER_2_REGIONAL,115502.0,FULFILLED,,2026-02-08
PO-DIST-1750,2026-01-23,NA-Central,DIST-TEXAS-COMMERCIAL,TIER_1_STRATEGIC,257070.0,FULFILLED,,2026-02-04
PO-DIST-1751,2026-01-23,NA-West,DIST-PACIFIC-LOGISTICS,TIER_1_STRATEGIC,436351.0,FULFILLED,,2026-02-08
PO-DIST-1752,2026-01-23,NA-West,DIST-CAL-ENTERPRISE,TIER_1_STRATEGIC,464464.0,FULFILLED,,2026-02-03
PO-DIST-1753,2026-01-26,NA-East,DIST-APEX-EAST,TIER_1_STRATEGIC,191980.0,FULFILLED,,2026-02-15
PO-DIST-1754,2026-01-26,NA-East,DIST-MIDATL-SUPPLY,TIER_1_STRATEGIC,370007.0,FULFILLED,,2026-02-09
PO-DIST-1755,2026-01-26,NA-East,DIST-COASTAL-WHOLESALE,TIER_2_REGIONAL,82996.0,SUBMITTED,,2026-02-10
PO-DIST-1756,2026-01-26,NA-Central,DIST-MIDWEST-DIRECT,TIER_1_STRATEGIC,460058.0,FULFILLED,,2026-02-12
PO-DIST-1757,2026-01-26,NA-Central,DIST-TEXAS-COMMERCIAL,TIER_1_STRATEGIC,263024.0,FULFILLED,,2026-02-07
PO-DIST-1758,2026-01-26,NA-West,DIST-PACIFIC-LOGISTICS,TIER_1_STRATEGIC,246284.0,FULFILLED,,2026-02-05
PO-DIST-1759,2026-01-26,NA-West,DIST-MOUNTAIN-PARTS,TIER_2_REGIONAL,159604.0,FULFILLED,,2026-02-15
PO-DIST-1760,2026-01-28,NA-East,DIST-APEX-EAST,TIER_1_STRATEGIC,412637.0,FULFILLED,,2026-02-16
PO-DIST-1761,2026-01-28,NA-East,DIST-MIDATL-SUPPLY,TIER_1_STRATEGIC,184591.0,FULFILLED,,2026-02-12
PO-DIST-1762,2026-01-28,NA-East,DIST-EMPIRE-IND,TIER_1_STRATEGIC,192538.0,SUBMITTED,,2026-02-12
PO-DIST-1763,2026-01-28,NA-East,DIST-COASTAL-WHOLESALE,TIER_2_REGIONAL,149983.0,FULFILLED,,2026-02-16
PO-DIST-1764,2026-01-28,NA-East,DIST-SUNBELT-PARTS,TIER_2_REGIONAL,109073.0,FULFILLED,,2026-02-11
PO-DIST-1765,2026-01-28,NA-East,DIST-TRI-STATE-OPS,TIER_3_LOCAL,137259.0,FULFILLED,,2026-02-16
PO-DIST-1766,2026-01-28,NA-Central,DIST-MIDWEST-DIRECT,TIER_1_STRATEGIC,306248.0,FULFILLED,,2026-02-15
PO-DIST-1767,2026-01-28,NA-Central,DIST-GREATLAKES-SUPPLY,TIER_2_REGIONAL,92086.0,SUBMITTED,,2026-02-09
PO-DIST-1768,2026-01-30,NA-East,DIST-APEX-EAST,TIER_1_STRATEGIC,415221.0,FULFILLED,,2026-02-13
PO-DIST-1769,2026-01-30,NA-East,DIST-MIDATL-SUPPLY,TIER_1_STRATEGIC,433101.0,FULFILLED,,2026-02-14
PO-DIST-1770,2026-01-30,NA-East,DIST-EMPIRE-IND,TIER_1_STRATEGIC,289617.0,FULFILLED,,2026-02-15
PO-DIST-1771,2026-01-30,NA-East,DIST-TRI-STATE-OPS,TIER_3_LOCAL,129840.0,FULFILLED,,2026-02-18
PO-DIST-1772,2026-01-30,NA-Central,DIST-MIDWEST-DIRECT,TIER_1_STRATEGIC,406076.0,FULFILLED,,2026-02-17
PO-DIST-1773,2026-01-30,NA-Central,DIST-GREATLAKES-SUPPLY,TIER_2_REGIONAL,63491.0,FULFILLED,,2026-02-19
PO-DIST-1774,2026-01-30,NA-Central,DIST-TEXAS-COMMERCIAL,TIER_1_STRATEGIC,411928.0,FULFILLED,,2026-02-17
PO-DIST-1775,2026-01-30,NA-West,DIST-PACIFIC-LOGISTICS,TIER_1_STRATEGIC,251187.0,FULFILLED,,2026-02-20
PO-DIST-1776,2026-01-30,NA-West,DIST-CAL-ENTERPRISE,TIER_1_STRATEGIC,248042.0,FULFILLED,,2026-02-11
PO-DIST-1777,2026-01-30,NA-West,DIST-MOUNTAIN-PARTS,TIER_2_REGIONAL,69479.0,FULFILLED,,2026-02-16
PO-DIST-1778,2026-02-02,NA-East,DIST-APEX-EAST,TIER_1_STRATEGIC,303616.0,FULFILLED,,2026-02-21
PO-DIST-1779,2026-02-02,NA-East,DIST-EMPIRE-IND,TIER_1_STRATEGIC,234265.0,FULFILLED,,2026-02-23
PO-DIST-1780,2026-02-02,NA-East,DIST-COASTAL-WHOLESALE,TIER_2_REGIONAL,80665.0,FULFILLED,,2026-02-22
PO-DIST-1781,2026-02-02,NA-East,DIST-TRI-STATE-OPS,TIER_3_LOCAL,158387.0,FULFILLED,,2026-02-12
PO-DIST-1782,2026-02-02,NA-Central,DIST-MIDWEST-DIRECT,TIER_1_STRATEGIC,276511.0,FULFILLED,,2026-02-14
PO-DIST-1783,2026-02-02,NA-Central,DIST-TEXAS-COMMERCIAL,TIER_1_STRATEGIC,192194.0,FULFILLED,,2026-02-17
PO-DIST-1784,2026-02-02,NA-West,DIST-PACIFIC-LOGISTICS,TIER_1_STRATEGIC,328718.0,FULFILLED,,2026-02-22
PO-DIST-1785,2026-02-02,NA-West,DIST-CAL-ENTERPRISE,TIER_1_STRATEGIC,237713.0,FULFILLED,,2026-02-15
PO-DIST-1786,2026-02-04,NA-East,DIST-APEX-EAST,TIER_1_STRATEGIC,341528.0,FULFILLED,,2026-02-16
PO-DIST-1787,2026-02-04,NA-East,DIST-EMPIRE-IND,TIER_1_STRATEGIC,295680.0,FULFILLED,,2026-02-19
PO-DIST-1788,2026-02-04,NA-East,DIST-SUNBELT-PARTS,TIER_2_REGIONAL,94221.0,FULFILLED,,2026-02-23
PO-DIST-1789,2026-02-04,NA-Central,DIST-TEXAS-COMMERCIAL,TIER_1_STRATEGIC,373707.0,FULFILLED,,2026-02-20
PO-DIST-1790,2026-02-04,NA-West,DIST-PACIFIC-LOGISTICS,TIER_1_STRATEGIC,364149.0,FULFILLED,,2026-02-20
PO-DIST-1791,2026-02-04,NA-West,DIST-CAL-ENTERPRISE,TIER_1_STRATEGIC,250980.0,FULFILLED,,2026-02-15
PO-DIST-1792,2026-02-06,NA-East,DIST-APEX-EAST,TIER_1_STRATEGIC,212077.0,FULFILLED,,2026-02-20
PO-DIST-1793,2026-02-06,NA-East,DIST-EMPIRE-IND,TIER_1_STRATEGIC,260969.0,FULFILLED,,2026-02-27
PO-DIST-1794,2026-02-06,NA-Central,DIST-TEXAS-COMMERCIAL,TIER_1_STRATEGIC,390670.0,FULFILLED,,2026-02-16
PO-DIST-1795,2026-02-06,NA-West,DIST-PACIFIC-LOGISTICS,TIER_1_STRATEGIC,330730.0,FULFILLED,,2026-02-27
PO-DIST-1796,2026-02-06,NA-West,DIST-CAL-ENTERPRISE,TIER_1_STRATEGIC,226013.0,FULFILLED,,2026-02-17
PO-DIST-1797,2026-02-09,NA-East,DIST-APEX-EAST,TIER_1_STRATEGIC,386991.0,FULFILLED,,2026-02-24
PO-DIST-1798,2026-02-09,NA-East,DIST-MIDATL-SUPPLY,TIER_1_STRATEGIC,286070.0,FULFILLED,,2026-03-02
PO-DIST-1799,2026-02-09,NA-East,DIST-EMPIRE-IND,TIER_1_STRATEGIC,319642.0,FULFILLED,,2026-03-02
PO-DIST-1800,2026-02-09,NA-East,DIST-COASTAL-WHOLESALE,TIER_2_REGIONAL,114673.0,FULFILLED,,2026-02-26
PO-DIST-1801,2026-02-09,NA-East,DIST-TRI-STATE-OPS,TIER_3_LOCAL,82593.0,FULFILLED,,2026-02-27
PO-DIST-1802,2026-02-09,NA-Central,DIST-TEXAS-COMMERCIAL,TIER_1_STRATEGIC,277146.0,FULFILLED,,2026-02-21
PO-DIST-1803,2026-02-09,NA-West,DIST-PACIFIC-LOGISTICS,TIER_1_STRATEGIC,309903.0,FULFILLED,,2026-02-27
PO-DIST-1804,2026-02-09,NA-West,DIST-CAL-ENTERPRISE,TIER_1_STRATEGIC,399550.0,FULFILLED,,2026-02-28
PO-DIST-1805,2026-02-11,NA-East,DIST-APEX-EAST,TIER_1_STRATEGIC,435056.0,FULFILLED,,2026-02-25
PO-DIST-1806,2026-02-11,NA-East,DIST-MIDATL-SUPPLY,TIER_1_STRATEGIC,318902.0,FULFILLED,,2026-02-24
PO-DIST-1807,2026-02-11,NA-East,DIST-EMPIRE-IND,TIER_1_STRATEGIC,300739.0,FULFILLED,,2026-03-03
PO-DIST-1808,2026-02-11,NA-East,DIST-SUNBELT-PARTS,TIER_2_REGIONAL,143263.0,FULFILLED,,2026-03-02
PO-DIST-1809,2026-02-11,NA-East,DIST-TRI-STATE-OPS,TIER_3_LOCAL,85066.0,FULFILLED,,2026-03-04
PO-DIST-1810,2026-02-11,NA-Central,DIST-MIDWEST-DIRECT,TIER_1_STRATEGIC,266621.0,FULFILLED,,2026-03-01
PO-DIST-1811,2026-02-11,NA-Central,DIST-GREATLAKES-SUPPLY,TIER_2_REGIONAL,87042.0,SUBMITTED,,2026-02-27
PO-DIST-1812,2026-02-11,NA-Central,DIST-TEXAS-COMMERCIAL,TIER_1_STRATEGIC,455130.0,FULFILLED,,2026-02-24
PO-DIST-1813,2026-02-11,NA-West,DIST-PACIFIC-LOGISTICS,TIER_1_STRATEGIC,353312.0,FULFILLED,,2026-02-24
PO-DIST-1814,2026-02-11,NA-West,DIST-CAL-ENTERPRISE,TIER_1_STRATEGIC,415952.0,FULFILLED,,2026-02-28
PO-DIST-1815,2026-02-11,NA-West,DIST-MOUNTAIN-PARTS,TIER_2_REGIONAL,61196.0,FULFILLED,,2026-02-28
PO-DIST-1816,2026-02-13,NA-East,DIST-APEX-EAST,TIER_1_STRATEGIC,406713.0,FULFILLED,,2026-02-27
PO-DIST-1817,2026-02-13,NA-East,DIST-COASTAL-WHOLESALE,TIER_2_REGIONAL,85987.0,FULFILLED,,2026-02-27
PO-DIST-1818,2026-02-13,NA-Central,DIST-TEXAS-COMMERCIAL,TIER_1_STRATEGIC,475407.0,FULFILLED,,2026-03-04
PO-DIST-1819,2026-02-13,NA-West,DIST-PACIFIC-LOGISTICS,TIER_1_STRATEGIC,440074.0,FULFILLED,,2026-02-23
PO-DIST-1820,2026-02-13,NA-West,DIST-CAL-ENTERPRISE,TIER_1_STRATEGIC,390292.0,FULFILLED,,2026-03-05
PO-DIST-1821,2026-02-13,NA-West,DIST-MOUNTAIN-PARTS,TIER_2_REGIONAL,65220.0,FULFILLED,,2026-03-04
PO-DIST-1822,2026-02-16,NA-East,DIST-APEX-EAST,TIER_1_STRATEGIC,213317.0,FULFILLED,,2026-03-08
PO-DIST-1823,2026-02-16,NA-East,DIST-MIDATL-SUPPLY,TIER_1_STRATEGIC,208703.0,FULFILLED,,2026-03-02
PO-DIST-1824,2026-02-16,NA-East,DIST-SUNBELT-PARTS,TIER_2_REGIONAL,119731.0,FULFILLED,,2026-03-03
PO-DIST-1825,2026-02-16,NA-Central,DIST-MIDWEST-DIRECT,TIER_1_STRATEGIC,194648.0,FULFILLED,,2026-03-04
PO-DIST-1826,2026-02-16,NA-Central,DIST-TEXAS-COMMERCIAL,TIER_1_STRATEGIC,374817.0,FULFILLED,,2026-03-01
PO-DIST-1827,2026-02-16,NA-West,DIST-PACIFIC-LOGISTICS,TIER_1_STRATEGIC,343556.0,FULFILLED,,2026-03-01
PO-DIST-1828,2026-02-18,NA-East,DIST-APEX-EAST,TIER_1_STRATEGIC,402489.0,FULFILLED,,2026-03-04
PO-DIST-1829,2026-02-18,NA-East,DIST-MIDATL-SUPPLY,TIER_1_STRATEGIC,222623.0,FULFILLED,,2026-03-11
PO-DIST-1830,2026-02-18,NA-East,DIST-EMPIRE-IND,TIER_1_STRATEGIC,410585.0,FULFILLED,,2026-03-08
PO-DIST-1831,2026-02-18,NA-East,DIST-SUNBELT-PARTS,TIER_2_REGIONAL,119593.0,FULFILLED,,2026-02-28
PO-DIST-1832,2026-02-18,NA-East,DIST-TRI-STATE-OPS,TIER_3_LOCAL,157577.0,FULFILLED,,2026-03-09
PO-DIST-1833,2026-02-18,NA-Central,DIST-MIDWEST-DIRECT,TIER_1_STRATEGIC,404762.0,FULFILLED,,2026-03-02
PO-DIST-1834,2026-02-18,NA-Central,DIST-GREATLAKES-SUPPLY,TIER_2_REGIONAL,142192.0,FULFILLED,,2026-03-07
PO-DIST-1835,2026-02-18,NA-Central,DIST-TEXAS-COMMERCIAL,TIER_1_STRATEGIC,430424.0,FULFILLED,,2026-03-04
PO-DIST-1836,2026-02-18,NA-West,DIST-PACIFIC-LOGISTICS,TIER_1_STRATEGIC,241287.0,SUBMITTED,,2026-03-11
PO-DIST-1837,2026-02-18,NA-West,DIST-CAL-ENTERPRISE,TIER_1_STRATEGIC,263675.0,FULFILLED,,2026-02-28
PO-DIST-1838,2026-02-18,NA-West,DIST-MOUNTAIN-PARTS,TIER_2_REGIONAL,128953.0,FULFILLED,,2026-03-03
PO-DIST-1839,2026-02-20,NA-East,DIST-APEX-EAST,TIER_1_STRATEGIC,411146.0,FULFILLED,,2026-03-12
PO-DIST-1840,2026-02-20,NA-East,DIST-MIDATL-SUPPLY,TIER_1_STRATEGIC,197681.0,FULFILLED,,2026-03-05
PO-DIST-1841,2026-02-20,NA-East,DIST-EMPIRE-IND,TIER_1_STRATEGIC,301644.0,FULFILLED,,2026-03-09
PO-DIST-1842,2026-02-20,NA-East,DIST-SUNBELT-PARTS,TIER_2_REGIONAL,155259.0,SUBMITTED,,2026-03-06
PO-DIST-1843,2026-02-20,NA-East,DIST-TRI-STATE-OPS,TIER_3_LOCAL,111279.0,FULFILLED,,2026-03-05
PO-DIST-1844,2026-02-20,NA-Central,DIST-MIDWEST-DIRECT,TIER_1_STRATEGIC,243673.0,FULFILLED,,2026-03-12
PO-DIST-1845,2026-02-20,NA-Central,DIST-GREATLAKES-SUPPLY,TIER_2_REGIONAL,67247.0,SUBMITTED,,2026-03-10
PO-DIST-1846,2026-02-20,NA-West,DIST-PACIFIC-LOGISTICS,TIER_1_STRATEGIC,451957.0,FULFILLED,,2026-03-03
PO-DIST-1847,2026-02-23,NA-East,DIST-APEX-EAST,TIER_1_STRATEGIC,209242.0,FULFILLED,,2026-03-06
PO-DIST-1848,2026-02-23,NA-East,DIST-MIDATL-SUPPLY,TIER_1_STRATEGIC,310143.0,FULFILLED,,2026-03-06
PO-DIST-1849,2026-02-23,NA-East,DIST-EMPIRE-IND,TIER_1_STRATEGIC,473370.0,FULFILLED,,2026-03-14
PO-DIST-1850,2026-02-23,NA-East,DIST-TRI-STATE-OPS,TIER_3_LOCAL,102446.0,FULFILLED,,2026-03-14
PO-DIST-1851,2026-02-23,NA-Central,DIST-TEXAS-COMMERCIAL,TIER_1_STRATEGIC,326523.0,FULFILLED,,2026-03-15
PO-DIST-1852,2026-02-23,NA-West,DIST-PACIFIC-LOGISTICS,TIER_1_STRATEGIC,227068.0,FULFILLED,,2026-03-09
PO-DIST-1853,2026-02-23,NA-West,DIST-CAL-ENTERPRISE,TIER_1_STRATEGIC,443464.0,FULFILLED,,2026-03-09
PO-DIST-1854,2026-02-23,NA-West,DIST-MOUNTAIN-PARTS,TIER_2_REGIONAL,62223.0,FULFILLED,,2026-03-09
PO-DIST-1855,2026-02-25,NA-East,DIST-APEX-EAST,TIER_1_STRATEGIC,267685.0,FULFILLED,,2026-03-07
PO-DIST-1856,2026-02-25,NA-East,DIST-MIDATL-SUPPLY,TIER_1_STRATEGIC,220190.0,FULFILLED,,2026-03-17
PO-DIST-1857,2026-02-25,NA-East,DIST-EMPIRE-IND,TIER_1_STRATEGIC,298468.0,FULFILLED,,2026-03-13
PO-DIST-1858,2026-02-25,NA-East,DIST-COASTAL-WHOLESALE,TIER_2_REGIONAL,88505.0,FULFILLED,,2026-03-13
PO-DIST-1859,2026-02-25,NA-East,DIST-SUNBELT-PARTS,TIER_2_REGIONAL,75064.0,FULFILLED,,2026-03-12
PO-DIST-1860,2026-02-25,NA-Central,DIST-GREATLAKES-SUPPLY,TIER_2_REGIONAL,69855.0,FULFILLED,,2026-03-08
PO-DIST-1861,2026-02-25,NA-West,DIST-PACIFIC-LOGISTICS,TIER_1_STRATEGIC,200737.0,FULFILLED,,2026-03-18
PO-DIST-1862,2026-02-25,NA-West,DIST-CAL-ENTERPRISE,TIER_1_STRATEGIC,421432.0,FULFILLED,,2026-03-11
PO-DIST-1863,2026-02-27,NA-East,DIST-MIDATL-SUPPLY,TIER_1_STRATEGIC,294975.0,FULFILLED,,2026-03-20
PO-DIST-1864,2026-02-27,NA-East,DIST-EMPIRE-IND,TIER_1_STRATEGIC,429596.0,FULFILLED,,2026-03-17
PO-DIST-1865,2026-02-27,NA-East,DIST-COASTAL-WHOLESALE,TIER_2_REGIONAL,137584.0,FULFILLED,,2026-03-17
PO-DIST-1866,2026-02-27,NA-East,DIST-SUNBELT-PARTS,TIER_2_REGIONAL,127552.0,FULFILLED,,2026-03-13
PO-DIST-1867,2026-02-27,NA-Central,DIST-MIDWEST-DIRECT,TIER_1_STRATEGIC,344124.0,FULFILLED,,2026-03-17
PO-DIST-1868,2026-02-27,NA-Central,DIST-GREATLAKES-SUPPLY,TIER_2_REGIONAL,74504.0,FULFILLED,,2026-03-10
PO-DIST-1869,2026-02-27,NA-West,DIST-PACIFIC-LOGISTICS,TIER_1_STRATEGIC,299057.0,FULFILLED,,2026-03-17
PO-DIST-1870,2026-02-27,NA-West,DIST-CAL-ENTERPRISE,TIER_1_STRATEGIC,393812.0,FULFILLED,,2026-03-15
PO-DIST-1871,2026-03-02,NA-East,DIST-APEX-EAST,TIER_1_STRATEGIC,270894.0,FULFILLED,,2026-03-15
PO-DIST-1872,2026-03-02,NA-East,DIST-MIDATL-SUPPLY,TIER_1_STRATEGIC,337147.0,FULFILLED,,2026-03-12
PO-DIST-1873,2026-03-02,NA-East,DIST-EMPIRE-IND,TIER_1_STRATEGIC,434447.0,FULFILLED,,2026-03-22
PO-DIST-1874,2026-03-02,NA-East,DIST-COASTAL-WHOLESALE,TIER_2_REGIONAL,103023.0,FULFILLED,,2026-03-12
PO-DIST-1875,2026-03-02,NA-East,DIST-SUNBELT-PARTS,TIER_2_REGIONAL,69568.0,FULFILLED,,2026-03-19
PO-DIST-1876,2026-03-02,NA-Central,DIST-MIDWEST-DIRECT,TIER_1_STRATEGIC,225661.0,FULFILLED,,2026-03-19
PO-DIST-1877,2026-03-02,NA-Central,DIST-GREATLAKES-SUPPLY,TIER_2_REGIONAL,72891.0,FULFILLED,,2026-03-16
PO-DIST-1878,2026-03-02,NA-Central,DIST-TEXAS-COMMERCIAL,TIER_1_STRATEGIC,226456.0,FULFILLED,,2026-03-17
PO-DIST-1879,2026-03-02,NA-West,DIST-PACIFIC-LOGISTICS,TIER_1_STRATEGIC,334054.0,FULFILLED,,2026-03-20
PO-DIST-1880,2026-03-02,NA-West,DIST-CAL-ENTERPRISE,TIER_1_STRATEGIC,207526.0,FULFILLED,,2026-03-14
PO-DIST-1881,2026-03-04,NA-East,DIST-APEX-EAST,TIER_1_STRATEGIC,443389.0,FULFILLED,,2026-03-18
PO-DIST-1882,2026-03-04,NA-East,DIST-MIDATL-SUPPLY,TIER_1_STRATEGIC,199102.0,FULFILLED,,2026-03-20
PO-DIST-1883,2026-03-04,NA-East,DIST-EMPIRE-IND,TIER_1_STRATEGIC,299042.0,FULFILLED,,2026-03-17
PO-DIST-1884,2026-03-04,NA-East,DIST-COASTAL-WHOLESALE,TIER_2_REGIONAL,118199.0,FULFILLED,,2026-03-21
PO-DIST-1885,2026-03-04,NA-East,DIST-TRI-STATE-OPS,TIER_3_LOCAL,97795.0,FULFILLED,,2026-03-23
PO-DIST-1886,2026-03-04,NA-Central,DIST-MIDWEST-DIRECT,TIER_1_STRATEGIC,305483.0,FULFILLED,,2026-03-23
PO-DIST-1887,2026-03-04,NA-Central,DIST-GREATLAKES-SUPPLY,TIER_2_REGIONAL,111840.0,FULFILLED,,2026-03-22
PO-DIST-1888,2026-03-04,NA-West,DIST-PACIFIC-LOGISTICS,TIER_1_STRATEGIC,286000.0,FULFILLED,,2026-03-18
PO-DIST-1889,2026-03-04,NA-West,DIST-CAL-ENTERPRISE,TIER_1_STRATEGIC,465312.0,FULFILLED,,2026-03-21
PO-DIST-1890,2026-03-06,NA-East,DIST-APEX-EAST,TIER_1_STRATEGIC,249606.0,SUBMITTED,,2026-03-24
PO-DIST-1891,2026-03-06,NA-East,DIST-MIDATL-SUPPLY,TIER_1_STRATEGIC,431547.0,FULFILLED,,2026-03-17
PO-DIST-1892,2026-03-06,NA-East,DIST-TRI-STATE-OPS,TIER_3_LOCAL,66423.0,FULFILLED,,2026-03-18
PO-DIST-1893,2026-03-06,NA-Central,DIST-MIDWEST-DIRECT,TIER_1_STRATEGIC,214407.0,FULFILLED,,2026-03-22
PO-DIST-1894,2026-03-06,NA-Central,DIST-TEXAS-COMMERCIAL,TIER_1_STRATEGIC,343279.0,FULFILLED,,2026-03-26
PO-DIST-1895,2026-03-06,NA-West,DIST-PACIFIC-LOGISTICS,TIER_1_STRATEGIC,368788.0,FULFILLED,,2026-03-16
PO-DIST-1896,2026-03-06,NA-West,DIST-CAL-ENTERPRISE,TIER_1_STRATEGIC,243561.0,SUBMITTED,,2026-03-23
PO-DIST-1897,2026-03-09,NA-East,DIST-APEX-EAST,TIER_1_STRATEGIC,399848.0,FULFILLED,,2026-03-23
PO-DIST-1898,2026-03-09,NA-East,DIST-MIDATL-SUPPLY,TIER_1_STRATEGIC,391259.0,FULFILLED,,2026-03-27
PO-DIST-1899,2026-03-09,NA-East,DIST-EMPIRE-IND,TIER_1_STRATEGIC,377099.0,SUBMITTED,,2026-03-26
PO-DIST-1900,2026-03-09,NA-East,DIST-TRI-STATE-OPS,TIER_3_LOCAL,150861.0,FULFILLED,,2026-03-22
PO-DIST-1901,2026-03-09,NA-Central,DIST-MIDWEST-DIRECT,TIER_1_STRATEGIC,230348.0,SUBMITTED,,2026-03-22
PO-DIST-1902,2026-03-09,NA-Central,DIST-TEXAS-COMMERCIAL,TIER_1_STRATEGIC,391040.0,FULFILLED,,2026-03-26
PO-DIST-1903,2026-03-09,NA-West,DIST-CAL-ENTERPRISE,TIER_1_STRATEGIC,258075.0,FULFILLED,,2026-03-21
PO-DIST-1904,2026-03-09,NA-West,DIST-MOUNTAIN-PARTS,TIER_2_REGIONAL,83497.0,FULFILLED,,2026-03-24
PO-DIST-1905,2026-03-11,NA-East,DIST-APEX-EAST,TIER_1_STRATEGIC,385329.0,FULFILLED,,2026-03-27
PO-DIST-1906,2026-03-11,NA-East,DIST-MIDATL-SUPPLY,TIER_1_STRATEGIC,414878.0,FULFILLED,,2026-03-29
PO-DIST-1907,2026-03-11,NA-East,DIST-SUNBELT-PARTS,TIER_2_REGIONAL,131637.0,FULFILLED,,2026-03-22
PO-DIST-1908,2026-03-11,NA-East,DIST-TRI-STATE-OPS,TIER_3_LOCAL,137955.0,FULFILLED,,2026-03-31
PO-DIST-1909,2026-03-11,NA-Central,DIST-MIDWEST-DIRECT,TIER_1_STRATEGIC,279937.0,FULFILLED,,2026-03-24
PO-DIST-1910,2026-03-11,NA-West,DIST-CAL-ENTERPRISE,TIER_1_STRATEGIC,351081.0,FULFILLED,,2026-03-24
PO-DIST-1911,2026-03-13,NA-East,DIST-APEX-EAST,TIER_1_STRATEGIC,266269.0,FULFILLED,,2026-04-01
PO-DIST-1912,2026-03-13,NA-East,DIST-MIDATL-SUPPLY,TIER_1_STRATEGIC,463514.0,FULFILLED,,2026-04-02
PO-DIST-1913,2026-03-13,NA-East,DIST-EMPIRE-IND,TIER_1_STRATEGIC,358135.0,FULFILLED,,2026-03-25
PO-DIST-1914,2026-03-13,NA-East,DIST-SUNBELT-PARTS,TIER_2_REGIONAL,68870.0,FULFILLED,,2026-03-29
PO-DIST-1915,2026-03-13,NA-East,DIST-TRI-STATE-OPS,TIER_3_LOCAL,153566.0,FULFILLED,,2026-03-29
PO-DIST-1916,2026-03-13,NA-Central,DIST-MIDWEST-DIRECT,TIER_1_STRATEGIC,279181.0,FULFILLED,,2026-03-26
PO-DIST-1917,2026-03-13,NA-Central,DIST-GREATLAKES-SUPPLY,TIER_2_REGIONAL,125734.0,FULFILLED,,2026-03-28
PO-DIST-1918,2026-03-13,NA-Central,DIST-TEXAS-COMMERCIAL,TIER_1_STRATEGIC,396507.0,FULFILLED,,2026-03-27
PO-DIST-1919,2026-03-13,NA-West,DIST-PACIFIC-LOGISTICS,TIER_1_STRATEGIC,181214.0,FULFILLED,,2026-03-24
PO-DIST-1920,2026-03-13,NA-West,DIST-CAL-ENTERPRISE,TIER_1_STRATEGIC,239618.0,FULFILLED,,2026-04-02
PO-DIST-1921,2026-03-13,NA-West,DIST-MOUNTAIN-PARTS,TIER_2_REGIONAL,95666.0,FULFILLED,,2026-03-30
PO-DIST-1922,2026-03-16,NA-East,DIST-APEX-EAST,TIER_1_STRATEGIC,284267.0,FULFILLED,,2026-04-03
PO-DIST-1923,2026-03-16,NA-East,DIST-MIDATL-SUPPLY,TIER_1_STRATEGIC,351855.0,FULFILLED,,2026-04-04
PO-DIST-1924,2026-03-16,NA-East,DIST-EMPIRE-IND,TIER_1_STRATEGIC,301423.0,FULFILLED,,2026-03-29
PO-DIST-1925,2026-03-16,NA-East,DIST-SUNBELT-PARTS,TIER_2_REGIONAL,69517.0,FULFILLED,,2026-03-26
PO-DIST-1926,2026-03-16,NA-Central,DIST-TEXAS-COMMERCIAL,TIER_1_STRATEGIC,215412.0,FULFILLED,,2026-03-29
PO-DIST-1927,2026-03-16,NA-West,DIST-PACIFIC-LOGISTICS,TIER_1_STRATEGIC,258587.0,FULFILLED,,2026-04-02
PO-DIST-1928,2026-03-16,NA-West,DIST-CAL-ENTERPRISE,TIER_1_STRATEGIC,287342.0,FULFILLED,,2026-03-27
PO-DIST-1929,2026-03-18,NA-East,DIST-APEX-EAST,TIER_1_STRATEGIC,351882.0,FULFILLED,,2026-04-01
PO-DIST-1930,2026-03-18,NA-East,DIST-MIDATL-SUPPLY,TIER_1_STRATEGIC,283362.0,FULFILLED,,2026-04-07
PO-DIST-1931,2026-03-18,NA-East,DIST-EMPIRE-IND,TIER_1_STRATEGIC,230937.0,FULFILLED,,2026-04-07
PO-DIST-1932,2026-03-18,NA-East,DIST-SUNBELT-PARTS,TIER_2_REGIONAL,69148.0,FULFILLED,,2026-04-02
PO-DIST-1933,2026-03-18,NA-East,DIST-TRI-STATE-OPS,TIER_3_LOCAL,88710.0,FULFILLED,,2026-04-01
PO-DIST-1934,2026-03-18,NA-Central,DIST-MIDWEST-DIRECT,TIER_1_STRATEGIC,415217.0,FULFILLED,,2026-04-06
PO-DIST-1935,2026-03-18,NA-Central,DIST-TEXAS-COMMERCIAL,TIER_1_STRATEGIC,345314.0,FULFILLED,,2026-04-01
PO-DIST-1936,2026-03-18,NA-West,DIST-PACIFIC-LOGISTICS,TIER_1_STRATEGIC,228636.0,FULFILLED,,2026-04-07
PO-DIST-1937,2026-03-18,NA-West,DIST-CAL-ENTERPRISE,TIER_1_STRATEGIC,194568.0,FULFILLED,,2026-04-04
PO-DIST-1938,2026-03-18,NA-West,DIST-MOUNTAIN-PARTS,TIER_2_REGIONAL,157758.0,FULFILLED,,2026-04-06
PO-DIST-1939,2026-03-20,NA-East,DIST-APEX-EAST,TIER_1_STRATEGIC,472703.0,FULFILLED,,2026-04-08
PO-DIST-1940,2026-03-20,NA-East,DIST-MIDATL-SUPPLY,TIER_1_STRATEGIC,402002.0,FULFILLED,,2026-04-10
PO-DIST-1941,2026-03-20,NA-East,DIST-EMPIRE-IND,TIER_1_STRATEGIC,334320.0,FULFILLED,,2026-04-06
PO-DIST-1942,2026-03-20,NA-East,DIST-TRI-STATE-OPS,TIER_3_LOCAL,90806.0,FULFILLED,,2026-04-10
PO-DIST-1943,2026-03-20,NA-Central,DIST-MIDWEST-DIRECT,TIER_1_STRATEGIC,379759.0,FULFILLED,,2026-04-05
PO-DIST-1944,2026-03-20,NA-Central,DIST-GREATLAKES-SUPPLY,TIER_2_REGIONAL,149118.0,FULFILLED,,2026-03-31
PO-DIST-1945,2026-03-20,NA-Central,DIST-TEXAS-COMMERCIAL,TIER_1_STRATEGIC,339532.0,FULFILLED,,2026-04-02
PO-DIST-1946,2026-03-20,NA-West,DIST-PACIFIC-LOGISTICS,TIER_1_STRATEGIC,207968.0,FULFILLED,,2026-04-02
PO-DIST-1947,2026-03-20,NA-West,DIST-CAL-ENTERPRISE,TIER_1_STRATEGIC,275920.0,FULFILLED,,2026-04-07
PO-DIST-1948,2026-03-20,NA-West,DIST-MOUNTAIN-PARTS,TIER_2_REGIONAL,81803.0,FULFILLED,,2026-04-08
PO-DIST-1949,2026-03-23,NA-East,DIST-MIDATL-SUPPLY,TIER_1_STRATEGIC,364848.0,FULFILLED,,2026-04-04
PO-DIST-1950,2026-03-23,NA-East,DIST-EMPIRE-IND,TIER_1_STRATEGIC,406353.0,FULFILLED,,2026-04-11
PO-DIST-1951,2026-03-23,NA-Central,DIST-MIDWEST-DIRECT,TIER_1_STRATEGIC,211670.0,FULFILLED,,2026-04-04
PO-DIST-1952,2026-03-23,NA-Central,DIST-TEXAS-COMMERCIAL,TIER_1_STRATEGIC,286477.0,FULFILLED,,2026-04-09
PO-DIST-1953,2026-03-23,NA-West,DIST-PACIFIC-LOGISTICS,TIER_1_STRATEGIC,347379.0,FULFILLED,,2026-04-04
PO-DIST-1954,2026-03-25,NA-East,DIST-APEX-EAST,TIER_1_STRATEGIC,403046.0,FULFILLED,,2026-04-13
PO-DIST-1955,2026-03-25,NA-East,DIST-MIDATL-SUPPLY,TIER_1_STRATEGIC,307424.0,FULFILLED,,2026-04-07
PO-DIST-1956,2026-03-25,NA-East,DIST-EMPIRE-IND,TIER_1_STRATEGIC,205122.0,FULFILLED,,2026-04-13
PO-DIST-1957,2026-03-25,NA-Central,DIST-MIDWEST-DIRECT,TIER_1_STRATEGIC,200098.0,FULFILLED,,2026-04-07
PO-DIST-1958,2026-03-25,NA-Central,DIST-TEXAS-COMMERCIAL,TIER_1_STRATEGIC,233595.0,FULFILLED,,2026-04-13
PO-DIST-1959,2026-03-25,NA-West,DIST-PACIFIC-LOGISTICS,TIER_1_STRATEGIC,463581.0,FULFILLED,,2026-04-09
PO-DIST-1960,2026-03-25,NA-West,DIST-CAL-ENTERPRISE,TIER_1_STRATEGIC,197410.0,FULFILLED,,2026-04-15
PO-DIST-1961,2026-03-25,NA-West,DIST-MOUNTAIN-PARTS,TIER_2_REGIONAL,142781.0,FULFILLED,,2026-04-06
PO-DIST-1962,2026-03-27,NA-East,DIST-APEX-EAST,TIER_1_STRATEGIC,433754.0,FULFILLED,,2026-04-13
PO-DIST-1963,2026-03-27,NA-East,DIST-EMPIRE-IND,TIER_1_STRATEGIC,350467.0,FULFILLED,,2026-04-06
PO-DIST-1964,2026-03-27,NA-East,DIST-COASTAL-WHOLESALE,TIER_2_REGIONAL,115319.0,FULFILLED,,2026-04-12
PO-DIST-1965,2026-03-27,NA-Central,DIST-MIDWEST-DIRECT,TIER_1_STRATEGIC,277887.0,FULFILLED,,2026-04-16
PO-DIST-1966,2026-03-27,NA-Central,DIST-TEXAS-COMMERCIAL,TIER_1_STRATEGIC,221774.0,FULFILLED,,2026-04-11
PO-DIST-1967,2026-03-27,NA-West,DIST-PACIFIC-LOGISTICS,TIER_1_STRATEGIC,472288.0,FULFILLED,,2026-04-11
PO-DIST-1968,2026-03-27,NA-West,DIST-CAL-ENTERPRISE,TIER_1_STRATEGIC,444595.0,FULFILLED,,2026-04-16
PO-DIST-1969,2026-03-27,NA-West,DIST-MOUNTAIN-PARTS,TIER_2_REGIONAL,75841.0,FULFILLED,,2026-04-16
PO-DIST-1970,2026-03-30,NA-East,DIST-APEX-EAST,TIER_1_STRATEGIC,285290.0,FULFILLED,,2026-04-20
PO-DIST-1971,2026-03-30,NA-East,DIST-MIDATL-SUPPLY,TIER_1_STRATEGIC,270570.0,FULFILLED,,2026-04-10
PO-DIST-1972,2026-03-30,NA-East,DIST-EMPIRE-IND,TIER_1_STRATEGIC,200205.0,SUBMITTED,,2026-04-12
PO-DIST-1973,2026-03-30,NA-East,DIST-COASTAL-WHOLESALE,TIER_2_REGIONAL,80529.0,FULFILLED,,2026-04-16
PO-DIST-1974,2026-03-30,NA-Central,DIST-MIDWEST-DIRECT,TIER_1_STRATEGIC,446638.0,FULFILLED,,2026-04-09
PO-DIST-1975,2026-03-30,NA-Central,DIST-GREATLAKES-SUPPLY,TIER_2_REGIONAL,142746.0,FULFILLED,,2026-04-17
PO-DIST-1976,2026-03-30,NA-Central,DIST-TEXAS-COMMERCIAL,TIER_1_STRATEGIC,365414.0,FULFILLED,,2026-04-18
PO-DIST-1977,2026-03-30,NA-West,DIST-PACIFIC-LOGISTICS,TIER_1_STRATEGIC,245937.0,FULFILLED,,2026-04-15
PO-DIST-1978,2026-03-30,NA-West,DIST-MOUNTAIN-PARTS,TIER_2_REGIONAL,92367.0,FULFILLED,,2026-04-17
PO-DIST-1979,2026-04-01,NA-East,DIST-MIDATL-SUPPLY,TIER_1_STRATEGIC,414066.0,SUBMITTED,,2026-04-17
PO-DIST-1980,2026-04-01,NA-East,DIST-EMPIRE-IND,TIER_1_STRATEGIC,442741.0,FULFILLED,,2026-04-11
PO-DIST-1981,2026-04-01,NA-Central,DIST-MIDWEST-DIRECT,TIER_1_STRATEGIC,421836.0,FULFILLED,,2026-04-14
PO-DIST-1982,2026-04-01,NA-Central,DIST-GREATLAKES-SUPPLY,TIER_2_REGIONAL,123054.0,FULFILLED,,2026-04-18
PO-DIST-1983,2026-04-01,NA-Central,DIST-TEXAS-COMMERCIAL,TIER_1_STRATEGIC,252492.0,FULFILLED,,2026-04-18
PO-DIST-1984,2026-04-01,NA-West,DIST-PACIFIC-LOGISTICS,TIER_1_STRATEGIC,264754.0,FULFILLED,,2026-04-15
PO-DIST-1985,2026-04-01,NA-West,DIST-CAL-ENTERPRISE,TIER_1_STRATEGIC,330844.0,FULFILLED,,2026-04-16
PO-DIST-1986,2026-04-01,NA-West,DIST-MOUNTAIN-PARTS,TIER_2_REGIONAL,131495.0,FULFILLED,,2026-04-16
PO-DIST-1987,2026-04-03,NA-East,DIST-MIDATL-SUPPLY,TIER_1_STRATEGIC,276671.0,FULFILLED,,2026-04-18
PO-DIST-1988,2026-04-03,NA-East,DIST-EMPIRE-IND,TIER_1_STRATEGIC,427049.0,FULFILLED,,2026-04-21
PO-DIST-1989,2026-04-03,NA-East,DIST-TRI-STATE-OPS,TIER_3_LOCAL,132642.0,FULFILLED,,2026-04-17
PO-DIST-1990,2026-04-03,NA-Central,DIST-MIDWEST-DIRECT,TIER_1_STRATEGIC,379501.0,FULFILLED,,2026-04-21
PO-DIST-1991,2026-04-03,NA-Central,DIST-TEXAS-COMMERCIAL,TIER_1_STRATEGIC,417595.0,FULFILLED,,2026-04-19
PO-DIST-1992,2026-04-06,NA-East,DIST-APEX-EAST,TIER_1_STRATEGIC,441436.0,FULFILLED,,2026-04-22
PO-DIST-1993,2026-04-06,NA-East,DIST-MIDATL-SUPPLY,TIER_1_STRATEGIC,438190.0,FULFILLED,,2026-04-27
PO-DIST-1994,2026-04-06,NA-East,DIST-EMPIRE-IND,TIER_1_STRATEGIC,211909.0,FULFILLED,,2026-04-18
PO-DIST-1995,2026-04-06,NA-East,DIST-COASTAL-WHOLESALE,TIER_2_REGIONAL,136593.0,FULFILLED,,2026-04-27
PO-DIST-1996,2026-04-06,NA-Central,DIST-MIDWEST-DIRECT,TIER_1_STRATEGIC,337092.0,FULFILLED,,2026-04-27
PO-DIST-1997,2026-04-06,NA-West,DIST-PACIFIC-LOGISTICS,TIER_1_STRATEGIC,236612.0,FULFILLED,,2026-04-17
PO-DIST-1998,2026-04-06,NA-West,DIST-CAL-ENTERPRISE,TIER_1_STRATEGIC,435934.0,FULFILLED,,2026-04-22
PO-DIST-1999,2026-04-08,NA-East,DIST-APEX-EAST,TIER_1_STRATEGIC,181286.0,FULFILLED,,2026-04-22
PO-DIST-2000,2026-04-08,NA-East,DIST-MIDATL-SUPPLY,TIER_1_STRATEGIC,361205.0,FULFILLED,,2026-04-26
PO-DIST-2001,2026-04-08,NA-East,DIST-EMPIRE-IND,TIER_1_STRATEGIC,247715.0,FULFILLED,,2026-04-27
PO-DIST-2002,2026-04-08,NA-East,DIST-SUNBELT-PARTS,TIER_2_REGIONAL,78991.0,FULFILLED,,2026-04-27
PO-DIST-2003,2026-04-08,NA-East,DIST-TRI-STATE-OPS,TIER_3_LOCAL,98144.0,FULFILLED,,2026-04-27
PO-DIST-2004,2026-04-08,NA-Central,DIST-MIDWEST-DIRECT,TIER_1_STRATEGIC,324208.0,FULFILLED,,2026-04-20
PO-DIST-2005,2026-04-08,NA-Central,DIST-TEXAS-COMMERCIAL,TIER_1_STRATEGIC,282179.0,FULFILLED,,2026-04-19
PO-DIST-2006,2026-04-08,NA-West,DIST-PACIFIC-LOGISTICS,TIER_1_STRATEGIC,308723.0,FULFILLED,,2026-04-27
PO-DIST-2007,2026-04-08,NA-West,DIST-CAL-ENTERPRISE,TIER_1_STRATEGIC,467786.0,FULFILLED,,2026-04-29
PO-DIST-2008,2026-04-08,NA-West,DIST-MOUNTAIN-PARTS,TIER_2_REGIONAL,136733.0,FULFILLED,,2026-04-29
PO-DIST-2009,2026-04-10,NA-East,DIST-MIDATL-SUPPLY,TIER_1_STRATEGIC,410157.0,FULFILLED,,2026-04-21
PO-DIST-2010,2026-04-10,NA-East,DIST-EMPIRE-IND,TIER_1_STRATEGIC,320866.0,FULFILLED,,2026-04-26
PO-DIST-2011,2026-04-10,NA-East,DIST-COASTAL-WHOLESALE,TIER_2_REGIONAL,137678.0,FULFILLED,,2026-04-24
PO-DIST-2012,2026-04-10,NA-East,DIST-TRI-STATE-OPS,TIER_3_LOCAL,122137.0,FULFILLED,,2026-04-25
PO-DIST-2013,2026-04-10,NA-Central,DIST-MIDWEST-DIRECT,TIER_1_STRATEGIC,202058.0,FULFILLED,,2026-04-21
PO-DIST-2014,2026-04-10,NA-West,DIST-PACIFIC-LOGISTICS,TIER_1_STRATEGIC,216064.0,FULFILLED,,2026-04-22
PO-DIST-2015,2026-04-10,NA-West,DIST-CAL-ENTERPRISE,TIER_1_STRATEGIC,347877.0,FULFILLED,,2026-05-01
PO-DIST-2016,2026-04-13,NA-East,DIST-APEX-EAST,TIER_1_STRATEGIC,251146.0,FULFILLED,,2026-04-29
PO-DIST-2017,2026-04-13,NA-East,DIST-EMPIRE-IND,TIER_1_STRATEGIC,323973.0,SUBMITTED,,2026-04-26
PO-DIST-2018,2026-04-13,NA-East,DIST-TRI-STATE-OPS,TIER_3_LOCAL,93592.0,FULFILLED,,2026-04-26
PO-DIST-2019,2026-04-13,NA-Central,DIST-MIDWEST-DIRECT,TIER_1_STRATEGIC,360222.0,FULFILLED,,2026-05-04
PO-DIST-2020,2026-04-13,NA-Central,DIST-TEXAS-COMMERCIAL,TIER_1_STRATEGIC,284063.0,SUBMITTED,,2026-04-30
PO-DIST-2021,2026-04-13,NA-West,DIST-PACIFIC-LOGISTICS,TIER_1_STRATEGIC,370391.0,FULFILLED,,2026-05-03
PO-DIST-2022,2026-04-13,NA-West,DIST-CAL-ENTERPRISE,TIER_1_STRATEGIC,359993.0,FULFILLED,,2026-05-02
PO-DIST-2023,2026-04-13,NA-West,DIST-MOUNTAIN-PARTS,TIER_2_REGIONAL,94631.0,FULFILLED,,2026-04-27
PO-DIST-2024,2026-04-15,NA-East,DIST-MIDATL-SUPPLY,TIER_1_STRATEGIC,370453.0,SUBMITTED,,2026-04-25
PO-DIST-2025,2026-04-15,NA-East,DIST-EMPIRE-IND,TIER_1_STRATEGIC,199349.0,FULFILLED,,2026-04-27
PO-DIST-2026,2026-04-15,NA-East,DIST-SUNBELT-PARTS,TIER_2_REGIONAL,115366.0,FULFILLED,,2026-04-29
PO-DIST-2027,2026-04-15,NA-East,DIST-TRI-STATE-OPS,TIER_3_LOCAL,85105.0,FULFILLED,,2026-04-27
PO-DIST-2028,2026-04-15,NA-Central,DIST-MIDWEST-DIRECT,TIER_1_STRATEGIC,347749.0,FULFILLED,,2026-05-06
PO-DIST-2029,2026-04-15,NA-Central,DIST-TEXAS-COMMERCIAL,TIER_1_STRATEGIC,252434.0,FULFILLED,,2026-05-04
PO-DIST-2030,2026-04-15,NA-West,DIST-PACIFIC-LOGISTICS,TIER_1_STRATEGIC,457671.0,FULFILLED,,2026-04-27
PO-DIST-2031,2026-04-15,NA-West,DIST-CAL-ENTERPRISE,TIER_1_STRATEGIC,462792.0,FULFILLED,,2026-04-29
PO-DIST-2032,2026-04-15,NA-West,DIST-MOUNTAIN-PARTS,TIER_2_REGIONAL,130819.0,FULFILLED,,2026-04-26
PO-DIST-2033,2026-04-17,NA-East,DIST-APEX-EAST,TIER_1_STRATEGIC,458066.0,FULFILLED,,2026-04-27
PO-DIST-2034,2026-04-17,NA-East,DIST-MIDATL-SUPPLY,TIER_1_STRATEGIC,339965.0,FULFILLED,,2026-05-02
PO-DIST-2035,2026-04-17,NA-East,DIST-EMPIRE-IND,TIER_1_STRATEGIC,195421.0,FULFILLED,,2026-04-29
PO-DIST-2036,2026-04-17,NA-East,DIST-COASTAL-WHOLESALE,TIER_2_REGIONAL,65637.0,FULFILLED,,2026-05-05
PO-DIST-2037,2026-04-17,NA-East,DIST-SUNBELT-PARTS,TIER_2_REGIONAL,88147.0,FULFILLED,,2026-05-08
PO-DIST-2038,2026-04-17,NA-East,DIST-TRI-STATE-OPS,TIER_3_LOCAL,156715.0,SUBMITTED,,2026-05-01
PO-DIST-2039,2026-04-17,NA-Central,DIST-MIDWEST-DIRECT,TIER_1_STRATEGIC,432882.0,FULFILLED,,2026-05-06
PO-DIST-2040,2026-04-17,NA-Central,DIST-TEXAS-COMMERCIAL,TIER_1_STRATEGIC,333106.0,FULFILLED,,2026-05-06
PO-DIST-2041,2026-04-17,NA-West,DIST-PACIFIC-LOGISTICS,TIER_1_STRATEGIC,212405.0,FULFILLED,,2026-04-27
PO-DIST-2042,2026-04-17,NA-West,DIST-CAL-ENTERPRISE,TIER_1_STRATEGIC,260512.0,FULFILLED,,2026-05-03
PO-DIST-2043,2026-04-17,NA-West,DIST-MOUNTAIN-PARTS,TIER_2_REGIONAL,105809.0,FULFILLED,,2026-05-06
PO-DIST-2044,2026-04-20,NA-East,DIST-APEX-EAST,TIER_1_STRATEGIC,440432.0,FULFILLED,,2026-05-07
PO-DIST-2045,2026-04-20,NA-East,DIST-MIDATL-SUPPLY,TIER_1_STRATEGIC,349162.0,FULFILLED,,2026-05-07
PO-DIST-2046,2026-04-20,NA-East,DIST-EMPIRE-IND,TIER_1_STRATEGIC,183388.0,FULFILLED,,2026-05-01
PO-DIST-2047,2026-04-20,NA-Central,DIST-MIDWEST-DIRECT,TIER_1_STRATEGIC,396004.0,FULFILLED,,2026-05-01
PO-DIST-2048,2026-04-20,NA-Central,DIST-TEXAS-COMMERCIAL,TIER_1_STRATEGIC,381911.0,SUBMITTED,,2026-05-04
PO-DIST-2049,2026-04-20,NA-West,DIST-PACIFIC-LOGISTICS,TIER_1_STRATEGIC,195006.0,FULFILLED,,2026-05-06
PO-DIST-2050,2026-04-20,NA-West,DIST-CAL-ENTERPRISE,TIER_1_STRATEGIC,375493.0,FULFILLED,,2026-05-07
PO-DIST-2051,2026-04-20,NA-West,DIST-MOUNTAIN-PARTS,TIER_2_REGIONAL,90085.0,FULFILLED,,2026-05-08
PO-DIST-2052,2026-04-22,NA-East,DIST-APEX-EAST,TIER_1_STRATEGIC,479712.0,FULFILLED,,2026-05-13
PO-DIST-2053,2026-04-22,NA-East,DIST-MIDATL-SUPPLY,TIER_1_STRATEGIC,405775.0,FULFILLED,,2026-05-03
PO-DIST-2054,2026-04-22,NA-East,DIST-EMPIRE-IND,TIER_1_STRATEGIC,374514.0,FULFILLED,,2026-05-06
PO-DIST-2055,2026-04-22,NA-East,DIST-SUNBELT-PARTS,TIER_2_REGIONAL,102334.0,FULFILLED,,2026-05-04
PO-DIST-2056,2026-04-22,NA-East,DIST-TRI-STATE-OPS,TIER_3_LOCAL,130093.0,FULFILLED,,2026-05-07
PO-DIST-2057,2026-04-22,NA-Central,DIST-MIDWEST-DIRECT,TIER_1_STRATEGIC,455250.0,FULFILLED,,2026-05-08
PO-DIST-2058,2026-04-22,NA-Central,DIST-TEXAS-COMMERCIAL,TIER_1_STRATEGIC,437071.0,FULFILLED,,2026-05-03
PO-DIST-2059,2026-04-22,NA-West,DIST-PACIFIC-LOGISTICS,TIER_1_STRATEGIC,239861.0,FULFILLED,,2026-05-06
PO-DIST-2060,2026-04-22,NA-West,DIST-CAL-ENTERPRISE,TIER_1_STRATEGIC,345572.0,FULFILLED,,2026-05-05
PO-DIST-2061,2026-04-24,NA-East,DIST-MIDATL-SUPPLY,TIER_1_STRATEGIC,251848.0,FULFILLED,,2026-05-06
PO-DIST-2062,2026-04-24,NA-East,DIST-COASTAL-WHOLESALE,TIER_2_REGIONAL,119907.0,FULFILLED,,2026-05-09
PO-DIST-2063,2026-04-24,NA-East,DIST-SUNBELT-PARTS,TIER_2_REGIONAL,108433.0,FULFILLED,,2026-05-13
PO-DIST-2064,2026-04-24,NA-Central,DIST-MIDWEST-DIRECT,TIER_1_STRATEGIC,464537.0,FULFILLED,,2026-05-05
PO-DIST-2065,2026-04-24,NA-Central,DIST-TEXAS-COMMERCIAL,TIER_1_STRATEGIC,245728.0,FULFILLED,,2026-05-04
PO-DIST-2066,2026-04-24,NA-West,DIST-PACIFIC-LOGISTICS,TIER_1_STRATEGIC,227338.0,FULFILLED,,2026-05-14
PO-DIST-2067,2026-04-24,NA-West,DIST-CAL-ENTERPRISE,TIER_1_STRATEGIC,330379.0,FULFILLED,,2026-05-06
PO-DIST-2068,2026-04-27,NA-East,DIST-APEX-EAST,TIER_1_STRATEGIC,311159.0,FULFILLED,,2026-05-15
PO-DIST-2069,2026-04-27,NA-East,DIST-MIDATL-SUPPLY,TIER_1_STRATEGIC,345820.0,FULFILLED,,2026-05-12
PO-DIST-2070,2026-04-27,NA-East,DIST-EMPIRE-IND,TIER_1_STRATEGIC,437834.0,FULFILLED,,2026-05-08
PO-DIST-2071,2026-04-27,NA-East,DIST-COASTAL-WHOLESALE,TIER_2_REGIONAL,89137.0,FULFILLED,,2026-05-16
PO-DIST-2072,2026-04-27,NA-Central,DIST-MIDWEST-DIRECT,TIER_1_STRATEGIC,369337.0,FULFILLED,,2026-05-12
PO-DIST-2073,2026-04-27,NA-Central,DIST-TEXAS-COMMERCIAL,TIER_1_STRATEGIC,381209.0,FULFILLED,,2026-05-12
PO-DIST-2074,2026-04-27,NA-West,DIST-PACIFIC-LOGISTICS,TIER_1_STRATEGIC,277322.0,FULFILLED,,2026-05-17
PO-DIST-2075,2026-04-27,NA-West,DIST-CAL-ENTERPRISE,TIER_1_STRATEGIC,476720.0,FULFILLED,,2026-05-15
PO-DIST-2076,2026-04-27,NA-West,DIST-MOUNTAIN-PARTS,TIER_2_REGIONAL,90521.0,FULFILLED,,2026-05-15
PO-DIST-2077,2026-04-29,NA-East,DIST-APEX-EAST,TIER_1_STRATEGIC,378675.0,FULFILLED,,2026-05-15
PO-DIST-2078,2026-04-29,NA-East,DIST-MIDATL-SUPPLY,TIER_1_STRATEGIC,395581.0,FULFILLED,,2026-05-18
PO-DIST-2079,2026-04-29,NA-East,DIST-EMPIRE-IND,TIER_1_STRATEGIC,455877.0,FULFILLED,,2026-05-09
PO-DIST-2080,2026-04-29,NA-East,DIST-COASTAL-WHOLESALE,TIER_2_REGIONAL,78634.0,FULFILLED,,2026-05-18
PO-DIST-2081,2026-04-29,NA-East,DIST-SUNBELT-PARTS,TIER_2_REGIONAL,80965.0,FULFILLED,,2026-05-20
PO-DIST-2082,2026-04-29,NA-Central,DIST-TEXAS-COMMERCIAL,TIER_1_STRATEGIC,334340.0,SUBMITTED,,2026-05-13
PO-DIST-2083,2026-04-29,NA-West,DIST-PACIFIC-LOGISTICS,TIER_1_STRATEGIC,356172.0,FULFILLED,,2026-05-12
PO-DIST-2084,2026-04-29,NA-West,DIST-CAL-ENTERPRISE,TIER_1_STRATEGIC,449226.0,FULFILLED,,2026-05-14
PO-DIST-2085,2026-05-01,NA-East,DIST-APEX-EAST,TIER_1_STRATEGIC,309131.0,FULFILLED,,2026-05-20
PO-DIST-2086,2026-05-01,NA-East,DIST-MIDATL-SUPPLY,TIER_1_STRATEGIC,320180.0,FULFILLED,,2026-05-21
PO-DIST-2087,2026-05-01,NA-East,DIST-EMPIRE-IND,TIER_1_STRATEGIC,213493.0,FULFILLED,,2026-05-12
PO-DIST-2088,2026-05-01,NA-East,DIST-SUNBELT-PARTS,TIER_2_REGIONAL,157017.0,FULFILLED,,2026-05-18
PO-DIST-2089,2026-05-01,NA-Central,DIST-TEXAS-COMMERCIAL,TIER_1_STRATEGIC,373368.0,FULFILLED,,2026-05-18
PO-DIST-2090,2026-05-01,NA-West,DIST-PACIFIC-LOGISTICS,TIER_1_STRATEGIC,215499.0,FULFILLED,,2026-05-18
PO-DIST-2091,2026-05-01,NA-West,DIST-CAL-ENTERPRISE,TIER_1_STRATEGIC,467296.0,FULFILLED,,2026-05-11
PO-DIST-2092,2026-05-01,NA-West,DIST-MOUNTAIN-PARTS,TIER_2_REGIONAL,64554.0,FULFILLED,,2026-05-14
PO-DIST-2093,2026-05-04,NA-East,DIST-APEX-EAST,TIER_1_STRATEGIC,288516.0,FULFILLED,,2026-05-14
PO-DIST-2094,2026-05-04,NA-East,DIST-MIDATL-SUPPLY,TIER_1_STRATEGIC,278932.0,FULFILLED,,2026-05-23
PO-DIST-2095,2026-05-04,NA-East,DIST-COASTAL-WHOLESALE,TIER_2_REGIONAL,117816.0,FULFILLED,,2026-05-20
PO-DIST-2096,2026-05-04,NA-Central,DIST-MIDWEST-DIRECT,TIER_1_STRATEGIC,445370.0,FULFILLED,,2026-05-20
PO-DIST-2097,2026-05-04,NA-Central,DIST-TEXAS-COMMERCIAL,TIER_1_STRATEGIC,189026.0,FULFILLED,,2026-05-20
PO-DIST-2098,2026-05-04,NA-West,DIST-PACIFIC-LOGISTICS,TIER_1_STRATEGIC,300336.0,FULFILLED,,2026-05-24
PO-DIST-2099,2026-05-04,NA-West,DIST-CAL-ENTERPRISE,TIER_1_STRATEGIC,247643.0,FULFILLED,,2026-05-24
PO-DIST-2100,2026-05-06,NA-East,DIST-APEX-EAST,TIER_1_STRATEGIC,421538.0,FULFILLED,,2026-05-19
PO-DIST-2101,2026-05-06,NA-East,DIST-EMPIRE-IND,TIER_1_STRATEGIC,239828.0,FULFILLED,,2026-05-21
PO-DIST-2102,2026-05-06,NA-Central,DIST-TEXAS-COMMERCIAL,TIER_1_STRATEGIC,254942.0,FULFILLED,,2026-05-21
PO-DIST-2103,2026-05-06,NA-West,DIST-CAL-ENTERPRISE,TIER_1_STRATEGIC,389150.0,FULFILLED,,2026-05-27
PO-DIST-2104,2026-05-08,NA-East,DIST-APEX-EAST,TIER_1_STRATEGIC,375413.0,FULFILLED,,2026-05-28
PO-DIST-2105,2026-05-08,NA-East,DIST-EMPIRE-IND,TIER_1_STRATEGIC,270064.0,FULFILLED,,2026-05-21
PO-DIST-2106,2026-05-08,NA-East,DIST-COASTAL-WHOLESALE,TIER_2_REGIONAL,92765.0,FULFILLED,,2026-05-20
PO-DIST-2107,2026-05-08,NA-East,DIST-TRI-STATE-OPS,TIER_3_LOCAL,158608.0,FULFILLED,,2026-05-29
PO-DIST-2108,2026-05-08,NA-Central,DIST-MIDWEST-DIRECT,TIER_1_STRATEGIC,412775.0,FULFILLED,,2026-05-27
PO-DIST-2109,2026-05-08,NA-Central,DIST-GREATLAKES-SUPPLY,TIER_2_REGIONAL,124046.0,FULFILLED,,2026-05-25
PO-DIST-2110,2026-05-08,NA-Central,DIST-TEXAS-COMMERCIAL,TIER_1_STRATEGIC,431428.0,FULFILLED,,2026-05-28
PO-DIST-2111,2026-05-11,NA-East,DIST-APEX-EAST,TIER_1_STRATEGIC,283101.0,FULFILLED,,2026-05-23
PO-DIST-2112,2026-05-11,NA-East,DIST-MIDATL-SUPPLY,TIER_1_STRATEGIC,433374.0,FULFILLED,,2026-05-29
PO-DIST-2113,2026-05-11,NA-East,DIST-EMPIRE-IND,TIER_1_STRATEGIC,425022.0,FULFILLED,,2026-05-27
PO-DIST-2114,2026-05-11,NA-East,DIST-SUNBELT-PARTS,TIER_2_REGIONAL,68637.0,SUBMITTED,,2026-05-31
PO-DIST-2115,2026-05-11,NA-East,DIST-TRI-STATE-OPS,TIER_3_LOCAL,101669.0,FULFILLED,,2026-05-25
PO-DIST-2116,2026-05-11,NA-Central,DIST-MIDWEST-DIRECT,TIER_1_STRATEGIC,475729.0,FULFILLED,,2026-05-26
PO-DIST-2117,2026-05-11,NA-Central,DIST-TEXAS-COMMERCIAL,TIER_1_STRATEGIC,334044.0,FULFILLED,,2026-05-27
PO-DIST-2118,2026-05-11,NA-West,DIST-PACIFIC-LOGISTICS,TIER_1_STRATEGIC,192886.0,FULFILLED,,2026-05-30
PO-DIST-2119,2026-05-11,NA-West,DIST-CAL-ENTERPRISE,TIER_1_STRATEGIC,267372.0,FULFILLED,,2026-05-31
PO-DIST-2120,2026-05-13,NA-East,DIST-APEX-EAST,TIER_1_STRATEGIC,444352.0,FULFILLED,,2026-05-25
PO-DIST-2121,2026-05-13,NA-East,DIST-MIDATL-SUPPLY,TIER_1_STRATEGIC,187474.0,FULFILLED,,2026-05-28
PO-DIST-2122,2026-05-13,NA-East,DIST-COASTAL-WHOLESALE,TIER_2_REGIONAL,132267.0,SUBMITTED,,2026-05-26
PO-DIST-2123,2026-05-13,NA-East,DIST-SUNBELT-PARTS,TIER_2_REGIONAL,127635.0,FULFILLED,,2026-05-27
PO-DIST-2124,2026-05-13,NA-East,DIST-TRI-STATE-OPS,TIER_3_LOCAL,94374.0,FULFILLED,,2026-06-02
PO-DIST-2125,2026-05-13,NA-Central,DIST-MIDWEST-DIRECT,TIER_1_STRATEGIC,459410.0,FULFILLED,,2026-05-25
PO-DIST-2126,2026-05-13,NA-Central,DIST-TEXAS-COMMERCIAL,TIER_1_STRATEGIC,246532.0,FULFILLED,,2026-05-28
PO-DIST-2127,2026-05-13,NA-West,DIST-CAL-ENTERPRISE,TIER_1_STRATEGIC,243462.0,FULFILLED,,2026-05-28
PO-DIST-2128,2026-05-15,NA-East,DIST-APEX-EAST,TIER_1_STRATEGIC,233831.0,FULFILLED,,2026-05-25
PO-DIST-2129,2026-05-15,NA-East,DIST-MIDATL-SUPPLY,TIER_1_STRATEGIC,342565.0,FULFILLED,,2026-05-27
PO-DIST-2130,2026-05-15,NA-East,DIST-COASTAL-WHOLESALE,TIER_2_REGIONAL,88870.0,FULFILLED,,2026-05-26
PO-DIST-2131,2026-05-15,NA-East,DIST-SUNBELT-PARTS,TIER_2_REGIONAL,123238.0,FULFILLED,,2026-05-30
PO-DIST-2132,2026-05-15,NA-Central,DIST-MIDWEST-DIRECT,TIER_1_STRATEGIC,285734.0,FULFILLED,,2026-06-05
PO-DIST-2133,2026-05-15,NA-Central,DIST-GREATLAKES-SUPPLY,TIER_2_REGIONAL,116801.0,FULFILLED,,2026-06-01
PO-DIST-2134,2026-05-15,NA-Central,DIST-TEXAS-COMMERCIAL,TIER_1_STRATEGIC,272917.0,FULFILLED,,2026-05-29
PO-DIST-2135,2026-05-15,NA-West,DIST-PACIFIC-LOGISTICS,TIER_1_STRATEGIC,457144.0,FULFILLED,,2026-06-01
PO-DIST-2136,2026-05-15,NA-West,DIST-CAL-ENTERPRISE,TIER_1_STRATEGIC,233844.0,FULFILLED,,2026-05-29
PO-DIST-2137,2026-05-18,NA-East,DIST-APEX-EAST,TIER_1_STRATEGIC,217861.0,FULFILLED,,2026-06-02
PO-DIST-2138,2026-05-18,NA-East,DIST-MIDATL-SUPPLY,TIER_1_STRATEGIC,479214.0,FULFILLED,,2026-06-05
PO-DIST-2139,2026-05-18,NA-East,DIST-EMPIRE-IND,TIER_1_STRATEGIC,460950.0,FULFILLED,,2026-05-29
PO-DIST-2140,2026-05-18,NA-East,DIST-COASTAL-WHOLESALE,TIER_2_REGIONAL,86536.0,FULFILLED,,2026-05-29
PO-DIST-2141,2026-05-18,NA-Central,DIST-MIDWEST-DIRECT,TIER_1_STRATEGIC,307253.0,FULFILLED,,2026-06-04
PO-DIST-2142,2026-05-18,NA-Central,DIST-TEXAS-COMMERCIAL,TIER_1_STRATEGIC,368856.0,FULFILLED,,2026-05-30
PO-DIST-2143,2026-05-18,NA-West,DIST-CAL-ENTERPRISE,TIER_1_STRATEGIC,424120.0,FULFILLED,,2026-06-07
PO-DIST-2144,2026-05-18,NA-West,DIST-MOUNTAIN-PARTS,TIER_2_REGIONAL,111210.0,FULFILLED,,2026-05-29
PO-DIST-2145,2026-05-20,NA-East,DIST-APEX-EAST,TIER_1_STRATEGIC,254888.0,FULFILLED,,2026-06-09
PO-DIST-2146,2026-05-20,NA-East,DIST-MIDATL-SUPPLY,TIER_1_STRATEGIC,180686.0,FULFILLED,,2026-06-02
PO-DIST-2147,2026-05-20,NA-East,DIST-EMPIRE-IND,TIER_1_STRATEGIC,274210.0,SUBMITTED,,2026-05-31
PO-DIST-2148,2026-05-20,NA-East,DIST-SUNBELT-PARTS,TIER_2_REGIONAL,75994.0,FULFILLED,,2026-06-10
PO-DIST-2149,2026-05-20,NA-Central,DIST-MIDWEST-DIRECT,TIER_1_STRATEGIC,369170.0,FULFILLED,,2026-06-04
PO-DIST-2150,2026-05-20,NA-Central,DIST-TEXAS-COMMERCIAL,TIER_1_STRATEGIC,269688.0,FULFILLED,,2026-06-04
PO-DIST-2151,2026-05-20,NA-West,DIST-PACIFIC-LOGISTICS,TIER_1_STRATEGIC,412726.0,FULFILLED,,2026-06-09
PO-DIST-2152,2026-05-20,NA-West,DIST-CAL-ENTERPRISE,TIER_1_STRATEGIC,333283.0,FULFILLED,,2026-05-31
PO-DIST-2153,2026-05-22,NA-East,DIST-APEX-EAST,TIER_1_STRATEGIC,286730.0,FULFILLED,,2026-06-01
PO-DIST-2154,2026-05-22,NA-East,DIST-MIDATL-SUPPLY,TIER_1_STRATEGIC,249652.0,FULFILLED,,2026-06-10
PO-DIST-2155,2026-05-22,NA-East,DIST-EMPIRE-IND,TIER_1_STRATEGIC,367308.0,FULFILLED,,2026-06-12
PO-DIST-2156,2026-05-22,NA-East,DIST-SUNBELT-PARTS,TIER_2_REGIONAL,143644.0,FULFILLED,,2026-06-03
PO-DIST-2157,2026-05-22,NA-East,DIST-TRI-STATE-OPS,TIER_3_LOCAL,135781.0,FULFILLED,,2026-06-08
PO-DIST-2158,2026-05-22,NA-Central,DIST-MIDWEST-DIRECT,TIER_1_STRATEGIC,362447.0,FULFILLED,,2026-06-06
PO-DIST-2159,2026-05-22,NA-Central,DIST-TEXAS-COMMERCIAL,TIER_1_STRATEGIC,390195.0,FULFILLED,,2026-06-08
PO-DIST-2160,2026-05-22,NA-West,DIST-PACIFIC-LOGISTICS,TIER_1_STRATEGIC,330602.0,FULFILLED,,2026-06-02
PO-DIST-2161,2026-05-22,NA-West,DIST-CAL-ENTERPRISE,TIER_1_STRATEGIC,297512.0,FULFILLED,,2026-06-10
PO-DIST-2162,2026-05-25,NA-East,DIST-APEX-EAST,TIER_1_STRATEGIC,457372.0,FULFILLED,,2026-06-04
PO-DIST-2163,2026-05-25,NA-East,DIST-MIDATL-SUPPLY,TIER_1_STRATEGIC,420931.0,FULFILLED,,2026-06-15
PO-DIST-2164,2026-05-25,NA-East,DIST-EMPIRE-IND,TIER_1_STRATEGIC,284521.0,FULFILLED,,2026-06-06
PO-DIST-2165,2026-05-25,NA-East,DIST-COASTAL-WHOLESALE,TIER_2_REGIONAL,106238.0,FULFILLED,,2026-06-07
PO-DIST-2166,2026-05-25,NA-East,DIST-SUNBELT-PARTS,TIER_2_REGIONAL,138713.0,FULFILLED,,2026-06-12
PO-DIST-2167,2026-05-25,NA-Central,DIST-TEXAS-COMMERCIAL,TIER_1_STRATEGIC,243537.0,FULFILLED,,2026-06-06
PO-DIST-2168,2026-05-25,NA-West,DIST-PACIFIC-LOGISTICS,TIER_1_STRATEGIC,195672.0,FULFILLED,,2026-06-11
PO-DIST-2169,2026-05-25,NA-West,DIST-MOUNTAIN-PARTS,TIER_2_REGIONAL,126533.0,FULFILLED,,2026-06-07
PO-DIST-2170,2026-05-27,NA-East,DIST-APEX-EAST,TIER_1_STRATEGIC,395539.0,FULFILLED,,2026-06-10
PO-DIST-2171,2026-05-27,NA-East,DIST-MIDATL-SUPPLY,TIER_1_STRATEGIC,438168.0,FULFILLED,,2026-06-12
PO-DIST-2172,2026-05-27,NA-East,DIST-EMPIRE-IND,TIER_1_STRATEGIC,277832.0,FULFILLED,,2026-06-08
PO-DIST-2173,2026-05-27,NA-East,DIST-SUNBELT-PARTS,TIER_2_REGIONAL,67205.0,FULFILLED,,2026-06-08
PO-DIST-2174,2026-05-27,NA-East,DIST-TRI-STATE-OPS,TIER_3_LOCAL,152715.0,FULFILLED,,2026-06-12
PO-DIST-2175,2026-05-27,NA-Central,DIST-MIDWEST-DIRECT,TIER_1_STRATEGIC,465365.0,FULFILLED,,2026-06-07
PO-DIST-2176,2026-05-27,NA-Central,DIST-GREATLAKES-SUPPLY,TIER_2_REGIONAL,109538.0,FULFILLED,,2026-06-15
PO-DIST-2177,2026-05-27,NA-Central,DIST-TEXAS-COMMERCIAL,TIER_1_STRATEGIC,378131.0,FULFILLED,,2026-06-14
PO-DIST-2178,2026-05-27,NA-West,DIST-PACIFIC-LOGISTICS,TIER_1_STRATEGIC,360369.0,FULFILLED,,2026-06-10
PO-DIST-2179,2026-05-29,NA-East,DIST-APEX-EAST,TIER_1_STRATEGIC,207974.0,FULFILLED,,2026-06-08
PO-DIST-2180,2026-05-29,NA-East,DIST-MIDATL-SUPPLY,TIER_1_STRATEGIC,406316.0,FULFILLED,,2026-06-15
PO-DIST-2181,2026-05-29,NA-East,DIST-EMPIRE-IND,TIER_1_STRATEGIC,220958.0,FULFILLED,,2026-06-11
PO-DIST-2182,2026-05-29,NA-East,DIST-COASTAL-WHOLESALE,TIER_2_REGIONAL,156418.0,FULFILLED,,2026-06-17
PO-DIST-2183,2026-05-29,NA-Central,DIST-MIDWEST-DIRECT,TIER_1_STRATEGIC,248510.0,FULFILLED,,2026-06-11
PO-DIST-2184,2026-05-29,NA-Central,DIST-TEXAS-COMMERCIAL,TIER_1_STRATEGIC,233709.0,FULFILLED,,2026-06-17
PO-DIST-2185,2026-05-29,NA-West,DIST-PACIFIC-LOGISTICS,TIER_1_STRATEGIC,217142.0,FULFILLED,,2026-06-12
PO-DIST-2186,2026-05-29,NA-West,DIST-CAL-ENTERPRISE,TIER_1_STRATEGIC,233579.0,FULFILLED,,2026-06-10
PO-DIST-2187,2026-05-29,NA-West,DIST-MOUNTAIN-PARTS,TIER_2_REGIONAL,105704.0,FULFILLED,,2026-06-18
PO-DIST-2188,2026-06-01,NA-East,DIST-APEX-EAST,TIER_1_STRATEGIC,389166.0,FULFILLED,,2026-06-12
PO-DIST-2189,2026-06-01,NA-East,DIST-MIDATL-SUPPLY,TIER_1_STRATEGIC,427321.0,FULFILLED,,2026-06-22
PO-DIST-2190,2026-06-01,NA-East,DIST-EMPIRE-IND,TIER_1_STRATEGIC,325490.0,FULFILLED,,2026-06-16
PO-DIST-2191,2026-06-01,NA-East,DIST-TRI-STATE-OPS,TIER_3_LOCAL,125994.0,FULFILLED,,2026-06-13
PO-DIST-2192,2026-06-01,NA-Central,DIST-MIDWEST-DIRECT,TIER_1_STRATEGIC,375074.0,FULFILLED,,2026-06-16
PO-DIST-2193,2026-06-01,NA-Central,DIST-TEXAS-COMMERCIAL,TIER_1_STRATEGIC,387563.0,FULFILLED,,2026-06-21
PO-DIST-2194,2026-06-01,NA-West,DIST-CAL-ENTERPRISE,TIER_1_STRATEGIC,464454.0,FULFILLED,,2026-06-15
PO-DIST-2195,2026-06-01,NA-West,DIST-MOUNTAIN-PARTS,TIER_2_REGIONAL,123811.0,FULFILLED,,2026-06-14
PO-DIST-2196,2026-06-03,NA-East,DIST-APEX-EAST,TIER_1_STRATEGIC,430115.0,FULFILLED,,2026-06-14
PO-DIST-2197,2026-06-03,NA-East,DIST-MIDATL-SUPPLY,TIER_1_STRATEGIC,476799.0,FULFILLED,,2026-06-22
PO-DIST-2198,2026-06-03,NA-East,DIST-EMPIRE-IND,TIER_1_STRATEGIC,402496.0,FULFILLED,,2026-06-13
PO-DIST-2199,2026-06-03,NA-East,DIST-SUNBELT-PARTS,TIER_2_REGIONAL,154133.0,FULFILLED,,2026-06-16
PO-DIST-2200,2026-06-03,NA-Central,DIST-MIDWEST-DIRECT,TIER_1_STRATEGIC,381230.0,FULFILLED,,2026-06-19
PO-DIST-2201,2026-06-03,NA-Central,DIST-GREATLAKES-SUPPLY,TIER_2_REGIONAL,60253.0,FULFILLED,,2026-06-15
PO-DIST-2202,2026-06-03,NA-Central,DIST-TEXAS-COMMERCIAL,TIER_1_STRATEGIC,427068.0,FULFILLED,,2026-06-22
PO-DIST-2203,2026-06-03,NA-West,DIST-PACIFIC-LOGISTICS,TIER_1_STRATEGIC,425073.0,FULFILLED,,2026-06-14
PO-DIST-2204,2026-06-03,NA-West,DIST-CAL-ENTERPRISE,TIER_1_STRATEGIC,303739.0,FULFILLED,,2026-06-22
PO-DIST-2205,2026-06-05,NA-East,DIST-APEX-EAST,TIER_1_STRATEGIC,307646.0,FULFILLED,,2026-06-16
PO-DIST-2206,2026-06-05,NA-East,DIST-EMPIRE-IND,TIER_1_STRATEGIC,244780.0,FULFILLED,,2026-06-26
PO-DIST-2207,2026-06-05,NA-East,DIST-COASTAL-WHOLESALE,TIER_2_REGIONAL,143091.0,FULFILLED,,2026-06-23
PO-DIST-2208,2026-06-05,NA-East,DIST-SUNBELT-PARTS,TIER_2_REGIONAL,106958.0,FULFILLED,,2026-06-16
PO-DIST-2209,2026-06-05,NA-Central,DIST-MIDWEST-DIRECT,TIER_1_STRATEGIC,421875.0,FULFILLED,,2026-06-16
PO-DIST-2210,2026-06-05,NA-Central,DIST-GREATLAKES-SUPPLY,TIER_2_REGIONAL,153758.0,FULFILLED,,2026-06-16
PO-DIST-2211,2026-06-05,NA-Central,DIST-TEXAS-COMMERCIAL,TIER_1_STRATEGIC,435667.0,FULFILLED,,2026-06-26
PO-DIST-2212,2026-06-05,NA-West,DIST-PACIFIC-LOGISTICS,TIER_1_STRATEGIC,460928.0,FULFILLED,,2026-06-21
PO-DIST-2213,2026-06-05,NA-West,DIST-CAL-ENTERPRISE,TIER_1_STRATEGIC,432589.0,FULFILLED,,2026-06-15
PO-DIST-2214,2026-06-08,NA-East,DIST-MIDATL-SUPPLY,TIER_1_STRATEGIC,255378.0,FULFILLED,,2026-06-24
PO-DIST-2215,2026-06-08,NA-East,DIST-SUNBELT-PARTS,TIER_2_REGIONAL,73890.0,FULFILLED,,2026-06-21
PO-DIST-2216,2026-06-08,NA-Central,DIST-MIDWEST-DIRECT,TIER_1_STRATEGIC,371865.0,FULFILLED,,2026-06-28
PO-DIST-2217,2026-06-08,NA-Central,DIST-GREATLAKES-SUPPLY,TIER_2_REGIONAL,68354.0,FULFILLED,,2026-06-28
PO-DIST-2218,2026-06-08,NA-Central,DIST-TEXAS-COMMERCIAL,TIER_1_STRATEGIC,207647.0,FULFILLED,,2026-06-22
PO-DIST-2219,2026-06-08,NA-West,DIST-PACIFIC-LOGISTICS,TIER_1_STRATEGIC,345677.0,FULFILLED,,2026-06-21
PO-DIST-2220,2026-06-08,NA-West,DIST-CAL-ENTERPRISE,TIER_1_STRATEGIC,288160.0,FULFILLED,,2026-06-20
PO-DIST-2221,2026-06-10,NA-East,DIST-APEX-EAST,TIER_1_STRATEGIC,283758.0,FULFILLED,,2026-06-30
PO-DIST-2222,2026-06-10,NA-East,DIST-MIDATL-SUPPLY,TIER_1_STRATEGIC,268516.0,FULFILLED,,2026-06-23
PO-DIST-2223,2026-06-10,NA-East,DIST-EMPIRE-IND,TIER_1_STRATEGIC,221522.0,FULFILLED,,2026-06-26
PO-DIST-2224,2026-06-10,NA-Central,DIST-MIDWEST-DIRECT,TIER_1_STRATEGIC,420779.0,FULFILLED,,2026-07-01
PO-DIST-2225,2026-06-10,NA-Central,DIST-GREATLAKES-SUPPLY,TIER_2_REGIONAL,138257.0,FULFILLED,,2026-06-22
PO-DIST-2226,2026-06-10,NA-Central,DIST-TEXAS-COMMERCIAL,TIER_1_STRATEGIC,215997.0,FULFILLED,,2026-06-23
PO-DIST-2227,2026-06-10,NA-West,DIST-PACIFIC-LOGISTICS,TIER_1_STRATEGIC,455875.0,SUBMITTED,,2026-07-01
PO-DIST-2228,2026-06-10,NA-West,DIST-CAL-ENTERPRISE,TIER_1_STRATEGIC,390775.0,FULFILLED,,2026-06-23
PO-DIST-2229,2026-06-12,NA-East,DIST-APEX-EAST,TIER_1_STRATEGIC,249497.0,FULFILLED,,2026-06-23
PO-DIST-2230,2026-06-12,NA-East,DIST-MIDATL-SUPPLY,TIER_1_STRATEGIC,322671.0,FULFILLED,,2026-06-30
PO-DIST-2231,2026-06-12,NA-East,DIST-EMPIRE-IND,TIER_1_STRATEGIC,380818.0,FULFILLED,,2026-06-23
PO-DIST-2232,2026-06-12,NA-Central,DIST-TEXAS-COMMERCIAL,TIER_1_STRATEGIC,469338.0,FULFILLED,,2026-07-01
PO-DIST-2233,2026-06-12,NA-West,DIST-PACIFIC-LOGISTICS,TIER_1_STRATEGIC,477481.0,FULFILLED,,2026-06-28
PO-DIST-2234,2026-06-12,NA-West,DIST-CAL-ENTERPRISE,TIER_1_STRATEGIC,452265.0,FULFILLED,,2026-06-23
PO-DIST-2235,2026-06-12,NA-West,DIST-MOUNTAIN-PARTS,TIER_2_REGIONAL,85363.0,FULFILLED,,2026-06-25
PO-DIST-2236,2026-06-15,NA-East,DIST-APEX-EAST,TIER_1_STRATEGIC,256089.0,FULFILLED,,2026-06-25
PO-DIST-2237,2026-06-15,NA-East,DIST-TRI-STATE-OPS,TIER_3_LOCAL,75280.0,SUBMITTED,,2026-06-29
PO-DIST-2238,2026-06-15,NA-Central,DIST-MIDWEST-DIRECT,TIER_1_STRATEGIC,208381.0,FULFILLED,,2026-06-26
PO-DIST-2239,2026-06-15,NA-Central,DIST-TEXAS-COMMERCIAL,TIER_1_STRATEGIC,238910.0,FULFILLED,,2026-06-29
PO-DIST-2240,2026-06-15,NA-West,DIST-PACIFIC-LOGISTICS,TIER_1_STRATEGIC,382762.0,FULFILLED,,2026-07-06
PO-DIST-2241,2026-06-15,NA-West,DIST-CAL-ENTERPRISE,TIER_1_STRATEGIC,434994.0,FULFILLED,,2026-07-05
PO-DIST-2242,2026-06-17,NA-East,DIST-APEX-EAST,TIER_1_STRATEGIC,349056.0,FULFILLED,,2026-07-08
PO-DIST-2243,2026-06-17,NA-East,DIST-MIDATL-SUPPLY,TIER_1_STRATEGIC,232861.0,FULFILLED,,2026-07-03
PO-DIST-2244,2026-06-17,NA-East,DIST-COASTAL-WHOLESALE,TIER_2_REGIONAL,103223.0,FULFILLED,,2026-06-28
PO-DIST-2245,2026-06-17,NA-East,DIST-SUNBELT-PARTS,TIER_2_REGIONAL,154917.0,FULFILLED,,2026-06-29
PO-DIST-2246,2026-06-17,NA-East,DIST-TRI-STATE-OPS,TIER_3_LOCAL,103040.0,FULFILLED,,2026-07-02
PO-DIST-2247,2026-06-17,NA-Central,DIST-MIDWEST-DIRECT,TIER_1_STRATEGIC,447375.0,FULFILLED,,2026-07-04
PO-DIST-2248,2026-06-17,NA-Central,DIST-GREATLAKES-SUPPLY,TIER_2_REGIONAL,81021.0,FULFILLED,,2026-07-05
PO-DIST-2249,2026-06-17,NA-Central,DIST-TEXAS-COMMERCIAL,TIER_1_STRATEGIC,376908.0,FULFILLED,,2026-07-02
PO-DIST-2250,2026-06-17,NA-West,DIST-PACIFIC-LOGISTICS,TIER_1_STRATEGIC,260225.0,FULFILLED,,2026-06-28
PO-DIST-2251,2026-06-17,NA-West,DIST-CAL-ENTERPRISE,TIER_1_STRATEGIC,426937.0,FULFILLED,,2026-06-30
PO-DIST-2252,2026-06-17,NA-West,DIST-MOUNTAIN-PARTS,TIER_2_REGIONAL,92223.0,FULFILLED,,2026-06-28
PO-DIST-2253,2026-06-19,NA-East,DIST-APEX-EAST,TIER_1_STRATEGIC,208625.0,FULFILLED,,2026-07-05
PO-DIST-2254,2026-06-19,NA-East,DIST-MIDATL-SUPPLY,TIER_1_STRATEGIC,192835.0,FULFILLED,,2026-06-30
PO-DIST-2255,2026-06-19,NA-East,DIST-EMPIRE-IND,TIER_1_STRATEGIC,436943.0,FULFILLED,,2026-07-07
PO-DIST-2256,2026-06-19,NA-East,DIST-TRI-STATE-OPS,TIER_3_LOCAL,62207.0,FULFILLED,,2026-07-07
PO-DIST-2257,2026-06-19,NA-Central,DIST-MIDWEST-DIRECT,TIER_1_STRATEGIC,391809.0,FULFILLED,,2026-07-02
PO-DIST-2258,2026-06-19,NA-Central,DIST-GREATLAKES-SUPPLY,TIER_2_REGIONAL,139222.0,SUBMITTED,,2026-07-04
PO-DIST-2259,2026-06-19,NA-Central,DIST-TEXAS-COMMERCIAL,TIER_1_STRATEGIC,337966.0,FULFILLED,,2026-07-05
PO-DIST-2260,2026-06-19,NA-West,DIST-PACIFIC-LOGISTICS,TIER_1_STRATEGIC,286428.0,FULFILLED,,2026-07-05
PO-DIST-2261,2026-06-19,NA-West,DIST-CAL-ENTERPRISE,TIER_1_STRATEGIC,343622.0,FULFILLED,,2026-07-03
PO-DIST-2262,2026-06-22,NA-East,DIST-APEX-EAST,TIER_1_STRATEGIC,339790.0,FULFILLED,,2026-07-12
PO-DIST-2263,2026-06-22,NA-East,DIST-MIDATL-SUPPLY,TIER_1_STRATEGIC,309694.0,FULFILLED,,2026-07-10
PO-DIST-2264,2026-06-22,NA-East,DIST-EMPIRE-IND,TIER_1_STRATEGIC,340156.0,FULFILLED,,2026-07-10
PO-DIST-2265,2026-06-22,NA-East,DIST-COASTAL-WHOLESALE,TIER_2_REGIONAL,117088.0,FULFILLED,,2026-07-07
PO-DIST-2266,2026-06-22,NA-East,DIST-SUNBELT-PARTS,TIER_2_REGIONAL,153894.0,FULFILLED,,2026-07-05
PO-DIST-2267,2026-06-22,NA-East,DIST-TRI-STATE-OPS,TIER_3_LOCAL,151401.0,FULFILLED,,2026-07-02
PO-DIST-2268,2026-06-22,NA-Central,DIST-MIDWEST-DIRECT,TIER_1_STRATEGIC,339762.0,FULFILLED,,2026-07-12
PO-DIST-2269,2026-06-22,NA-Central,DIST-TEXAS-COMMERCIAL,TIER_1_STRATEGIC,227281.0,FULFILLED,,2026-07-04
PO-DIST-2270,2026-06-22,NA-West,DIST-PACIFIC-LOGISTICS,TIER_1_STRATEGIC,444661.0,SUBMITTED,,2026-07-03
PO-DIST-2271,2026-06-22,NA-West,DIST-CAL-ENTERPRISE,TIER_1_STRATEGIC,392858.0,FULFILLED,,2026-07-04
PO-DIST-2272,2026-06-24,NA-East,DIST-APEX-EAST,TIER_1_STRATEGIC,277944.0,FULFILLED,,2026-07-08
PO-DIST-2273,2026-06-24,NA-East,DIST-MIDATL-SUPPLY,TIER_1_STRATEGIC,196245.0,FULFILLED,,2026-07-04
PO-DIST-2274,2026-06-24,NA-East,DIST-EMPIRE-IND,TIER_1_STRATEGIC,478285.0,FULFILLED,,2026-07-13
PO-DIST-2275,2026-06-24,NA-East,DIST-SUNBELT-PARTS,TIER_2_REGIONAL,108899.0,FULFILLED,,2026-07-07
PO-DIST-2276,2026-06-24,NA-Central,DIST-MIDWEST-DIRECT,TIER_1_STRATEGIC,401599.0,FULFILLED,,2026-07-06
PO-DIST-2277,2026-06-24,NA-Central,DIST-GREATLAKES-SUPPLY,TIER_2_REGIONAL,78465.0,FULFILLED,,2026-07-10
PO-DIST-2278,2026-06-24,NA-Central,DIST-TEXAS-COMMERCIAL,TIER_1_STRATEGIC,432377.0,FULFILLED,,2026-07-14
PO-DIST-2279,2026-06-24,NA-West,DIST-PACIFIC-LOGISTICS,TIER_1_STRATEGIC,309084.0,SUBMITTED,,2026-07-09
PO-DIST-2280,2026-06-26,NA-East,DIST-APEX-EAST,TIER_1_STRATEGIC,402806.0,FULFILLED,,2026-07-07
PO-DIST-2281,2026-06-26,NA-East,DIST-MIDATL-SUPPLY,TIER_1_STRATEGIC,187938.0,FULFILLED,,2026-07-14
PO-DIST-2282,2026-06-26,NA-East,DIST-SUNBELT-PARTS,TIER_2_REGIONAL,147441.0,FULFILLED,,2026-07-12
PO-DIST-2283,2026-06-26,NA-East,DIST-TRI-STATE-OPS,TIER_3_LOCAL,83412.0,FULFILLED,,2026-07-14
PO-DIST-2284,2026-06-26,NA-Central,DIST-MIDWEST-DIRECT,TIER_1_STRATEGIC,384189.0,FULFILLED,,2026-07-14
PO-DIST-2285,2026-06-26,NA-Central,DIST-TEXAS-COMMERCIAL,TIER_1_STRATEGIC,379268.0,SUBMITTED,,2026-07-16
PO-DIST-2286,2026-06-26,NA-West,DIST-PACIFIC-LOGISTICS,TIER_1_STRATEGIC,471785.0,FULFILLED,,2026-07-09
PO-DIST-2287,2026-06-26,NA-West,DIST-CAL-ENTERPRISE,TIER_1_STRATEGIC,395543.0,FULFILLED,,2026-07-14
PO-DIST-2288,2026-06-29,NA-East,DIST-APEX-EAST,TIER_1_STRATEGIC,202278.0,FULFILLED,,2026-07-17
PO-DIST-2289,2026-06-29,NA-East,DIST-MIDATL-SUPPLY,TIER_1_STRATEGIC,472372.0,FULFILLED,,2026-07-14
PO-DIST-2290,2026-06-29,NA-East,DIST-EMPIRE-IND,TIER_1_STRATEGIC,330552.0,FULFILLED,,2026-07-15
PO-DIST-2291,2026-06-29,NA-East,DIST-TRI-STATE-OPS,TIER_3_LOCAL,93399.0,FULFILLED,,2026-07-14
PO-DIST-2292,2026-06-29,NA-Central,DIST-MIDWEST-DIRECT,TIER_1_STRATEGIC,278010.0,FULFILLED,,2026-07-18
PO-DIST-2293,2026-06-29,NA-Central,DIST-TEXAS-COMMERCIAL,TIER_1_STRATEGIC,440353.0,FULFILLED,,2026-07-17
PO-DIST-2294,2026-06-29,NA-West,DIST-MOUNTAIN-PARTS,TIER_2_REGIONAL,127296.0,FULFILLED,,2026-07-09
PO-DIST-2295,2026-07-01,NA-East,DIST-APEX-EAST,TIER_1_STRATEGIC,358572.0,FULFILLED,,2026-07-12
PO-DIST-2296,2026-07-01,NA-East,DIST-MIDATL-SUPPLY,TIER_1_STRATEGIC,187852.0,FULFILLED,,2026-07-13
PO-DIST-2297,2026-07-01,NA-East,DIST-EMPIRE-IND,TIER_1_STRATEGIC,236123.0,FULFILLED,,2026-07-16
PO-DIST-2298,2026-07-01,NA-East,DIST-COASTAL-WHOLESALE,TIER_2_REGIONAL,112928.0,FULFILLED,,2026-07-11
PO-DIST-2299,2026-07-01,NA-East,DIST-SUNBELT-PARTS,TIER_2_REGIONAL,75352.0,FULFILLED,,2026-07-13
PO-DIST-2300,2026-07-01,NA-Central,DIST-MIDWEST-DIRECT,TIER_1_STRATEGIC,418980.0,FULFILLED,,2026-07-16
PO-DIST-2301,2026-07-01,NA-Central,DIST-TEXAS-COMMERCIAL,TIER_1_STRATEGIC,462292.0,FULFILLED,,2026-07-13
PO-DIST-2302,2026-07-01,NA-West,DIST-PACIFIC-LOGISTICS,TIER_1_STRATEGIC,398467.0,FULFILLED,,2026-07-11
PO-DIST-2303,2026-07-01,NA-West,DIST-CAL-ENTERPRISE,TIER_1_STRATEGIC,331119.0,FULFILLED,,2026-07-11
PO-DIST-2304,2026-07-03,NA-East,DIST-APEX-EAST,TIER_1_STRATEGIC,300045.0,FULFILLED,,2026-07-15
PO-DIST-2305,2026-07-03,NA-East,DIST-MIDATL-SUPPLY,TIER_1_STRATEGIC,444074.0,FULFILLED,,2026-07-17
PO-DIST-2306,2026-07-03,NA-East,DIST-EMPIRE-IND,TIER_1_STRATEGIC,349665.0,FULFILLED,,2026-07-17
PO-DIST-2307,2026-07-03,NA-East,DIST-SUNBELT-PARTS,TIER_2_REGIONAL,108963.0,FULFILLED,,2026-07-14
PO-DIST-2308,2026-07-03,NA-Central,DIST-MIDWEST-DIRECT,TIER_1_STRATEGIC,227317.0,FULFILLED,,2026-07-19
PO-DIST-2309,2026-07-03,NA-Central,DIST-TEXAS-COMMERCIAL,TIER_1_STRATEGIC,302912.0,FULFILLED,,2026-07-18
PO-DIST-2310,2026-07-03,NA-West,DIST-PACIFIC-LOGISTICS,TIER_1_STRATEGIC,278903.0,FULFILLED,,2026-07-23
PO-DIST-2311,2026-07-03,NA-West,DIST-CAL-ENTERPRISE,TIER_1_STRATEGIC,447538.0,FULFILLED,,2026-07-24
PO-DIST-2312,2026-07-06,NA-East,DIST-APEX-EAST,TIER_1_STRATEGIC,252771.0,FULFILLED,,2026-07-22
PO-DIST-2313,2026-07-06,NA-East,DIST-MIDATL-SUPPLY,TIER_1_STRATEGIC,340510.0,SUBMITTED,,2026-07-17
PO-DIST-2314,2026-07-06,NA-East,DIST-EMPIRE-IND,TIER_1_STRATEGIC,192508.0,FULFILLED,,2026-07-16
PO-DIST-2315,2026-07-06,NA-East,DIST-COASTAL-WHOLESALE,TIER_2_REGIONAL,150594.0,FULFILLED,,2026-07-26
PO-DIST-2316,2026-07-06,NA-Central,DIST-MIDWEST-DIRECT,TIER_1_STRATEGIC,252878.0,FULFILLED,,2026-07-24
PO-DIST-2317,2026-07-06,NA-Central,DIST-GREATLAKES-SUPPLY,TIER_2_REGIONAL,95461.0,FULFILLED,,2026-07-26
PO-DIST-2318,2026-07-06,NA-Central,DIST-TEXAS-COMMERCIAL,TIER_1_STRATEGIC,419946.0,FULFILLED,,2026-07-16
PO-DIST-2319,2026-07-06,NA-West,DIST-CAL-ENTERPRISE,TIER_1_STRATEGIC,448023.0,FULFILLED,,2026-07-20
PO-DIST-2320,2026-07-06,NA-West,DIST-MOUNTAIN-PARTS,TIER_2_REGIONAL,108992.0,SUBMITTED,,2026-07-19
PO-DIST-2321,2026-07-08,NA-East,DIST-APEX-EAST,TIER_1_STRATEGIC,212655.0,FULFILLED,,2026-07-29
PO-DIST-2322,2026-07-08,NA-East,DIST-MIDATL-SUPPLY,TIER_1_STRATEGIC,232926.0,FULFILLED,,2026-07-22
PO-DIST-2323,2026-07-08,NA-Central,DIST-MIDWEST-DIRECT,TIER_1_STRATEGIC,335447.0,FULFILLED,,2026-07-22
PO-DIST-2324,2026-07-08,NA-Central,DIST-GREATLAKES-SUPPLY,TIER_2_REGIONAL,104037.0,FULFILLED,,2026-07-29
PO-DIST-2325,2026-07-08,NA-Central,DIST-TEXAS-COMMERCIAL,TIER_1_STRATEGIC,222552.0,FULFILLED,,2026-07-23
PO-DIST-2326,2026-07-08,NA-West,DIST-CAL-ENTERPRISE,TIER_1_STRATEGIC,227906.0,FULFILLED,,2026-07-21
PO-DIST-2327,2026-07-08,NA-West,DIST-MOUNTAIN-PARTS,TIER_2_REGIONAL,153920.0,FULFILLED,,2026-07-25
PO-DIST-2328,2026-07-10,NA-East,DIST-APEX-EAST,TIER_1_STRATEGIC,395784.0,FULFILLED,,2026-07-20
PO-DIST-2329,2026-07-10,NA-East,DIST-MIDATL-SUPPLY,TIER_1_STRATEGIC,198674.0,FULFILLED,,2026-07-25
PO-DIST-2330,2026-07-10,NA-East,DIST-EMPIRE-IND,TIER_1_STRATEGIC,299188.0,FULFILLED,,2026-07-21
PO-DIST-2331,2026-07-10,NA-East,DIST-COASTAL-WHOLESALE,TIER_2_REGIONAL,66228.0,FULFILLED,,2026-07-24
PO-DIST-2332,2026-07-10,NA-East,DIST-SUNBELT-PARTS,TIER_2_REGIONAL,97186.0,FULFILLED,,2026-07-21
PO-DIST-2333,2026-07-10,NA-East,DIST-TRI-STATE-OPS,TIER_3_LOCAL,122754.0,FULFILLED,,2026-07-22
PO-DIST-2334,2026-07-10,NA-Central,DIST-MIDWEST-DIRECT,TIER_1_STRATEGIC,328822.0,FULFILLED,,2026-07-21
PO-DIST-2335,2026-07-10,NA-Central,DIST-TEXAS-COMMERCIAL,TIER_1_STRATEGIC,332703.0,FULFILLED,,2026-07-30
PO-DIST-2336,2026-07-10,NA-West,DIST-PACIFIC-LOGISTICS,TIER_1_STRATEGIC,420313.0,FULFILLED,,2026-07-31
PO-DIST-2337,2026-07-10,NA-West,DIST-CAL-ENTERPRISE,TIER_1_STRATEGIC,242776.0,FULFILLED,,2026-07-30
PO-DIST-2338,2026-07-13,NA-East,DIST-APEX-EAST,TIER_1_STRATEGIC,204773.0,FULFILLED,,2026-07-30
PO-DIST-2339,2026-07-13,NA-East,DIST-MIDATL-SUPPLY,TIER_1_STRATEGIC,182797.0,FULFILLED,,2026-07-25
PO-DIST-2340,2026-07-13,NA-East,DIST-EMPIRE-IND,TIER_1_STRATEGIC,462807.0,FULFILLED,,2026-08-02
PO-DIST-2341,2026-07-13,NA-Central,DIST-MIDWEST-DIRECT,TIER_1_STRATEGIC,460144.0,FULFILLED,,2026-08-02
PO-DIST-2342,2026-07-13,NA-Central,DIST-GREATLAKES-SUPPLY,TIER_2_REGIONAL,76271.0,FULFILLED,,2026-08-03
PO-DIST-2343,2026-07-13,NA-Central,DIST-TEXAS-COMMERCIAL,TIER_1_STRATEGIC,335501.0,FULFILLED,,2026-07-27
PO-DIST-2344,2026-07-13,NA-West,DIST-PACIFIC-LOGISTICS,TIER_1_STRATEGIC,365568.0,SUBMITTED,,2026-07-25
PO-DIST-2345,2026-07-13,NA-West,DIST-CAL-ENTERPRISE,TIER_1_STRATEGIC,256336.0,FULFILLED,,2026-07-29
PO-DIST-2346,2026-07-15,NA-East,DIST-APEX-EAST,TIER_1_STRATEGIC,463275.0,FULFILLED,,2026-07-26
PO-DIST-2347,2026-07-15,NA-East,DIST-MIDATL-SUPPLY,TIER_1_STRATEGIC,479326.0,FULFILLED,,2026-07-27
PO-DIST-2348,2026-07-15,NA-East,DIST-EMPIRE-IND,TIER_1_STRATEGIC,260421.0,FULFILLED,,2026-08-05
PO-DIST-2349,2026-07-15,NA-East,DIST-SUNBELT-PARTS,TIER_2_REGIONAL,122082.0,FULFILLED,,2026-07-26
PO-DIST-2350,2026-07-15,NA-Central,DIST-MIDWEST-DIRECT,TIER_1_STRATEGIC,252904.0,FULFILLED,,2026-08-04
PO-DIST-2351,2026-07-15,NA-Central,DIST-GREATLAKES-SUPPLY,TIER_2_REGIONAL,145454.0,FULFILLED,,2026-08-03
PO-DIST-2352,2026-07-15,NA-Central,DIST-TEXAS-COMMERCIAL,TIER_1_STRATEGIC,348179.0,FULFILLED,,2026-07-30
PO-DIST-2353,2026-07-15,NA-West,DIST-PACIFIC-LOGISTICS,TIER_1_STRATEGIC,217562.0,FULFILLED,,2026-08-05
PO-DIST-2354,2026-07-15,NA-West,DIST-CAL-ENTERPRISE,TIER_1_STRATEGIC,225526.0,FULFILLED,,2026-08-02
PO-DIST-2355,2026-07-15,NA-West,DIST-MOUNTAIN-PARTS,TIER_2_REGIONAL,77655.0,FULFILLED,,2026-08-02
PO-DIST-2356,2026-07-17,NA-East,DIST-APEX-EAST,TIER_1_STRATEGIC,270282.0,FULFILLED,,2026-08-02
PO-DIST-2357,2026-07-17,NA-East,DIST-MIDATL-SUPPLY,TIER_1_STRATEGIC,286395.0,FULFILLED,,2026-07-27
PO-DIST-2358,2026-07-17,NA-East,DIST-EMPIRE-IND,TIER_1_STRATEGIC,277102.0,FULFILLED,,2026-08-05
PO-DIST-2359,2026-07-17,NA-East,DIST-SUNBELT-PARTS,TIER_2_REGIONAL,105570.0,FULFILLED,,2026-08-01
PO-DIST-2360,2026-07-17,NA-East,DIST-TRI-STATE-OPS,TIER_3_LOCAL,67604.0,FULFILLED,,2026-08-01
PO-DIST-2361,2026-07-17,NA-Central,DIST-MIDWEST-DIRECT,TIER_1_STRATEGIC,270939.0,FULFILLED,,2026-08-06
PO-DIST-2362,2026-07-17,NA-Central,DIST-GREATLAKES-SUPPLY,TIER_2_REGIONAL,74365.0,SUBMITTED,,2026-08-05
PO-DIST-2363,2026-07-17,NA-Central,DIST-TEXAS-COMMERCIAL,TIER_1_STRATEGIC,410599.0,FULFILLED,,2026-08-05
PO-DIST-2364,2026-07-17,NA-West,DIST-PACIFIC-LOGISTICS,TIER_1_STRATEGIC,198944.0,FULFILLED,,2026-08-07
PO-DIST-2365,2026-07-17,NA-West,DIST-CAL-ENTERPRISE,TIER_1_STRATEGIC,325210.0,FULFILLED,,2026-08-04
PO-DIST-2366,2026-07-20,NA-East,DIST-APEX-EAST,TIER_1_STRATEGIC,336086.0,FULFILLED,,2026-08-10
PO-DIST-2367,2026-07-20,NA-East,DIST-MIDATL-SUPPLY,TIER_1_STRATEGIC,346217.0,FULFILLED,,2026-08-06
PO-DIST-2368,2026-07-20,NA-East,DIST-SUNBELT-PARTS,TIER_2_REGIONAL,82656.0,FULFILLED,,2026-08-08
PO-DIST-2369,2026-07-20,NA-East,DIST-TRI-STATE-OPS,TIER_3_LOCAL,130288.0,FULFILLED,,2026-08-05
PO-DIST-2370,2026-07-20,NA-Central,DIST-GREATLAKES-SUPPLY,TIER_2_REGIONAL,112163.0,FULFILLED,,2026-08-07
PO-DIST-2371,2026-07-20,NA-Central,DIST-TEXAS-COMMERCIAL,TIER_1_STRATEGIC,262372.0,SUBMITTED,,2026-08-04
PO-DIST-2372,2026-07-20,NA-West,DIST-PACIFIC-LOGISTICS,TIER_1_STRATEGIC,375640.0,FULFILLED,,2026-07-30
PO-DIST-2373,2026-07-20,NA-West,DIST-CAL-ENTERPRISE,TIER_1_STRATEGIC,458477.0,FULFILLED,,2026-08-10
PO-DIST-2374,2026-07-20,NA-West,DIST-MOUNTAIN-PARTS,TIER_2_REGIONAL,150180.0,FULFILLED,,2026-08-09
PO-DIST-2375,2026-07-22,NA-East,DIST-MIDATL-SUPPLY,TIER_1_STRATEGIC,216685.0,FULFILLED,,2026-08-08
PO-DIST-2376,2026-07-22,NA-East,DIST-EMPIRE-IND,TIER_1_STRATEGIC,334373.0,FULFILLED,,2026-08-12
PO-DIST-2377,2026-07-22,NA-East,DIST-COASTAL-WHOLESALE,TIER_2_REGIONAL,77340.0,FULFILLED,,2026-08-01
PO-DIST-2378,2026-07-22,NA-East,DIST-SUNBELT-PARTS,TIER_2_REGIONAL,135997.0,FULFILLED,,2026-08-02
PO-DIST-2379,2026-07-22,NA-Central,DIST-MIDWEST-DIRECT,TIER_1_STRATEGIC,212828.0,FULFILLED,,2026-08-03
PO-DIST-2380,2026-07-22,NA-West,DIST-PACIFIC-LOGISTICS,TIER_1_STRATEGIC,460141.0,FULFILLED,,2026-08-06
PO-DIST-2381,2026-07-22,NA-West,DIST-CAL-ENTERPRISE,TIER_1_STRATEGIC,418959.0,FULFILLED,,2026-08-01
PO-DIST-2382,2026-07-22,NA-West,DIST-MOUNTAIN-PARTS,TIER_2_REGIONAL,61954.0,FULFILLED,,2026-08-03
PO-DIST-2383,2026-07-24,NA-East,DIST-APEX-EAST,TIER_1_STRATEGIC,447338.0,FULFILLED,,2026-08-12
PO-DIST-2384,2026-07-24,NA-East,DIST-MIDATL-SUPPLY,TIER_1_STRATEGIC,249363.0,FULFILLED,,2026-08-13
PO-DIST-2385,2026-07-24,NA-East,DIST-TRI-STATE-OPS,TIER_3_LOCAL,111507.0,FULFILLED,,2026-08-06
PO-DIST-2386,2026-07-24,NA-Central,DIST-MIDWEST-DIRECT,TIER_1_STRATEGIC,414099.0,FULFILLED,,2026-08-06
PO-DIST-2387,2026-07-24,NA-Central,DIST-GREATLAKES-SUPPLY,TIER_2_REGIONAL,113998.0,FULFILLED,,2026-08-14
PO-DIST-2388,2026-07-24,NA-Central,DIST-TEXAS-COMMERCIAL,TIER_1_STRATEGIC,369646.0,FULFILLED,,2026-08-07
PO-DIST-2389,2026-07-24,NA-West,DIST-PACIFIC-LOGISTICS,TIER_1_STRATEGIC,378650.0,FULFILLED,,2026-08-12
PO-DIST-2390,2026-07-24,NA-West,DIST-CAL-ENTERPRISE,TIER_1_STRATEGIC,369301.0,FULFILLED,,2026-08-14
PO-DIST-2391,2026-07-24,NA-West,DIST-MOUNTAIN-PARTS,TIER_2_REGIONAL,73007.0,FULFILLED,,2026-08-03
PO-DIST-2392,2026-07-27,NA-East,DIST-APEX-EAST,TIER_1_STRATEGIC,261537.0,SUBMITTED,,2026-08-16
PO-DIST-2393,2026-07-27,NA-East,DIST-MIDATL-SUPPLY,TIER_1_STRATEGIC,253957.0,FULFILLED,,2026-08-06
PO-DIST-2394,2026-07-27,NA-East,DIST-EMPIRE-IND,TIER_1_STRATEGIC,354609.0,FULFILLED,,2026-08-11
PO-DIST-2395,2026-07-27,NA-East,DIST-SUNBELT-PARTS,TIER_2_REGIONAL,104310.0,FULFILLED,,2026-08-06
PO-DIST-2396,2026-07-27,NA-Central,DIST-MIDWEST-DIRECT,TIER_1_STRATEGIC,330146.0,FULFILLED,,2026-08-10
PO-DIST-2397,2026-07-27,NA-Central,DIST-TEXAS-COMMERCIAL,TIER_1_STRATEGIC,419393.0,FULFILLED,,2026-08-08
PO-DIST-2398,2026-07-27,NA-West,DIST-PACIFIC-LOGISTICS,TIER_1_STRATEGIC,261309.0,FULFILLED,,2026-08-06
PO-DIST-2399,2026-07-27,NA-West,DIST-CAL-ENTERPRISE,TIER_1_STRATEGIC,259115.0,FULFILLED,,2026-08-13
PO-DIST-2400,2026-07-27,NA-West,DIST-MOUNTAIN-PARTS,TIER_2_REGIONAL,131191.0,FULFILLED,,2026-08-11
PO-DIST-2401,2026-07-29,NA-East,DIST-APEX-EAST,TIER_1_STRATEGIC,311639.0,FULFILLED,,2026-08-15
PO-DIST-2402,2026-07-29,NA-East,DIST-MIDATL-SUPPLY,TIER_1_STRATEGIC,338871.0,FULFILLED,,2026-08-10
PO-DIST-2403,2026-07-29,NA-East,DIST-EMPIRE-IND,TIER_1_STRATEGIC,265995.0,FULFILLED,,2026-08-18
PO-DIST-2404,2026-07-29,NA-East,DIST-TRI-STATE-OPS,TIER_3_LOCAL,155462.0,FULFILLED,,2026-08-09
PO-DIST-2405,2026-07-29,NA-Central,DIST-MIDWEST-DIRECT,TIER_1_STRATEGIC,252152.0,FULFILLED,,2026-08-17
PO-DIST-2406,2026-07-29,NA-Central,DIST-TEXAS-COMMERCIAL,TIER_1_STRATEGIC,327063.0,FULFILLED,,2026-08-09
PO-DIST-2407,2026-07-29,NA-West,DIST-PACIFIC-LOGISTICS,TIER_1_STRATEGIC,298526.0,FULFILLED,,2026-08-11
PO-DIST-2408,2026-07-29,NA-West,DIST-CAL-ENTERPRISE,TIER_1_STRATEGIC,463509.0,FULFILLED,,2026-08-13
PO-DIST-2409,2026-07-31,NA-East,DIST-APEX-EAST,TIER_1_STRATEGIC,321312.0,FULFILLED,,2026-08-13
PO-DIST-2410,2026-07-31,NA-East,DIST-EMPIRE-IND,TIER_1_STRATEGIC,466802.0,FULFILLED,,2026-08-10
PO-DIST-2411,2026-07-31,NA-East,DIST-COASTAL-WHOLESALE,TIER_2_REGIONAL,154565.0,FULFILLED,,2026-08-13
PO-DIST-2412,2026-07-31,NA-East,DIST-SUNBELT-PARTS,TIER_2_REGIONAL,69541.0,FULFILLED,,2026-08-11
PO-DIST-2413,2026-07-31,NA-Central,DIST-MIDWEST-DIRECT,TIER_1_STRATEGIC,208310.0,FULFILLED,,2026-08-18
PO-DIST-2414,2026-07-31,NA-Central,DIST-TEXAS-COMMERCIAL,TIER_1_STRATEGIC,416461.0,FULFILLED,,2026-08-21
PO-DIST-2415,2026-07-31,NA-West,DIST-PACIFIC-LOGISTICS,TIER_1_STRATEGIC,408218.0,FULFILLED,,2026-08-13
PO-DIST-2416,2026-07-31,NA-West,DIST-CAL-ENTERPRISE,TIER_1_STRATEGIC,256969.0,FULFILLED,,2026-08-15
PO-DIST-2417,2026-07-31,NA-West,DIST-MOUNTAIN-PARTS,TIER_2_REGIONAL,146369.0,FULFILLED,,2026-08-16
PO-DIST-2418,2026-08-03,NA-East,DIST-APEX-EAST,TIER_1_STRATEGIC,181363.0,DEFERRED,Holding purchase order pending fulfillment assurance on SKU-8821,2026-08-19
PO-DIST-2419,2026-08-03,NA-East,DIST-MIDATL-SUPPLY,TIER_1_STRATEGIC,269795.0,DEFERRED,Stock availability uncertainty at Atlanta DC,2026-08-20
PO-DIST-2420,2026-08-03,NA-East,DIST-EMPIRE-IND,TIER_1_STRATEGIC,188965.0,DEFERRED,Regional warehouse lead-time escalation,2026-08-19
PO-DIST-2421,2026-08-03,NA-East,DIST-COASTAL-WHOLESALE,TIER_2_REGIONAL,157687.0,DEFERRED,Regional warehouse lead-time escalation,2026-08-17
PO-DIST-2422,2026-08-03,NA-East,DIST-TRI-STATE-OPS,TIER_3_LOCAL,106397.0,CONFIRMED,,2026-08-15
PO-DIST-2423,2026-08-03,NA-Central,DIST-MIDWEST-DIRECT,TIER_1_STRATEGIC,209897.0,FULFILLED,,2026-08-14
PO-DIST-2424,2026-08-03,NA-Central,DIST-GREATLAKES-SUPPLY,TIER_2_REGIONAL,87462.0,FULFILLED,,2026-08-17
PO-DIST-2425,2026-08-03,NA-Central,DIST-TEXAS-COMMERCIAL,TIER_1_STRATEGIC,377241.0,FULFILLED,,2026-08-20
PO-DIST-2426,2026-08-03,NA-West,DIST-PACIFIC-LOGISTICS,TIER_1_STRATEGIC,445366.0,FULFILLED,,2026-08-20
PO-DIST-2427,2026-08-03,NA-West,DIST-CAL-ENTERPRISE,TIER_1_STRATEGIC,314783.0,SUBMITTED,,2026-08-20
PO-DIST-2428,2026-08-05,NA-East,DIST-APEX-EAST,TIER_1_STRATEGIC,291501.0,DEFERRED,Stock availability uncertainty at Atlanta DC,2026-08-23
PO-DIST-2429,2026-08-05,NA-East,DIST-MIDATL-SUPPLY,TIER_1_STRATEGIC,441821.0,DEFERRED,Holding purchase order pending fulfillment assurance on SKU-8821,2026-08-18
PO-DIST-2430,2026-08-05,NA-East,DIST-EMPIRE-IND,TIER_1_STRATEGIC,249926.0,CONFIRMED,,2026-08-23
PO-DIST-2431,2026-08-05,NA-East,DIST-SUNBELT-PARTS,TIER_2_REGIONAL,99671.0,DEFERRED,Regional warehouse lead-time escalation,2026-08-22
PO-DIST-2432,2026-08-05,NA-East,DIST-TRI-STATE-OPS,TIER_3_LOCAL,134964.0,CONFIRMED,,2026-08-23
PO-DIST-2433,2026-08-05,NA-Central,DIST-MIDWEST-DIRECT,TIER_1_STRATEGIC,216218.0,FULFILLED,,2026-08-17
PO-DIST-2434,2026-08-05,NA-Central,DIST-TEXAS-COMMERCIAL,TIER_1_STRATEGIC,294413.0,SUBMITTED,,2026-08-22
PO-DIST-2435,2026-08-05,NA-West,DIST-CAL-ENTERPRISE,TIER_1_STRATEGIC,347115.0,FULFILLED,,2026-08-21
PO-DIST-2436,2026-08-07,NA-East,DIST-APEX-EAST,TIER_1_STRATEGIC,301495.0,DEFERRED,Evaluating competitive bulk promotional terms from Horizon Foods,2026-08-19
PO-DIST-2437,2026-08-07,NA-East,DIST-MIDATL-SUPPLY,TIER_1_STRATEGIC,250158.0,DEFERRED,Evaluating competitive bulk promotional terms from Horizon Foods,2026-08-19
PO-DIST-2438,2026-08-07,NA-East,DIST-EMPIRE-IND,TIER_1_STRATEGIC,400906.0,DEFERRED,Regional warehouse lead-time escalation,2026-08-28
PO-DIST-2439,2026-08-07,NA-East,DIST-COASTAL-WHOLESALE,TIER_2_REGIONAL,145319.0,CONFIRMED,,2026-08-17
PO-DIST-2440,2026-08-07,NA-East,DIST-SUNBELT-PARTS,TIER_2_REGIONAL,79421.0,CONFIRMED,,2026-08-20
PO-DIST-2441,2026-08-07,NA-Central,DIST-MIDWEST-DIRECT,TIER_1_STRATEGIC,364904.0,FULFILLED,,2026-08-23
PO-DIST-2442,2026-08-07,NA-Central,DIST-TEXAS-COMMERCIAL,TIER_1_STRATEGIC,425367.0,FULFILLED,,2026-08-28
PO-DIST-2443,2026-08-07,NA-West,DIST-PACIFIC-LOGISTICS,TIER_1_STRATEGIC,199473.0,FULFILLED,,2026-08-22
PO-DIST-2444,2026-08-07,NA-West,DIST-MOUNTAIN-PARTS,TIER_2_REGIONAL,143726.0,FULFILLED,,2026-08-26
PO-DIST-2445,2026-08-10,NA-East,DIST-APEX-EAST,TIER_1_STRATEGIC,271676.0,DEFERRED,Evaluating competitive bulk promotional terms from Horizon Foods,2026-08-27
PO-DIST-2446,2026-08-10,NA-East,DIST-MIDATL-SUPPLY,TIER_1_STRATEGIC,405480.0,DEFERRED,Evaluating competitive bulk promotional terms from Horizon Foods,2026-08-22
PO-DIST-2447,2026-08-10,NA-East,DIST-EMPIRE-IND,TIER_1_STRATEGIC,409401.0,CONFIRMED,,2026-08-23
PO-DIST-2448,2026-08-10,NA-East,DIST-TRI-STATE-OPS,TIER_3_LOCAL,102357.0,DEFERRED,Regional warehouse lead-time escalation,2026-08-29
PO-DIST-2449,2026-08-10,NA-Central,DIST-MIDWEST-DIRECT,TIER_1_STRATEGIC,464793.0,FULFILLED,,2026-08-21
PO-DIST-2450,2026-08-10,NA-Central,DIST-GREATLAKES-SUPPLY,TIER_2_REGIONAL,75233.0,FULFILLED,,2026-08-30
PO-DIST-2451,2026-08-10,NA-Central,DIST-TEXAS-COMMERCIAL,TIER_1_STRATEGIC,336371.0,FULFILLED,,2026-08-21
PO-DIST-2452,2026-08-10,NA-West,DIST-PACIFIC-LOGISTICS,TIER_1_STRATEGIC,269154.0,FULFILLED,,2026-08-20
PO-DIST-2453,2026-08-10,NA-West,DIST-CAL-ENTERPRISE,TIER_1_STRATEGIC,464307.0,FULFILLED,,2026-08-24
PO-DIST-2454,2026-08-10,NA-West,DIST-MOUNTAIN-PARTS,TIER_2_REGIONAL,62777.0,FULFILLED,,2026-08-25
PO-DIST-2455,2026-08-12,NA-East,DIST-APEX-EAST,TIER_1_STRATEGIC,432067.0,DEFERRED,Evaluating competitive bulk promotional terms from Horizon Foods,2026-08-22
PO-DIST-2456,2026-08-12,NA-East,DIST-MIDATL-SUPPLY,TIER_1_STRATEGIC,435751.0,DEFERRED,Evaluating competitive bulk promotional terms from Horizon Foods,2026-08-28
PO-DIST-2457,2026-08-12,NA-East,DIST-EMPIRE-IND,TIER_1_STRATEGIC,403113.0,CONFIRMED,,2026-08-24
PO-DIST-2458,2026-08-12,NA-East,DIST-SUNBELT-PARTS,TIER_2_REGIONAL,92191.0,CONFIRMED,,2026-09-02
PO-DIST-2459,2026-08-12,NA-Central,DIST-MIDWEST-DIRECT,TIER_1_STRATEGIC,210352.0,FULFILLED,,2026-08-31
PO-DIST-2460,2026-08-12,NA-Central,DIST-GREATLAKES-SUPPLY,TIER_2_REGIONAL,84602.0,FULFILLED,,2026-09-02
PO-DIST-2461,2026-08-12,NA-Central,DIST-TEXAS-COMMERCIAL,TIER_1_STRATEGIC,444019.0,FULFILLED,,2026-08-31
PO-DIST-2462,2026-08-12,NA-West,DIST-PACIFIC-LOGISTICS,TIER_1_STRATEGIC,427674.0,FULFILLED,,2026-08-26
PO-DIST-2463,2026-08-12,NA-West,DIST-CAL-ENTERPRISE,TIER_1_STRATEGIC,441887.0,FULFILLED,,2026-08-23
PO-DIST-2464,2026-08-12,NA-West,DIST-MOUNTAIN-PARTS,TIER_2_REGIONAL,154706.0,FULFILLED,,2026-08-28
PO-DIST-2465,2026-08-14,NA-East,DIST-APEX-EAST,TIER_1_STRATEGIC,437862.0,DEFERRED,Stock availability uncertainty at Atlanta DC,2026-08-31
PO-DIST-2466,2026-08-14,NA-East,DIST-MIDATL-SUPPLY,TIER_1_STRATEGIC,457989.0,DEFERRED,Evaluating competitive bulk promotional terms from Horizon Foods,2026-09-03
PO-DIST-2467,2026-08-14,NA-East,DIST-EMPIRE-IND,TIER_1_STRATEGIC,231766.0,CONFIRMED,,2026-09-01
PO-DIST-2468,2026-08-14,NA-East,DIST-COASTAL-WHOLESALE,TIER_2_REGIONAL,112329.0,CONFIRMED,,2026-08-28
PO-DIST-2469,2026-08-14,NA-East,DIST-TRI-STATE-OPS,TIER_3_LOCAL,68834.0,DEFERRED,Regional warehouse lead-time escalation,2026-08-31
PO-DIST-2470,2026-08-14,NA-Central,DIST-MIDWEST-DIRECT,TIER_1_STRATEGIC,261508.0,FULFILLED,,2026-09-01
PO-DIST-2471,2026-08-14,NA-Central,DIST-GREATLAKES-SUPPLY,TIER_2_REGIONAL,92513.0,FULFILLED,,2026-08-25
PO-DIST-2472,2026-08-14,NA-Central,DIST-TEXAS-COMMERCIAL,TIER_1_STRATEGIC,356694.0,FULFILLED,,2026-08-24
PO-DIST-2473,2026-08-14,NA-West,DIST-PACIFIC-LOGISTICS,TIER_1_STRATEGIC,464253.0,FULFILLED,,2026-09-03
PO-DIST-2474,2026-08-14,NA-West,DIST-CAL-ENTERPRISE,TIER_1_STRATEGIC,432130.0,FULFILLED,,2026-08-25
PO-DIST-2475,2026-08-14,NA-West,DIST-MOUNTAIN-PARTS,TIER_2_REGIONAL,138301.0,FULFILLED,,2026-08-31
PO-DIST-2476,2026-08-17,NA-East,DIST-APEX-EAST,TIER_1_STRATEGIC,342872.0,DEFERRED,Evaluating competitive bulk promotional terms from Horizon Foods,2026-08-31
PO-DIST-2477,2026-08-17,NA-East,DIST-MIDATL-SUPPLY,TIER_1_STRATEGIC,195548.0,DEFERRED,Holding purchase order pending fulfillment assurance on SKU-8821,2026-09-07
PO-DIST-2478,2026-08-17,NA-East,DIST-EMPIRE-IND,TIER_1_STRATEGIC,253503.0,CONFIRMED,,2026-08-30
PO-DIST-2479,2026-08-17,NA-East,DIST-COASTAL-WHOLESALE,TIER_2_REGIONAL,77127.0,CONFIRMED,,2026-08-27
PO-DIST-2480,2026-08-17,NA-East,DIST-TRI-STATE-OPS,TIER_3_LOCAL,127126.0,DEFERRED,Regional warehouse lead-time escalation,2026-09-01
PO-DIST-2481,2026-08-17,NA-Central,DIST-MIDWEST-DIRECT,TIER_1_STRATEGIC,440699.0,FULFILLED,,2026-09-04
PO-DIST-2482,2026-08-17,NA-Central,DIST-TEXAS-COMMERCIAL,TIER_1_STRATEGIC,358872.0,FULFILLED,,2026-09-06
PO-DIST-2483,2026-08-17,NA-West,DIST-PACIFIC-LOGISTICS,TIER_1_STRATEGIC,320582.0,FULFILLED,,2026-08-31
PO-DIST-2484,2026-08-17,NA-West,DIST-CAL-ENTERPRISE,TIER_1_STRATEGIC,321157.0,FULFILLED,,2026-09-07
PO-DIST-2485,2026-08-19,NA-East,DIST-APEX-EAST,TIER_1_STRATEGIC,227262.0,DEFERRED,Holding purchase order pending fulfillment assurance on SKU-8821,2026-09-09
PO-DIST-2486,2026-08-19,NA-East,DIST-MIDATL-SUPPLY,TIER_1_STRATEGIC,310425.0,DEFERRED,Holding purchase order pending fulfillment assurance on SKU-8821,2026-09-06
PO-DIST-2487,2026-08-19,NA-East,DIST-EMPIRE-IND,TIER_1_STRATEGIC,418145.0,CONFIRMED,,2026-09-05
PO-DIST-2488,2026-08-19,NA-East,DIST-COASTAL-WHOLESALE,TIER_2_REGIONAL,106943.0,CONFIRMED,,2026-09-01
PO-DIST-2489,2026-08-19,NA-East,DIST-SUNBELT-PARTS,TIER_2_REGIONAL,119491.0,CONFIRMED,,2026-08-31
PO-DIST-2490,2026-08-19,NA-Central,DIST-TEXAS-COMMERCIAL,TIER_1_STRATEGIC,322984.0,FULFILLED,,2026-09-04
PO-DIST-2491,2026-08-19,NA-West,DIST-PACIFIC-LOGISTICS,TIER_1_STRATEGIC,253704.0,FULFILLED,,2026-09-04
PO-DIST-2492,2026-08-19,NA-West,DIST-CAL-ENTERPRISE,TIER_1_STRATEGIC,389509.0,FULFILLED,,2026-09-08
PO-DIST-2493,2026-08-21,NA-East,DIST-APEX-EAST,TIER_1_STRATEGIC,469370.0,DEFERRED,Evaluating competitive bulk promotional terms from Horizon Foods,2026-09-09
PO-DIST-2494,2026-08-21,NA-East,DIST-MIDATL-SUPPLY,TIER_1_STRATEGIC,297423.0,DEFERRED,Evaluating competitive bulk promotional terms from Horizon Foods,2026-09-08
PO-DIST-2495,2026-08-21,NA-East,DIST-EMPIRE-IND,TIER_1_STRATEGIC,297610.0,CONFIRMED,,2026-09-02
PO-DIST-2496,2026-08-21,NA-East,DIST-COASTAL-WHOLESALE,TIER_2_REGIONAL,93255.0,DEFERRED,Regional warehouse lead-time escalation,2026-09-03
PO-DIST-2497,2026-08-21,NA-East,DIST-SUNBELT-PARTS,TIER_2_REGIONAL,72833.0,CONFIRMED,,2026-09-06
PO-DIST-2498,2026-08-21,NA-East,DIST-TRI-STATE-OPS,TIER_3_LOCAL,139052.0,CONFIRMED,,2026-09-04
PO-DIST-2499,2026-08-21,NA-Central,DIST-MIDWEST-DIRECT,TIER_1_STRATEGIC,272945.0,FULFILLED,,2026-09-03
PO-DIST-2500,2026-08-21,NA-Central,DIST-GREATLAKES-SUPPLY,TIER_2_REGIONAL,77460.0,FULFILLED,,2026-09-04
PO-DIST-2501,2026-08-21,NA-West,DIST-PACIFIC-LOGISTICS,TIER_1_STRATEGIC,331250.0,FULFILLED,,2026-08-31
PO-DIST-2502,2026-08-24,NA-East,DIST-APEX-EAST,TIER_1_STRATEGIC,397999.0,DEFERRED,Holding purchase order pending fulfillment assurance on SKU-8821,2026-09-07
PO-DIST-2503,2026-08-24,NA-East,DIST-MIDATL-SUPPLY,TIER_1_STRATEGIC,467596.0,DEFERRED,Holding purchase order pending fulfillment assurance on SKU-8821,2026-09-04
PO-DIST-2504,2026-08-24,NA-East,DIST-COASTAL-WHOLESALE,TIER_2_REGIONAL,96135.0,DEFERRED,Regional warehouse lead-time escalation,2026-09-12
PO-DIST-2505,2026-08-24,NA-West,DIST-PACIFIC-LOGISTICS,TIER_1_STRATEGIC,252796.0,FULFILLED,,2026-09-04
PO-DIST-2506,2026-08-24,NA-West,DIST-CAL-ENTERPRISE,TIER_1_STRATEGIC,242559.0,FULFILLED,,2026-09-04
PO-DIST-2507,2026-08-26,NA-East,DIST-APEX-EAST,TIER_1_STRATEGIC,377885.0,FULFILLED,,2026-09-16
PO-DIST-2508,2026-08-26,NA-East,DIST-MIDATL-SUPPLY,TIER_1_STRATEGIC,429637.0,FULFILLED,,2026-09-08
PO-DIST-2509,2026-08-26,NA-East,DIST-COASTAL-WHOLESALE,TIER_2_REGIONAL,90861.0,FULFILLED,,2026-09-11
PO-DIST-2510,2026-08-26,NA-Central,DIST-MIDWEST-DIRECT,TIER_1_STRATEGIC,306375.0,FULFILLED,,2026-09-13
PO-DIST-2511,2026-08-26,NA-Central,DIST-GREATLAKES-SUPPLY,TIER_2_REGIONAL,136818.0,FULFILLED,,2026-09-12
PO-DIST-2512,2026-08-26,NA-Central,DIST-TEXAS-COMMERCIAL,TIER_1_STRATEGIC,442452.0,FULFILLED,,2026-09-08
PO-DIST-2513,2026-08-26,NA-West,DIST-PACIFIC-LOGISTICS,TIER_1_STRATEGIC,202776.0,FULFILLED,,2026-09-05
PO-DIST-2514,2026-08-26,NA-West,DIST-CAL-ENTERPRISE,TIER_1_STRATEGIC,447486.0,FULFILLED,,2026-09-11
PO-DIST-2515,2026-08-26,NA-West,DIST-MOUNTAIN-PARTS,TIER_2_REGIONAL,140664.0,FULFILLED,,2026-09-15
PO-DIST-2516,2026-08-28,NA-East,DIST-APEX-EAST,TIER_1_STRATEGIC,476225.0,FULFILLED,,2026-09-13
PO-DIST-2517,2026-08-28,NA-East,DIST-MIDATL-SUPPLY,TIER_1_STRATEGIC,227288.0,FULFILLED,,2026-09-14
PO-DIST-2518,2026-08-28,NA-East,DIST-EMPIRE-IND,TIER_1_STRATEGIC,349293.0,FULFILLED,,2026-09-08
PO-DIST-2519,2026-08-28,NA-East,DIST-COASTAL-WHOLESALE,TIER_2_REGIONAL,90609.0,FULFILLED,,2026-09-12
PO-DIST-2520,2026-08-28,NA-East,DIST-TRI-STATE-OPS,TIER_3_LOCAL,155655.0,FULFILLED,,2026-09-11
PO-DIST-2521,2026-08-28,NA-Central,DIST-MIDWEST-DIRECT,TIER_1_STRATEGIC,219268.0,FULFILLED,,2026-09-17
PO-DIST-2522,2026-08-28,NA-Central,DIST-GREATLAKES-SUPPLY,TIER_2_REGIONAL,66032.0,FULFILLED,,2026-09-15
PO-DIST-2523,2026-08-28,NA-Central,DIST-TEXAS-COMMERCIAL,TIER_1_STRATEGIC,313498.0,FULFILLED,,2026-09-12
PO-DIST-2524,2026-08-28,NA-West,DIST-PACIFIC-LOGISTICS,TIER_1_STRATEGIC,303428.0,FULFILLED,,2026-09-11
PO-DIST-2525,2026-08-28,NA-West,DIST-CAL-ENTERPRISE,TIER_1_STRATEGIC,364102.0,FULFILLED,,2026-09-07
PO-DIST-2526,2026-08-28,NA-West,DIST-MOUNTAIN-PARTS,TIER_2_REGIONAL,73682.0,FULFILLED,,2026-09-15
PO-DIST-2527,2026-08-31,NA-East,DIST-APEX-EAST,TIER_1_STRATEGIC,375685.0,FULFILLED,,2026-09-19
PO-DIST-2528,2026-08-31,NA-East,DIST-MIDATL-SUPPLY,TIER_1_STRATEGIC,434826.0,FULFILLED,,2026-09-10
PO-DIST-2529,2026-08-31,NA-Central,DIST-GREATLAKES-SUPPLY,TIER_2_REGIONAL,117531.0,FULFILLED,,2026-09-20
PO-DIST-2530,2026-08-31,NA-Central,DIST-TEXAS-COMMERCIAL,TIER_1_STRATEGIC,229816.0,FULFILLED,,2026-09-11
PO-DIST-2531,2026-08-31,NA-West,DIST-PACIFIC-LOGISTICS,TIER_1_STRATEGIC,220948.0,FULFILLED,,2026-09-10
PO-DIST-2532,2026-08-31,NA-West,DIST-CAL-ENTERPRISE,TIER_1_STRATEGIC,190404.0,FULFILLED,,2026-09-10
PO-DIST-2533,2026-09-02,NA-East,DIST-APEX-EAST,TIER_1_STRATEGIC,436836.0,FULFILLED,,2026-09-17
PO-DIST-2534,2026-09-02,NA-East,DIST-MIDATL-SUPPLY,TIER_1_STRATEGIC,277357.0,FULFILLED,,2026-09-23
PO-DIST-2535,2026-09-02,NA-East,DIST-EMPIRE-IND,TIER_1_STRATEGIC,310802.0,FULFILLED,,2026-09-12
PO-DIST-2536,2026-09-02,NA-East,DIST-TRI-STATE-OPS,TIER_3_LOCAL,140777.0,FULFILLED,,2026-09-18
PO-DIST-2537,2026-09-02,NA-Central,DIST-MIDWEST-DIRECT,TIER_1_STRATEGIC,238407.0,FULFILLED,,2026-09-20
PO-DIST-2538,2026-09-02,NA-West,DIST-PACIFIC-LOGISTICS,TIER_1_STRATEGIC,275059.0,FULFILLED,,2026-09-12
PO-DIST-2539,2026-09-02,NA-West,DIST-CAL-ENTERPRISE,TIER_1_STRATEGIC,299862.0,FULFILLED,,2026-09-13
PO-DIST-2540,2026-09-02,NA-West,DIST-MOUNTAIN-PARTS,TIER_2_REGIONAL,123752.0,FULFILLED,,2026-09-12
PO-DIST-2541,2026-09-04,NA-East,DIST-MIDATL-SUPPLY,TIER_1_STRATEGIC,358175.0,FULFILLED,,2026-09-21
PO-DIST-2542,2026-09-04,NA-East,DIST-EMPIRE-IND,TIER_1_STRATEGIC,376471.0,FULFILLED,,2026-09-14
PO-DIST-2543,2026-09-04,NA-East,DIST-COASTAL-WHOLESALE,TIER_2_REGIONAL,73372.0,FULFILLED,,2026-09-25
PO-DIST-2544,2026-09-04,NA-East,DIST-TRI-STATE-OPS,TIER_3_LOCAL,148227.0,FULFILLED,,2026-09-15
PO-DIST-2545,2026-09-04,NA-West,DIST-PACIFIC-LOGISTICS,TIER_1_STRATEGIC,353802.0,FULFILLED,,2026-09-17
PO-DIST-2546,2026-09-04,NA-West,DIST-CAL-ENTERPRISE,TIER_1_STRATEGIC,411101.0,FULFILLED,,2026-09-19
PO-DIST-2547,2026-09-07,NA-East,DIST-APEX-EAST,TIER_1_STRATEGIC,224018.0,FULFILLED,,2026-09-24
PO-DIST-2548,2026-09-07,NA-East,DIST-MIDATL-SUPPLY,TIER_1_STRATEGIC,223144.0,FULFILLED,,2026-09-21
PO-DIST-2549,2026-09-07,NA-East,DIST-EMPIRE-IND,TIER_1_STRATEGIC,458505.0,FULFILLED,,2026-09-26
PO-DIST-2550,2026-09-07,NA-East,DIST-COASTAL-WHOLESALE,TIER_2_REGIONAL,90681.0,FULFILLED,,2026-09-26
PO-DIST-2551,2026-09-07,NA-East,DIST-TRI-STATE-OPS,TIER_3_LOCAL,128685.0,FULFILLED,,2026-09-18
PO-DIST-2552,2026-09-07,NA-Central,DIST-MIDWEST-DIRECT,TIER_1_STRATEGIC,442292.0,FULFILLED,,2026-09-18
PO-DIST-2553,2026-09-07,NA-West,DIST-PACIFIC-LOGISTICS,TIER_1_STRATEGIC,302241.0,SUBMITTED,,2026-09-17
PO-DIST-2554,2026-09-07,NA-West,DIST-CAL-ENTERPRISE,TIER_1_STRATEGIC,464895.0,FULFILLED,,2026-09-22
PO-DIST-2555,2026-09-07,NA-West,DIST-MOUNTAIN-PARTS,TIER_2_REGIONAL,124218.0,FULFILLED,,2026-09-22
PO-DIST-2556,2026-09-09,NA-East,DIST-APEX-EAST,TIER_1_STRATEGIC,329109.0,FULFILLED,,2026-09-27
PO-DIST-2557,2026-09-09,NA-East,DIST-MIDATL-SUPPLY,TIER_1_STRATEGIC,191988.0,FULFILLED,,2026-09-22
PO-DIST-2558,2026-09-09,NA-East,DIST-EMPIRE-IND,TIER_1_STRATEGIC,435214.0,FULFILLED,,2026-09-23
PO-DIST-2559,2026-09-09,NA-East,DIST-COASTAL-WHOLESALE,TIER_2_REGIONAL,106999.0,FULFILLED,,2026-09-30
PO-DIST-2560,2026-09-09,NA-East,DIST-SUNBELT-PARTS,TIER_2_REGIONAL,68990.0,FULFILLED,,2026-09-29
PO-DIST-2561,2026-09-09,NA-East,DIST-TRI-STATE-OPS,TIER_3_LOCAL,86608.0,FULFILLED,,2026-09-26
PO-DIST-2562,2026-09-09,NA-Central,DIST-MIDWEST-DIRECT,TIER_1_STRATEGIC,338128.0,FULFILLED,,2026-09-22
PO-DIST-2563,2026-09-09,NA-Central,DIST-GREATLAKES-SUPPLY,TIER_2_REGIONAL,127154.0,FULFILLED,,2026-09-28
PO-DIST-2564,2026-09-09,NA-Central,DIST-TEXAS-COMMERCIAL,TIER_1_STRATEGIC,334078.0,FULFILLED,,2026-09-20
PO-DIST-2565,2026-09-09,NA-West,DIST-PACIFIC-LOGISTICS,TIER_1_STRATEGIC,283743.0,FULFILLED,,2026-09-23
PO-DIST-2566,2026-09-09,NA-West,DIST-MOUNTAIN-PARTS,TIER_2_REGIONAL,69611.0,FULFILLED,,2026-09-26
PO-DIST-2567,2026-09-11,NA-East,DIST-APEX-EAST,TIER_1_STRATEGIC,391731.0,FULFILLED,,2026-09-21
PO-DIST-2568,2026-09-11,NA-East,DIST-MIDATL-SUPPLY,TIER_1_STRATEGIC,273740.0,FULFILLED,,2026-10-02
PO-DIST-2569,2026-09-11,NA-East,DIST-EMPIRE-IND,TIER_1_STRATEGIC,382248.0,FULFILLED,,2026-09-25
PO-DIST-2570,2026-09-11,NA-East,DIST-TRI-STATE-OPS,TIER_3_LOCAL,142558.0,FULFILLED,,2026-09-29
PO-DIST-2571,2026-09-11,NA-Central,DIST-TEXAS-COMMERCIAL,TIER_1_STRATEGIC,285937.0,FULFILLED,,2026-09-28
PO-DIST-2572,2026-09-11,NA-West,DIST-PACIFIC-LOGISTICS,TIER_1_STRATEGIC,220085.0,FULFILLED,,2026-09-21
PO-DIST-2573,2026-09-11,NA-West,DIST-CAL-ENTERPRISE,TIER_1_STRATEGIC,213325.0,FULFILLED,,2026-10-02
PO-DIST-2574,2026-09-14,NA-East,DIST-APEX-EAST,TIER_1_STRATEGIC,462746.0,FULFILLED,,2026-09-30
PO-DIST-2575,2026-09-14,NA-East,DIST-EMPIRE-IND,TIER_1_STRATEGIC,291462.0,FULFILLED,,2026-09-29
PO-DIST-2576,2026-09-14,NA-East,DIST-COASTAL-WHOLESALE,TIER_2_REGIONAL,98173.0,FULFILLED,,2026-10-04
PO-DIST-2577,2026-09-14,NA-East,DIST-TRI-STATE-OPS,TIER_3_LOCAL,64226.0,FULFILLED,,2026-09-30
PO-DIST-2578,2026-09-14,NA-Central,DIST-MIDWEST-DIRECT,TIER_1_STRATEGIC,180479.0,FULFILLED,,2026-10-01
PO-DIST-2579,2026-09-14,NA-Central,DIST-TEXAS-COMMERCIAL,TIER_1_STRATEGIC,336684.0,FULFILLED,,2026-09-27
PO-DIST-2580,2026-09-14,NA-West,DIST-PACIFIC-LOGISTICS,TIER_1_STRATEGIC,415421.0,FULFILLED,,2026-10-03
PO-DIST-2581,2026-09-14,NA-West,DIST-CAL-ENTERPRISE,TIER_1_STRATEGIC,453227.0,FULFILLED,,2026-09-30
PO-DIST-2582,2026-09-14,NA-West,DIST-MOUNTAIN-PARTS,TIER_2_REGIONAL,103481.0,FULFILLED,,2026-10-05
PO-DIST-2583,2026-09-16,NA-East,DIST-APEX-EAST,TIER_1_STRATEGIC,373546.0,CONFIRMED,,2026-10-05
PO-DIST-2584,2026-09-16,NA-East,DIST-MIDATL-SUPPLY,TIER_1_STRATEGIC,429005.0,CONFIRMED,,2026-10-06
PO-DIST-2585,2026-09-16,NA-East,DIST-EMPIRE-IND,TIER_1_STRATEGIC,243566.0,CONFIRMED,,2026-09-29
PO-DIST-2586,2026-09-16,NA-East,DIST-SUNBELT-PARTS,TIER_2_REGIONAL,151479.0,CONFIRMED,,2026-10-03
PO-DIST-2587,2026-09-16,NA-Central,DIST-MIDWEST-DIRECT,TIER_1_STRATEGIC,241819.0,CONFIRMED,,2026-10-06
PO-DIST-2588,2026-09-16,NA-Central,DIST-TEXAS-COMMERCIAL,TIER_1_STRATEGIC,295734.0,CONFIRMED,,2026-10-01
PO-DIST-2589,2026-09-16,NA-West,DIST-PACIFIC-LOGISTICS,TIER_1_STRATEGIC,287430.0,CONFIRMED,,2026-09-28
PO-DIST-2590,2026-09-18,NA-East,DIST-APEX-EAST,TIER_1_STRATEGIC,262409.0,CONFIRMED,,2026-10-09
PO-DIST-2591,2026-09-18,NA-East,DIST-MIDATL-SUPPLY,TIER_1_STRATEGIC,319787.0,CONFIRMED,,2026-10-04
PO-DIST-2592,2026-09-18,NA-East,DIST-EMPIRE-IND,TIER_1_STRATEGIC,432637.0,CONFIRMED,,2026-10-03
PO-DIST-2593,2026-09-18,NA-East,DIST-SUNBELT-PARTS,TIER_2_REGIONAL,112532.0,CONFIRMED,,2026-10-05
PO-DIST-2594,2026-09-18,NA-East,DIST-TRI-STATE-OPS,TIER_3_LOCAL,124409.0,CONFIRMED,,2026-10-04
PO-DIST-2595,2026-09-18,NA-Central,DIST-MIDWEST-DIRECT,TIER_1_STRATEGIC,424563.0,CONFIRMED,,2026-09-28
PO-DIST-2596,2026-09-18,NA-Central,DIST-TEXAS-COMMERCIAL,TIER_1_STRATEGIC,455373.0,CONFIRMED,,2026-10-06
PO-DIST-2597,2026-09-18,NA-West,DIST-PACIFIC-LOGISTICS,TIER_1_STRATEGIC,330188.0,CONFIRMED,,2026-09-30
PO-DIST-2598,2026-09-18,NA-West,DIST-CAL-ENTERPRISE,TIER_1_STRATEGIC,337205.0,CONFIRMED,,2026-09-29
PO-DIST-2599,2026-09-21,NA-East,DIST-APEX-EAST,TIER_1_STRATEGIC,428316.0,CONFIRMED,,2026-10-09
PO-DIST-2600,2026-09-21,NA-East,DIST-MIDATL-SUPPLY,TIER_1_STRATEGIC,435941.0,CONFIRMED,,2026-10-02
PO-DIST-2601,2026-09-21,NA-East,DIST-EMPIRE-IND,TIER_1_STRATEGIC,246132.0,CONFIRMED,,2026-10-06
PO-DIST-2602,2026-09-21,NA-East,DIST-SUNBELT-PARTS,TIER_2_REGIONAL,97768.0,CONFIRMED,,2026-10-06
PO-DIST-2603,2026-09-21,NA-East,DIST-TRI-STATE-OPS,TIER_3_LOCAL,94277.0,CONFIRMED,,2026-10-12
PO-DIST-2604,2026-09-21,NA-Central,DIST-MIDWEST-DIRECT,TIER_1_STRATEGIC,274261.0,CONFIRMED,,2026-10-10
PO-DIST-2605,2026-09-21,NA-Central,DIST-TEXAS-COMMERCIAL,TIER_1_STRATEGIC,305920.0,CONFIRMED,,2026-10-03
PO-DIST-2606,2026-09-21,NA-West,DIST-PACIFIC-LOGISTICS,TIER_1_STRATEGIC,334756.0,CONFIRMED,,2026-10-03
PO-DIST-2607,2026-09-21,NA-West,DIST-CAL-ENTERPRISE,TIER_1_STRATEGIC,184721.0,CONFIRMED,,2026-10-10
PO-DIST-2608,2026-09-21,NA-West,DIST-MOUNTAIN-PARTS,TIER_2_REGIONAL,70610.0,CONFIRMED,,2026-10-07
PO-DIST-2609,2026-09-23,NA-East,DIST-APEX-EAST,TIER_1_STRATEGIC,194251.0,CONFIRMED,,2026-10-11
PO-DIST-2610,2026-09-23,NA-East,DIST-MIDATL-SUPPLY,TIER_1_STRATEGIC,266473.0,CONFIRMED,,2026-10-11
PO-DIST-2611,2026-09-23,NA-East,DIST-EMPIRE-IND,TIER_1_STRATEGIC,387848.0,CONFIRMED,,2026-10-14
PO-DIST-2612,2026-09-23,NA-East,DIST-SUNBELT-PARTS,TIER_2_REGIONAL,102027.0,CONFIRMED,,2026-10-05
PO-DIST-2613,2026-09-23,NA-West,DIST-PACIFIC-LOGISTICS,TIER_1_STRATEGIC,275382.0,CONFIRMED,,2026-10-13
PO-DIST-2614,2026-09-23,NA-West,DIST-CAL-ENTERPRISE,TIER_1_STRATEGIC,330116.0,CONFIRMED,,2026-10-10
PO-DIST-2615,2026-09-23,NA-West,DIST-MOUNTAIN-PARTS,TIER_2_REGIONAL,119387.0,CONFIRMED,,2026-10-03
PO-DIST-2616,2026-09-25,NA-East,DIST-APEX-EAST,TIER_1_STRATEGIC,461280.0,CONFIRMED,,2026-10-06
PO-DIST-2617,2026-09-25,NA-East,DIST-MIDATL-SUPPLY,TIER_1_STRATEGIC,271015.0,CONFIRMED,,2026-10-08
PO-DIST-2618,2026-09-25,NA-East,DIST-EMPIRE-IND,TIER_1_STRATEGIC,182229.0,CONFIRMED,,2026-10-16
PO-DIST-2619,2026-09-25,NA-East,DIST-COASTAL-WHOLESALE,TIER_2_REGIONAL,74828.0,SUBMITTED,,2026-10-14
PO-DIST-2620,2026-09-25,NA-East,DIST-SUNBELT-PARTS,TIER_2_REGIONAL,61684.0,CONFIRMED,,2026-10-13
PO-DIST-2621,2026-09-25,NA-East,DIST-TRI-STATE-OPS,TIER_3_LOCAL,119310.0,CONFIRMED,,2026-10-13
PO-DIST-2622,2026-09-25,NA-Central,DIST-MIDWEST-DIRECT,TIER_1_STRATEGIC,459914.0,CONFIRMED,,2026-10-06
PO-DIST-2623,2026-09-25,NA-Central,DIST-TEXAS-COMMERCIAL,TIER_1_STRATEGIC,201562.0,CONFIRMED,,2026-10-06
PO-DIST-2624,2026-09-25,NA-West,DIST-PACIFIC-LOGISTICS,TIER_1_STRATEGIC,479054.0,CONFIRMED,,2026-10-15
PO-DIST-2625,2026-09-25,NA-West,DIST-CAL-ENTERPRISE,TIER_1_STRATEGIC,184806.0,SUBMITTED,,2026-10-07
PO-DIST-2626,2026-09-28,NA-East,DIST-APEX-EAST,TIER_1_STRATEGIC,378270.0,CONFIRMED,,2026-10-11
PO-DIST-2627,2026-09-28,NA-East,DIST-MIDATL-SUPPLY,TIER_1_STRATEGIC,432709.0,CONFIRMED,,2026-10-17
PO-DIST-2628,2026-09-28,NA-East,DIST-EMPIRE-IND,TIER_1_STRATEGIC,253776.0,CONFIRMED,,2026-10-17
PO-DIST-2629,2026-09-28,NA-Central,DIST-MIDWEST-DIRECT,TIER_1_STRATEGIC,414459.0,CONFIRMED,,2026-10-18
PO-DIST-2630,2026-09-28,NA-Central,DIST-GREATLAKES-SUPPLY,TIER_2_REGIONAL,153685.0,CONFIRMED,,2026-10-19
PO-DIST-2631,2026-09-28,NA-West,DIST-CAL-ENTERPRISE,TIER_1_STRATEGIC,261691.0,CONFIRMED,,2026-10-08
PO-DIST-2632,2026-09-28,NA-West,DIST-MOUNTAIN-PARTS,TIER_2_REGIONAL,157644.0,CONFIRMED,,2026-10-13
PO-DIST-2633,2026-09-30,NA-East,DIST-APEX-EAST,TIER_1_STRATEGIC,455233.0,CONFIRMED,,2026-10-21
PO-DIST-2634,2026-09-30,NA-East,DIST-MIDATL-SUPPLY,TIER_1_STRATEGIC,387256.0,CONFIRMED,,2026-10-14
PO-DIST-2635,2026-09-30,NA-East,DIST-EMPIRE-IND,TIER_1_STRATEGIC,333913.0,CONFIRMED,,2026-10-21
PO-DIST-2636,2026-09-30,NA-Central,DIST-MIDWEST-DIRECT,TIER_1_STRATEGIC,299159.0,CONFIRMED,,2026-10-19
PO-DIST-2637,2026-09-30,NA-Central,DIST-TEXAS-COMMERCIAL,TIER_1_STRATEGIC,181153.0,CONFIRMED,,2026-10-10
PO-DIST-2638,2026-09-30,NA-West,DIST-PACIFIC-LOGISTICS,TIER_1_STRATEGIC,390223.0,CONFIRMED,,2026-10-15
PO-DIST-2639,2026-09-30,NA-West,DIST-CAL-ENTERPRISE,TIER_1_STRATEGIC,405279.0,CONFIRMED,,2026-10-17
PO-DIST-2640,2026-09-30,NA-West,DIST-MOUNTAIN-PARTS,TIER_2_REGIONAL,154298.0,CONFIRMED,,2026-10-21
