ticket_id,created_at,region,source_entity,category,severity,subject,content_summary,sentiment_score
ZD-TK-1001,2025-07-01T14:37:00Z,NA-East,DIST-COASTAL-WHOLESALE,PRICE_DISPUTE,LOW,Routine inquiry / order status check for DIST-COASTAL-WHOLESALE,Standard operational correspondence regarding order fulfillment tracking and invoice reconciliation.,0.04
ZD-TK-1002,2025-07-01T13:11:00Z,NA-East,DIST-EMPIRE-IND,PRICE_DISPUTE,LOW,Routine inquiry / order status check for DIST-EMPIRE-IND,Standard operational correspondence regarding order fulfillment tracking and invoice reconciliation.,-0.22
ZD-TK-1003,2025-07-01T17:04:00Z,NA-East,DIST-APEX-EAST,PRODUCT_QUALITY,LOW,Routine inquiry / order status check for DIST-APEX-EAST,Standard operational correspondence regarding order fulfillment tracking and invoice reconciliation.,-0.06
ZD-TK-1004,2025-07-01T17:37:00Z,NA-Central,DIST-GREATLAKES-SUPPLY,PRODUCT_QUALITY,LOW,Routine inquiry / order status check for DIST-GREATLAKES-SUPPLY,Standard operational correspondence regarding order fulfillment tracking and invoice reconciliation.,0.11
ZD-TK-1005,2025-07-01T17:47:00Z,NA-Central,DIST-GREATLAKES-SUPPLY,PRODUCT_QUALITY,LOW,Routine inquiry / order status check for DIST-GREATLAKES-SUPPLY,Standard operational correspondence regarding order fulfillment tracking and invoice reconciliation.,-0.22
ZD-TK-1006,2025-07-01T13:08:00Z,NA-Central,DIST-TEXAS-COMMERCIAL,FULFILLMENT_DELAY,MEDIUM,Routine inquiry / order status check for DIST-TEXAS-COMMERCIAL,Standard operational correspondence regarding order fulfillment tracking and invoice reconciliation.,0.25
ZD-TK-1007,2025-07-01T11:26:00Z,NA-West,DIST-PACIFIC-LOGISTICS,PRICE_DISPUTE,MEDIUM,Routine inquiry / order status check for DIST-PACIFIC-LOGISTICS,Standard operational correspondence regarding order fulfillment tracking and invoice reconciliation.,-0.35
ZD-TK-1008,2025-07-01T10:05:00Z,NA-West,DIST-CAL-ENTERPRISE,PRODUCT_QUALITY,LOW,Routine inquiry / order status check for DIST-CAL-ENTERPRISE,Standard operational correspondence regarding order fulfillment tracking and invoice reconciliation.,0.34
ZD-TK-1009,2025-07-01T12:09:00Z,NA-West,DIST-CAL-ENTERPRISE,PRICE_DISPUTE,MEDIUM,Routine inquiry / order status check for DIST-CAL-ENTERPRISE,Standard operational correspondence regarding order fulfillment tracking and invoice reconciliation.,0.3
ZD-TK-1010,2025-07-02T16:13:00Z,NA-East,DIST-APEX-EAST,FULFILLMENT_DELAY,MEDIUM,Routine inquiry / order status check for DIST-APEX-EAST,Standard operational correspondence regarding order fulfillment tracking and invoice reconciliation.,0.27
ZD-TK-1011,2025-07-02T11:20:00Z,NA-East,DIST-MIDATL-SUPPLY,PRICE_DISPUTE,MEDIUM,Routine inquiry / order status check for DIST-MIDATL-SUPPLY,Standard operational correspondence regarding order fulfillment tracking and invoice reconciliation.,0.32
ZD-TK-1012,2025-07-02T13:40:00Z,NA-Central,DIST-MIDWEST-DIRECT,PRICE_DISPUTE,MEDIUM,Routine inquiry / order status check for DIST-MIDWEST-DIRECT,Standard operational correspondence regarding order fulfillment tracking and invoice reconciliation.,-0.15
ZD-TK-1013,2025-07-02T12:20:00Z,NA-Central,DIST-GREATLAKES-SUPPLY,FULFILLMENT_DELAY,MEDIUM,Routine inquiry / order status check for DIST-GREATLAKES-SUPPLY,Standard operational correspondence regarding order fulfillment tracking and invoice reconciliation.,0.26
ZD-TK-1014,2025-07-02T12:33:00Z,NA-Central,DIST-TEXAS-COMMERCIAL,PRICE_DISPUTE,MEDIUM,Routine inquiry / order status check for DIST-TEXAS-COMMERCIAL,Standard operational correspondence regarding order fulfillment tracking and invoice reconciliation.,0.17
ZD-TK-1015,2025-07-02T09:27:00Z,NA-West,DIST-MOUNTAIN-PARTS,FULFILLMENT_DELAY,MEDIUM,Routine inquiry / order status check for DIST-MOUNTAIN-PARTS,Standard operational correspondence regarding order fulfillment tracking and invoice reconciliation.,0.19
ZD-TK-1016,2025-07-02T14:25:00Z,NA-West,DIST-CAL-ENTERPRISE,FULFILLMENT_DELAY,MEDIUM,Routine inquiry / order status check for DIST-CAL-ENTERPRISE,Standard operational correspondence regarding order fulfillment tracking and invoice reconciliation.,-0.2
ZD-TK-1017,2025-07-02T08:02:00Z,NA-West,DIST-PACIFIC-LOGISTICS,FULFILLMENT_DELAY,LOW,Routine inquiry / order status check for DIST-PACIFIC-LOGISTICS,Standard operational correspondence regarding order fulfillment tracking and invoice reconciliation.,-0.17
ZD-TK-1018,2025-07-03T12:07:00Z,NA-East,DIST-EMPIRE-IND,PRICE_DISPUTE,LOW,Routine inquiry / order status check for DIST-EMPIRE-IND,Standard operational correspondence regarding order fulfillment tracking and invoice reconciliation.,0.04
ZD-TK-1019,2025-07-03T16:34:00Z,NA-East,DIST-TRI-STATE-OPS,PRICE_DISPUTE,LOW,Routine inquiry / order status check for DIST-TRI-STATE-OPS,Standard operational correspondence regarding order fulfillment tracking and invoice reconciliation.,0.24
ZD-TK-1020,2025-07-03T13:06:00Z,NA-East,DIST-COASTAL-WHOLESALE,PRICE_DISPUTE,LOW,Routine inquiry / order status check for DIST-COASTAL-WHOLESALE,Standard operational correspondence regarding order fulfillment tracking and invoice reconciliation.,0.0
ZD-TK-1021,2025-07-03T08:34:00Z,NA-Central,DIST-GREATLAKES-SUPPLY,FULFILLMENT_DELAY,LOW,Routine inquiry / order status check for DIST-GREATLAKES-SUPPLY,Standard operational correspondence regarding order fulfillment tracking and invoice reconciliation.,-0.12
ZD-TK-1022,2025-07-03T17:59:00Z,NA-Central,DIST-MIDWEST-DIRECT,PRICE_DISPUTE,MEDIUM,Routine inquiry / order status check for DIST-MIDWEST-DIRECT,Standard operational correspondence regarding order fulfillment tracking and invoice reconciliation.,-0.21
ZD-TK-1023,2025-07-03T12:19:00Z,NA-West,DIST-MOUNTAIN-PARTS,FULFILLMENT_DELAY,LOW,Routine inquiry / order status check for DIST-MOUNTAIN-PARTS,Standard operational correspondence regarding order fulfillment tracking and invoice reconciliation.,-0.09
ZD-TK-1024,2025-07-03T08:34:00Z,NA-West,DIST-MOUNTAIN-PARTS,PRICE_DISPUTE,MEDIUM,Routine inquiry / order status check for DIST-MOUNTAIN-PARTS,Standard operational correspondence regarding order fulfillment tracking and invoice reconciliation.,0.05
ZD-TK-1025,2025-07-03T14:46:00Z,NA-West,DIST-PACIFIC-LOGISTICS,PRODUCT_QUALITY,LOW,Routine inquiry / order status check for DIST-PACIFIC-LOGISTICS,Standard operational correspondence regarding order fulfillment tracking and invoice reconciliation.,-0.07
ZD-TK-1026,2025-07-04T11:57:00Z,NA-East,DIST-TRI-STATE-OPS,FULFILLMENT_DELAY,LOW,Routine inquiry / order status check for DIST-TRI-STATE-OPS,Standard operational correspondence regarding order fulfillment tracking and invoice reconciliation.,-0.06
ZD-TK-1027,2025-07-04T16:47:00Z,NA-East,DIST-TRI-STATE-OPS,FULFILLMENT_DELAY,MEDIUM,Routine inquiry / order status check for DIST-TRI-STATE-OPS,Standard operational correspondence regarding order fulfillment tracking and invoice reconciliation.,0.27
ZD-TK-1028,2025-07-04T12:57:00Z,NA-East,DIST-TRI-STATE-OPS,PRICE_DISPUTE,MEDIUM,Routine inquiry / order status check for DIST-TRI-STATE-OPS,Standard operational correspondence regarding order fulfillment tracking and invoice reconciliation.,-0.21
ZD-TK-1029,2025-07-04T13:17:00Z,NA-Central,DIST-GREATLAKES-SUPPLY,PRICE_DISPUTE,LOW,Routine inquiry / order status check for DIST-GREATLAKES-SUPPLY,Standard operational correspondence regarding order fulfillment tracking and invoice reconciliation.,0.14
ZD-TK-1030,2025-07-04T12:33:00Z,NA-Central,DIST-TEXAS-COMMERCIAL,PRICE_DISPUTE,MEDIUM,Routine inquiry / order status check for DIST-TEXAS-COMMERCIAL,Standard operational correspondence regarding order fulfillment tracking and invoice reconciliation.,0.11
ZD-TK-1031,2025-07-04T15:12:00Z,NA-West,DIST-MOUNTAIN-PARTS,FULFILLMENT_DELAY,LOW,Routine inquiry / order status check for DIST-MOUNTAIN-PARTS,Standard operational correspondence regarding order fulfillment tracking and invoice reconciliation.,0.32
ZD-TK-1032,2025-07-04T15:30:00Z,NA-West,DIST-CAL-ENTERPRISE,PRODUCT_QUALITY,MEDIUM,Routine inquiry / order status check for DIST-CAL-ENTERPRISE,Standard operational correspondence regarding order fulfillment tracking and invoice reconciliation.,-0.12
ZD-TK-1033,2025-07-04T10:36:00Z,NA-West,DIST-PACIFIC-LOGISTICS,PRICE_DISPUTE,LOW,Routine inquiry / order status check for DIST-PACIFIC-LOGISTICS,Standard operational correspondence regarding order fulfillment tracking and invoice reconciliation.,0.19
ZD-TK-1034,2025-07-05T11:18:00Z,NA-East,DIST-APEX-EAST,FULFILLMENT_DELAY,LOW,Routine inquiry / order status check for DIST-APEX-EAST,Standard operational correspondence regarding order fulfillment tracking and invoice reconciliation.,-0.07
ZD-TK-1035,2025-07-05T12:56:00Z,NA-East,DIST-MIDATL-SUPPLY,PRICE_DISPUTE,LOW,Routine inquiry / order status check for DIST-MIDATL-SUPPLY,Standard operational correspondence regarding order fulfillment tracking and invoice reconciliation.,-0.19
ZD-TK-1036,2025-07-05T12:07:00Z,NA-Central,DIST-TEXAS-COMMERCIAL,PRICE_DISPUTE,LOW,Routine inquiry / order status check for DIST-TEXAS-COMMERCIAL,Standard operational correspondence regarding order fulfillment tracking and invoice reconciliation.,0.05
ZD-TK-1037,2025-07-05T11:47:00Z,NA-West,DIST-CAL-ENTERPRISE,PRICE_DISPUTE,LOW,Routine inquiry / order status check for DIST-CAL-ENTERPRISE,Standard operational correspondence regarding order fulfillment tracking and invoice reconciliation.,0.33
ZD-TK-1038,2025-07-05T09:30:00Z,NA-West,DIST-MOUNTAIN-PARTS,FULFILLMENT_DELAY,MEDIUM,Routine inquiry / order status check for DIST-MOUNTAIN-PARTS,Standard operational correspondence regarding order fulfillment tracking and invoice reconciliation.,0.06
ZD-TK-1039,2025-07-06T17:31:00Z,NA-East,DIST-SUNBELT-PARTS,PRICE_DISPUTE,LOW,Routine inquiry / order status check for DIST-SUNBELT-PARTS,Standard operational correspondence regarding order fulfillment tracking and invoice reconciliation.,-0.12
ZD-TK-1040,2025-07-06T11:46:00Z,NA-East,DIST-SUNBELT-PARTS,PRODUCT_QUALITY,MEDIUM,Routine inquiry / order status check for DIST-SUNBELT-PARTS,Standard operational correspondence regarding order fulfillment tracking and invoice reconciliation.,-0.14
ZD-TK-1041,2025-07-06T14:17:00Z,NA-East,DIST-TRI-STATE-OPS,FULFILLMENT_DELAY,MEDIUM,Routine inquiry / order status check for DIST-TRI-STATE-OPS,Standard operational correspondence regarding order fulfillment tracking and invoice reconciliation.,0.29
ZD-TK-1042,2025-07-06T12:34:00Z,NA-Central,DIST-GREATLAKES-SUPPLY,PRICE_DISPUTE,LOW,Routine inquiry / order status check for DIST-GREATLAKES-SUPPLY,Standard operational correspondence regarding order fulfillment tracking and invoice reconciliation.,0.14
ZD-TK-1043,2025-07-06T17:15:00Z,NA-West,DIST-PACIFIC-LOGISTICS,PRODUCT_QUALITY,LOW,Routine inquiry / order status check for DIST-PACIFIC-LOGISTICS,Standard operational correspondence regarding order fulfillment tracking and invoice reconciliation.,0.27
ZD-TK-1044,2025-07-06T11:03:00Z,NA-West,DIST-MOUNTAIN-PARTS,FULFILLMENT_DELAY,MEDIUM,Routine inquiry / order status check for DIST-MOUNTAIN-PARTS,Standard operational correspondence regarding order fulfillment tracking and invoice reconciliation.,0.08
ZD-TK-1045,2025-07-06T09:58:00Z,NA-West,DIST-MOUNTAIN-PARTS,PRICE_DISPUTE,LOW,Routine inquiry / order status check for DIST-MOUNTAIN-PARTS,Standard operational correspondence regarding order fulfillment tracking and invoice reconciliation.,0.13
ZD-TK-1046,2025-07-07T14:44:00Z,NA-East,DIST-COASTAL-WHOLESALE,PRICE_DISPUTE,LOW,Routine inquiry / order status check for DIST-COASTAL-WHOLESALE,Standard operational correspondence regarding order fulfillment tracking and invoice reconciliation.,-0.27
ZD-TK-1047,2025-07-07T15:37:00Z,NA-East,DIST-COASTAL-WHOLESALE,FULFILLMENT_DELAY,LOW,Routine inquiry / order status check for DIST-COASTAL-WHOLESALE,Standard operational correspondence regarding order fulfillment tracking and invoice reconciliation.,-0.33
ZD-TK-1048,2025-07-07T09:57:00Z,NA-Central,DIST-TEXAS-COMMERCIAL,PRODUCT_QUALITY,MEDIUM,Routine inquiry / order status check for DIST-TEXAS-COMMERCIAL,Standard operational correspondence regarding order fulfillment tracking and invoice reconciliation.,-0.24
ZD-TK-1049,2025-07-07T13:37:00Z,NA-West,DIST-CAL-ENTERPRISE,FULFILLMENT_DELAY,LOW,Routine inquiry / order status check for DIST-CAL-ENTERPRISE,Standard operational correspondence regarding order fulfillment tracking and invoice reconciliation.,-0.05
ZD-TK-1050,2025-07-08T13:21:00Z,NA-East,DIST-TRI-STATE-OPS,PRICE_DISPUTE,LOW,Routine inquiry / order status check for DIST-TRI-STATE-OPS,Standard operational correspondence regarding order fulfillment tracking and invoice reconciliation.,-0.02
ZD-TK-1051,2025-07-08T09:02:00Z,NA-East,DIST-TRI-STATE-OPS,PRODUCT_QUALITY,MEDIUM,Routine inquiry / order status check for DIST-TRI-STATE-OPS,Standard operational correspondence regarding order fulfillment tracking and invoice reconciliation.,-0.04
ZD-TK-1052,2025-07-08T12:32:00Z,NA-Central,DIST-TEXAS-COMMERCIAL,FULFILLMENT_DELAY,LOW,Routine inquiry / order status check for DIST-TEXAS-COMMERCIAL,Standard operational correspondence regarding order fulfillment tracking and invoice reconciliation.,-0.23
ZD-TK-1053,2025-07-08T12:07:00Z,NA-West,DIST-CAL-ENTERPRISE,FULFILLMENT_DELAY,LOW,Routine inquiry / order status check for DIST-CAL-ENTERPRISE,Standard operational correspondence regarding order fulfillment tracking and invoice reconciliation.,0.1
ZD-TK-1054,2025-07-08T12:23:00Z,NA-West,DIST-CAL-ENTERPRISE,PRODUCT_QUALITY,LOW,Routine inquiry / order status check for DIST-CAL-ENTERPRISE,Standard operational correspondence regarding order fulfillment tracking and invoice reconciliation.,0.19
ZD-TK-1055,2025-07-08T14:14:00Z,NA-West,DIST-MOUNTAIN-PARTS,PRODUCT_QUALITY,MEDIUM,Routine inquiry / order status check for DIST-MOUNTAIN-PARTS,Standard operational correspondence regarding order fulfillment tracking and invoice reconciliation.,0.04
ZD-TK-1056,2025-07-09T09:13:00Z,NA-East,DIST-TRI-STATE-OPS,FULFILLMENT_DELAY,MEDIUM,Routine inquiry / order status check for DIST-TRI-STATE-OPS,Standard operational correspondence regarding order fulfillment tracking and invoice reconciliation.,-0.12
ZD-TK-1057,2025-07-09T13:16:00Z,NA-East,DIST-COASTAL-WHOLESALE,PRICE_DISPUTE,LOW,Routine inquiry / order status check for DIST-COASTAL-WHOLESALE,Standard operational correspondence regarding order fulfillment tracking and invoice reconciliation.,-0.12
ZD-TK-1058,2025-07-09T08:13:00Z,NA-East,DIST-TRI-STATE-OPS,FULFILLMENT_DELAY,LOW,Routine inquiry / order status check for DIST-TRI-STATE-OPS,Standard operational correspondence regarding order fulfillment tracking and invoice reconciliation.,0.33
ZD-TK-1059,2025-07-09T16:56:00Z,NA-Central,DIST-MIDWEST-DIRECT,FULFILLMENT_DELAY,MEDIUM,Routine inquiry / order status check for DIST-MIDWEST-DIRECT,Standard operational correspondence regarding order fulfillment tracking and invoice reconciliation.,0.05
ZD-TK-1060,2025-07-09T11:54:00Z,NA-West,DIST-CAL-ENTERPRISE,PRICE_DISPUTE,MEDIUM,Routine inquiry / order status check for DIST-CAL-ENTERPRISE,Standard operational correspondence regarding order fulfillment tracking and invoice reconciliation.,-0.33
ZD-TK-1061,2025-07-09T13:16:00Z,NA-West,DIST-PACIFIC-LOGISTICS,PRICE_DISPUTE,MEDIUM,Routine inquiry / order status check for DIST-PACIFIC-LOGISTICS,Standard operational correspondence regarding order fulfillment tracking and invoice reconciliation.,-0.01
ZD-TK-1062,2025-07-10T10:38:00Z,NA-East,DIST-TRI-STATE-OPS,PRODUCT_QUALITY,LOW,Routine inquiry / order status check for DIST-TRI-STATE-OPS,Standard operational correspondence regarding order fulfillment tracking and invoice reconciliation.,-0.1
ZD-TK-1063,2025-07-10T11:11:00Z,NA-East,DIST-EMPIRE-IND,PRICE_DISPUTE,LOW,Routine inquiry / order status check for DIST-EMPIRE-IND,Standard operational correspondence regarding order fulfillment tracking and invoice reconciliation.,-0.1
ZD-TK-1064,2025-07-10T09:27:00Z,NA-East,DIST-MIDATL-SUPPLY,FULFILLMENT_DELAY,MEDIUM,Routine inquiry / order status check for DIST-MIDATL-SUPPLY,Standard operational correspondence regarding order fulfillment tracking and invoice reconciliation.,0.19
ZD-TK-1065,2025-07-10T11:34:00Z,NA-Central,DIST-GREATLAKES-SUPPLY,PRODUCT_QUALITY,LOW,Routine inquiry / order status check for DIST-GREATLAKES-SUPPLY,Standard operational correspondence regarding order fulfillment tracking and invoice reconciliation.,-0.21
ZD-TK-1066,2025-07-10T10:12:00Z,NA-Central,DIST-GREATLAKES-SUPPLY,PRODUCT_QUALITY,LOW,Routine inquiry / order status check for DIST-GREATLAKES-SUPPLY,Standard operational correspondence regarding order fulfillment tracking and invoice reconciliation.,0.27
ZD-TK-1067,2025-07-10T10:06:00Z,NA-Central,DIST-MIDWEST-DIRECT,PRODUCT_QUALITY,MEDIUM,Routine inquiry / order status check for DIST-MIDWEST-DIRECT,Standard operational correspondence regarding order fulfillment tracking and invoice reconciliation.,0.17
ZD-TK-1068,2025-07-10T17:14:00Z,NA-West,DIST-MOUNTAIN-PARTS,PRICE_DISPUTE,MEDIUM,Routine inquiry / order status check for DIST-MOUNTAIN-PARTS,Standard operational correspondence regarding order fulfillment tracking and invoice reconciliation.,-0.22
ZD-TK-1069,2025-07-11T17:27:00Z,NA-East,DIST-MIDATL-SUPPLY,PRODUCT_QUALITY,MEDIUM,Routine inquiry / order status check for DIST-MIDATL-SUPPLY,Standard operational correspondence regarding order fulfillment tracking and invoice reconciliation.,-0.21
ZD-TK-1070,2025-07-11T14:40:00Z,NA-Central,DIST-MIDWEST-DIRECT,FULFILLMENT_DELAY,LOW,Routine inquiry / order status check for DIST-MIDWEST-DIRECT,Standard operational correspondence regarding order fulfillment tracking and invoice reconciliation.,-0.22
ZD-TK-1071,2025-07-11T13:18:00Z,NA-West,DIST-PACIFIC-LOGISTICS,FULFILLMENT_DELAY,LOW,Routine inquiry / order status check for DIST-PACIFIC-LOGISTICS,Standard operational correspondence regarding order fulfillment tracking and invoice reconciliation.,0.26
ZD-TK-1072,2025-07-12T10:33:00Z,NA-East,DIST-EMPIRE-IND,PRODUCT_QUALITY,LOW,Routine inquiry / order status check for DIST-EMPIRE-IND,Standard operational correspondence regarding order fulfillment tracking and invoice reconciliation.,0.08
ZD-TK-1073,2025-07-12T08:53:00Z,NA-East,DIST-COASTAL-WHOLESALE,PRODUCT_QUALITY,MEDIUM,Routine inquiry / order status check for DIST-COASTAL-WHOLESALE,Standard operational correspondence regarding order fulfillment tracking and invoice reconciliation.,0.25
ZD-TK-1074,2025-07-12T17:50:00Z,NA-East,DIST-APEX-EAST,PRICE_DISPUTE,LOW,Routine inquiry / order status check for DIST-APEX-EAST,Standard operational correspondence regarding order fulfillment tracking and invoice reconciliation.,0.29
ZD-TK-1075,2025-07-12T13:12:00Z,NA-Central,DIST-TEXAS-COMMERCIAL,PRODUCT_QUALITY,LOW,Routine inquiry / order status check for DIST-TEXAS-COMMERCIAL,Standard operational correspondence regarding order fulfillment tracking and invoice reconciliation.,0.07
ZD-TK-1076,2025-07-12T16:00:00Z,NA-Central,DIST-TEXAS-COMMERCIAL,FULFILLMENT_DELAY,LOW,Routine inquiry / order status check for DIST-TEXAS-COMMERCIAL,Standard operational correspondence regarding order fulfillment tracking and invoice reconciliation.,0.3
ZD-TK-1077,2025-07-12T13:25:00Z,NA-Central,DIST-MIDWEST-DIRECT,PRODUCT_QUALITY,MEDIUM,Routine inquiry / order status check for DIST-MIDWEST-DIRECT,Standard operational correspondence regarding order fulfillment tracking and invoice reconciliation.,0.33
ZD-TK-1078,2025-07-12T12:52:00Z,NA-West,DIST-CAL-ENTERPRISE,FULFILLMENT_DELAY,MEDIUM,Routine inquiry / order status check for DIST-CAL-ENTERPRISE,Standard operational correspondence regarding order fulfillment tracking and invoice reconciliation.,0.34
ZD-TK-1079,2025-07-13T13:16:00Z,NA-East,DIST-MIDATL-SUPPLY,FULFILLMENT_DELAY,LOW,Routine inquiry / order status check for DIST-MIDATL-SUPPLY,Standard operational correspondence regarding order fulfillment tracking and invoice reconciliation.,-0.15
ZD-TK-1080,2025-07-13T08:17:00Z,NA-East,DIST-TRI-STATE-OPS,FULFILLMENT_DELAY,MEDIUM,Routine inquiry / order status check for DIST-TRI-STATE-OPS,Standard operational correspondence regarding order fulfillment tracking and invoice reconciliation.,0.34
ZD-TK-1081,2025-07-13T13:24:00Z,NA-East,DIST-APEX-EAST,PRODUCT_QUALITY,MEDIUM,Routine inquiry / order status check for DIST-APEX-EAST,Standard operational correspondence regarding order fulfillment tracking and invoice reconciliation.,0.24
ZD-TK-1082,2025-07-13T11:49:00Z,NA-Central,DIST-MIDWEST-DIRECT,PRODUCT_QUALITY,MEDIUM,Routine inquiry / order status check for DIST-MIDWEST-DIRECT,Standard operational correspondence regarding order fulfillment tracking and invoice reconciliation.,0.32
ZD-TK-1083,2025-07-13T13:05:00Z,NA-Central,DIST-MIDWEST-DIRECT,FULFILLMENT_DELAY,MEDIUM,Routine inquiry / order status check for DIST-MIDWEST-DIRECT,Standard operational correspondence regarding order fulfillment tracking and invoice reconciliation.,-0.15
ZD-TK-1084,2025-07-13T17:32:00Z,NA-Central,DIST-GREATLAKES-SUPPLY,FULFILLMENT_DELAY,MEDIUM,Routine inquiry / order status check for DIST-GREATLAKES-SUPPLY,Standard operational correspondence regarding order fulfillment tracking and invoice reconciliation.,0.15
ZD-TK-1085,2025-07-13T16:11:00Z,NA-West,DIST-PACIFIC-LOGISTICS,PRICE_DISPUTE,MEDIUM,Routine inquiry / order status check for DIST-PACIFIC-LOGISTICS,Standard operational correspondence regarding order fulfillment tracking and invoice reconciliation.,0.01
ZD-TK-1086,2025-07-14T17:37:00Z,NA-East,DIST-TRI-STATE-OPS,PRODUCT_QUALITY,LOW,Routine inquiry / order status check for DIST-TRI-STATE-OPS,Standard operational correspondence regarding order fulfillment tracking and invoice reconciliation.,0.19
ZD-TK-1087,2025-07-14T08:14:00Z,NA-East,DIST-TRI-STATE-OPS,FULFILLMENT_DELAY,LOW,Routine inquiry / order status check for DIST-TRI-STATE-OPS,Standard operational correspondence regarding order fulfillment tracking and invoice reconciliation.,-0.1
ZD-TK-1088,2025-07-14T14:39:00Z,NA-East,DIST-SUNBELT-PARTS,PRODUCT_QUALITY,MEDIUM,Routine inquiry / order status check for DIST-SUNBELT-PARTS,Standard operational correspondence regarding order fulfillment tracking and invoice reconciliation.,0.16
ZD-TK-1089,2025-07-14T17:19:00Z,NA-Central,DIST-TEXAS-COMMERCIAL,FULFILLMENT_DELAY,MEDIUM,Routine inquiry / order status check for DIST-TEXAS-COMMERCIAL,Standard operational correspondence regarding order fulfillment tracking and invoice reconciliation.,-0.04
ZD-TK-1090,2025-07-14T11:10:00Z,NA-Central,DIST-TEXAS-COMMERCIAL,PRICE_DISPUTE,LOW,Routine inquiry / order status check for DIST-TEXAS-COMMERCIAL,Standard operational correspondence regarding order fulfillment tracking and invoice reconciliation.,0.28
ZD-TK-1091,2025-07-14T13:24:00Z,NA-West,DIST-CAL-ENTERPRISE,FULFILLMENT_DELAY,MEDIUM,Routine inquiry / order status check for DIST-CAL-ENTERPRISE,Standard operational correspondence regarding order fulfillment tracking and invoice reconciliation.,-0.15
ZD-TK-1092,2025-07-15T10:29:00Z,NA-East,DIST-MIDATL-SUPPLY,FULFILLMENT_DELAY,LOW,Routine inquiry / order status check for DIST-MIDATL-SUPPLY,Standard operational correspondence regarding order fulfillment tracking and invoice reconciliation.,0.18
ZD-TK-1093,2025-07-15T16:45:00Z,NA-East,DIST-COASTAL-WHOLESALE,PRODUCT_QUALITY,MEDIUM,Routine inquiry / order status check for DIST-COASTAL-WHOLESALE,Standard operational correspondence regarding order fulfillment tracking and invoice reconciliation.,0.05
ZD-TK-1094,2025-07-15T13:08:00Z,NA-Central,DIST-MIDWEST-DIRECT,PRODUCT_QUALITY,LOW,Routine inquiry / order status check for DIST-MIDWEST-DIRECT,Standard operational correspondence regarding order fulfillment tracking and invoice reconciliation.,0.31
ZD-TK-1095,2025-07-15T13:25:00Z,NA-Central,DIST-GREATLAKES-SUPPLY,PRICE_DISPUTE,MEDIUM,Routine inquiry / order status check for DIST-GREATLAKES-SUPPLY,Standard operational correspondence regarding order fulfillment tracking and invoice reconciliation.,0.08
ZD-TK-1096,2025-07-15T15:18:00Z,NA-West,DIST-CAL-ENTERPRISE,PRICE_DISPUTE,MEDIUM,Routine inquiry / order status check for DIST-CAL-ENTERPRISE,Standard operational correspondence regarding order fulfillment tracking and invoice reconciliation.,-0.2
ZD-TK-1097,2025-07-15T14:14:00Z,NA-West,DIST-CAL-ENTERPRISE,PRODUCT_QUALITY,LOW,Routine inquiry / order status check for DIST-CAL-ENTERPRISE,Standard operational correspondence regarding order fulfillment tracking and invoice reconciliation.,0.2
ZD-TK-1098,2025-07-16T17:41:00Z,NA-East,DIST-SUNBELT-PARTS,PRICE_DISPUTE,LOW,Routine inquiry / order status check for DIST-SUNBELT-PARTS,Standard operational correspondence regarding order fulfillment tracking and invoice reconciliation.,0.19
ZD-TK-1099,2025-07-16T08:36:00Z,NA-Central,DIST-TEXAS-COMMERCIAL,PRICE_DISPUTE,MEDIUM,Routine inquiry / order status check for DIST-TEXAS-COMMERCIAL,Standard operational correspondence regarding order fulfillment tracking and invoice reconciliation.,0.12
ZD-TK-1100,2025-07-16T10:24:00Z,NA-Central,DIST-TEXAS-COMMERCIAL,PRODUCT_QUALITY,MEDIUM,Routine inquiry / order status check for DIST-TEXAS-COMMERCIAL,Standard operational correspondence regarding order fulfillment tracking and invoice reconciliation.,0.33
ZD-TK-1101,2025-07-16T09:50:00Z,NA-West,DIST-PACIFIC-LOGISTICS,FULFILLMENT_DELAY,MEDIUM,Routine inquiry / order status check for DIST-PACIFIC-LOGISTICS,Standard operational correspondence regarding order fulfillment tracking and invoice reconciliation.,-0.03
ZD-TK-1102,2025-07-16T17:46:00Z,NA-West,DIST-PACIFIC-LOGISTICS,FULFILLMENT_DELAY,MEDIUM,Routine inquiry / order status check for DIST-PACIFIC-LOGISTICS,Standard operational correspondence regarding order fulfillment tracking and invoice reconciliation.,-0.22
ZD-TK-1103,2025-07-16T12:37:00Z,NA-West,DIST-MOUNTAIN-PARTS,FULFILLMENT_DELAY,LOW,Routine inquiry / order status check for DIST-MOUNTAIN-PARTS,Standard operational correspondence regarding order fulfillment tracking and invoice reconciliation.,-0.15
ZD-TK-1104,2025-07-17T16:42:00Z,NA-East,DIST-SUNBELT-PARTS,FULFILLMENT_DELAY,MEDIUM,Routine inquiry / order status check for DIST-SUNBELT-PARTS,Standard operational correspondence regarding order fulfillment tracking and invoice reconciliation.,0.3
ZD-TK-1105,2025-07-17T11:08:00Z,NA-Central,DIST-TEXAS-COMMERCIAL,FULFILLMENT_DELAY,LOW,Routine inquiry / order status check for DIST-TEXAS-COMMERCIAL,Standard operational correspondence regarding order fulfillment tracking and invoice reconciliation.,0.03
ZD-TK-1106,2025-07-17T13:22:00Z,NA-Central,DIST-TEXAS-COMMERCIAL,FULFILLMENT_DELAY,LOW,Routine inquiry / order status check for DIST-TEXAS-COMMERCIAL,Standard operational correspondence regarding order fulfillment tracking and invoice reconciliation.,0.21
ZD-TK-1107,2025-07-17T15:56:00Z,NA-West,DIST-MOUNTAIN-PARTS,FULFILLMENT_DELAY,LOW,Routine inquiry / order status check for DIST-MOUNTAIN-PARTS,Standard operational correspondence regarding order fulfillment tracking and invoice reconciliation.,0.33
ZD-TK-1108,2025-07-17T09:28:00Z,NA-West,DIST-CAL-ENTERPRISE,PRICE_DISPUTE,MEDIUM,Routine inquiry / order status check for DIST-CAL-ENTERPRISE,Standard operational correspondence regarding order fulfillment tracking and invoice reconciliation.,0.09
ZD-TK-1109,2025-07-18T17:16:00Z,NA-East,DIST-TRI-STATE-OPS,PRICE_DISPUTE,LOW,Routine inquiry / order status check for DIST-TRI-STATE-OPS,Standard operational correspondence regarding order fulfillment tracking and invoice reconciliation.,-0.23
ZD-TK-1110,2025-07-18T13:22:00Z,NA-Central,DIST-TEXAS-COMMERCIAL,FULFILLMENT_DELAY,MEDIUM,Routine inquiry / order status check for DIST-TEXAS-COMMERCIAL,Standard operational correspondence regarding order fulfillment tracking and invoice reconciliation.,0.04
ZD-TK-1111,2025-07-18T13:30:00Z,NA-Central,DIST-MIDWEST-DIRECT,PRODUCT_QUALITY,MEDIUM,Routine inquiry / order status check for DIST-MIDWEST-DIRECT,Standard operational correspondence regarding order fulfillment tracking and invoice reconciliation.,0.21
ZD-TK-1112,2025-07-18T14:35:00Z,NA-Central,DIST-TEXAS-COMMERCIAL,FULFILLMENT_DELAY,MEDIUM,Routine inquiry / order status check for DIST-TEXAS-COMMERCIAL,Standard operational correspondence regarding order fulfillment tracking and invoice reconciliation.,-0.09
ZD-TK-1113,2025-07-18T08:59:00Z,NA-West,DIST-MOUNTAIN-PARTS,PRICE_DISPUTE,MEDIUM,Routine inquiry / order status check for DIST-MOUNTAIN-PARTS,Standard operational correspondence regarding order fulfillment tracking and invoice reconciliation.,0.25
ZD-TK-1114,2025-07-18T11:27:00Z,NA-West,DIST-MOUNTAIN-PARTS,PRICE_DISPUTE,LOW,Routine inquiry / order status check for DIST-MOUNTAIN-PARTS,Standard operational correspondence regarding order fulfillment tracking and invoice reconciliation.,-0.08
ZD-TK-1115,2025-07-18T09:18:00Z,NA-West,DIST-PACIFIC-LOGISTICS,FULFILLMENT_DELAY,LOW,Routine inquiry / order status check for DIST-PACIFIC-LOGISTICS,Standard operational correspondence regarding order fulfillment tracking and invoice reconciliation.,-0.19
ZD-TK-1116,2025-07-19T12:03:00Z,NA-East,DIST-SUNBELT-PARTS,PRICE_DISPUTE,MEDIUM,Routine inquiry / order status check for DIST-SUNBELT-PARTS,Standard operational correspondence regarding order fulfillment tracking and invoice reconciliation.,0.06
ZD-TK-1117,2025-07-19T16:13:00Z,NA-Central,DIST-TEXAS-COMMERCIAL,PRODUCT_QUALITY,MEDIUM,Routine inquiry / order status check for DIST-TEXAS-COMMERCIAL,Standard operational correspondence regarding order fulfillment tracking and invoice reconciliation.,-0.12
ZD-TK-1118,2025-07-19T13:42:00Z,NA-Central,DIST-GREATLAKES-SUPPLY,PRICE_DISPUTE,MEDIUM,Routine inquiry / order status check for DIST-GREATLAKES-SUPPLY,Standard operational correspondence regarding order fulfillment tracking and invoice reconciliation.,0.09
ZD-TK-1119,2025-07-19T11:52:00Z,NA-Central,DIST-TEXAS-COMMERCIAL,FULFILLMENT_DELAY,MEDIUM,Routine inquiry / order status check for DIST-TEXAS-COMMERCIAL,Standard operational correspondence regarding order fulfillment tracking and invoice reconciliation.,-0.33
ZD-TK-1120,2025-07-19T15:14:00Z,NA-West,DIST-MOUNTAIN-PARTS,PRODUCT_QUALITY,LOW,Routine inquiry / order status check for DIST-MOUNTAIN-PARTS,Standard operational correspondence regarding order fulfillment tracking and invoice reconciliation.,0.06
ZD-TK-1121,2025-07-20T13:20:00Z,NA-East,DIST-TRI-STATE-OPS,PRICE_DISPUTE,MEDIUM,Routine inquiry / order status check for DIST-TRI-STATE-OPS,Standard operational correspondence regarding order fulfillment tracking and invoice reconciliation.,-0.26
ZD-TK-1122,2025-07-20T14:47:00Z,NA-East,DIST-EMPIRE-IND,FULFILLMENT_DELAY,MEDIUM,Routine inquiry / order status check for DIST-EMPIRE-IND,Standard operational correspondence regarding order fulfillment tracking and invoice reconciliation.,0.22
ZD-TK-1123,2025-07-20T09:44:00Z,NA-East,DIST-EMPIRE-IND,FULFILLMENT_DELAY,MEDIUM,Routine inquiry / order status check for DIST-EMPIRE-IND,Standard operational correspondence regarding order fulfillment tracking and invoice reconciliation.,0.1
ZD-TK-1124,2025-07-20T11:17:00Z,NA-Central,DIST-MIDWEST-DIRECT,FULFILLMENT_DELAY,LOW,Routine inquiry / order status check for DIST-MIDWEST-DIRECT,Standard operational correspondence regarding order fulfillment tracking and invoice reconciliation.,-0.2
ZD-TK-1125,2025-07-20T17:46:00Z,NA-Central,DIST-GREATLAKES-SUPPLY,PRICE_DISPUTE,MEDIUM,Routine inquiry / order status check for DIST-GREATLAKES-SUPPLY,Standard operational correspondence regarding order fulfillment tracking and invoice reconciliation.,0.08
ZD-TK-1126,2025-07-20T17:51:00Z,NA-Central,DIST-TEXAS-COMMERCIAL,PRICE_DISPUTE,MEDIUM,Routine inquiry / order status check for DIST-TEXAS-COMMERCIAL,Standard operational correspondence regarding order fulfillment tracking and invoice reconciliation.,0.26
ZD-TK-1127,2025-07-20T10:27:00Z,NA-West,DIST-PACIFIC-LOGISTICS,FULFILLMENT_DELAY,MEDIUM,Routine inquiry / order status check for DIST-PACIFIC-LOGISTICS,Standard operational correspondence regarding order fulfillment tracking and invoice reconciliation.,-0.32
ZD-TK-1128,2025-07-20T11:05:00Z,NA-West,DIST-CAL-ENTERPRISE,FULFILLMENT_DELAY,LOW,Routine inquiry / order status check for DIST-CAL-ENTERPRISE,Standard operational correspondence regarding order fulfillment tracking and invoice reconciliation.,0.12
ZD-TK-1129,2025-07-21T12:32:00Z,NA-East,DIST-COASTAL-WHOLESALE,PRICE_DISPUTE,MEDIUM,Routine inquiry / order status check for DIST-COASTAL-WHOLESALE,Standard operational correspondence regarding order fulfillment tracking and invoice reconciliation.,-0.07
ZD-TK-1130,2025-07-21T12:40:00Z,NA-East,DIST-EMPIRE-IND,PRODUCT_QUALITY,LOW,Routine inquiry / order status check for DIST-EMPIRE-IND,Standard operational correspondence regarding order fulfillment tracking and invoice reconciliation.,0.23
ZD-TK-1131,2025-07-21T16:43:00Z,NA-Central,DIST-GREATLAKES-SUPPLY,PRICE_DISPUTE,LOW,Routine inquiry / order status check for DIST-GREATLAKES-SUPPLY,Standard operational correspondence regarding order fulfillment tracking and invoice reconciliation.,0.22
ZD-TK-1132,2025-07-21T14:31:00Z,NA-Central,DIST-MIDWEST-DIRECT,PRODUCT_QUALITY,LOW,Routine inquiry / order status check for DIST-MIDWEST-DIRECT,Standard operational correspondence regarding order fulfillment tracking and invoice reconciliation.,0.07
ZD-TK-1133,2025-07-21T16:52:00Z,NA-West,DIST-MOUNTAIN-PARTS,FULFILLMENT_DELAY,MEDIUM,Routine inquiry / order status check for DIST-MOUNTAIN-PARTS,Standard operational correspondence regarding order fulfillment tracking and invoice reconciliation.,0.23
ZD-TK-1134,2025-07-21T11:15:00Z,NA-West,DIST-MOUNTAIN-PARTS,PRICE_DISPUTE,LOW,Routine inquiry / order status check for DIST-MOUNTAIN-PARTS,Standard operational correspondence regarding order fulfillment tracking and invoice reconciliation.,0.32
ZD-TK-1135,2025-07-22T15:13:00Z,NA-East,DIST-COASTAL-WHOLESALE,PRODUCT_QUALITY,MEDIUM,Routine inquiry / order status check for DIST-COASTAL-WHOLESALE,Standard operational correspondence regarding order fulfillment tracking and invoice reconciliation.,-0.13
ZD-TK-1136,2025-07-22T11:44:00Z,NA-East,DIST-TRI-STATE-OPS,PRODUCT_QUALITY,MEDIUM,Routine inquiry / order status check for DIST-TRI-STATE-OPS,Standard operational correspondence regarding order fulfillment tracking and invoice reconciliation.,-0.21
ZD-TK-1137,2025-07-22T17:40:00Z,NA-East,DIST-TRI-STATE-OPS,PRICE_DISPUTE,LOW,Routine inquiry / order status check for DIST-TRI-STATE-OPS,Standard operational correspondence regarding order fulfillment tracking and invoice reconciliation.,0.03
ZD-TK-1138,2025-07-22T12:27:00Z,NA-Central,DIST-GREATLAKES-SUPPLY,PRODUCT_QUALITY,LOW,Routine inquiry / order status check for DIST-GREATLAKES-SUPPLY,Standard operational correspondence regarding order fulfillment tracking and invoice reconciliation.,0.26
ZD-TK-1139,2025-07-22T17:57:00Z,NA-Central,DIST-MIDWEST-DIRECT,FULFILLMENT_DELAY,LOW,Routine inquiry / order status check for DIST-MIDWEST-DIRECT,Standard operational correspondence regarding order fulfillment tracking and invoice reconciliation.,-0.25
ZD-TK-1140,2025-07-22T14:19:00Z,NA-West,DIST-MOUNTAIN-PARTS,PRICE_DISPUTE,MEDIUM,Routine inquiry / order status check for DIST-MOUNTAIN-PARTS,Standard operational correspondence regarding order fulfillment tracking and invoice reconciliation.,0.32
ZD-TK-1141,2025-07-22T12:57:00Z,NA-West,DIST-MOUNTAIN-PARTS,PRODUCT_QUALITY,MEDIUM,Routine inquiry / order status check for DIST-MOUNTAIN-PARTS,Standard operational correspondence regarding order fulfillment tracking and invoice reconciliation.,-0.16
ZD-TK-1142,2025-07-23T14:00:00Z,NA-East,DIST-TRI-STATE-OPS,PRICE_DISPUTE,LOW,Routine inquiry / order status check for DIST-TRI-STATE-OPS,Standard operational correspondence regarding order fulfillment tracking and invoice reconciliation.,-0.1
ZD-TK-1143,2025-07-23T12:32:00Z,NA-East,DIST-APEX-EAST,PRICE_DISPUTE,LOW,Routine inquiry / order status check for DIST-APEX-EAST,Standard operational correspondence regarding order fulfillment tracking and invoice reconciliation.,0.08
ZD-TK-1144,2025-07-23T09:03:00Z,NA-Central,DIST-MIDWEST-DIRECT,PRODUCT_QUALITY,LOW,Routine inquiry / order status check for DIST-MIDWEST-DIRECT,Standard operational correspondence regarding order fulfillment tracking and invoice reconciliation.,0.29
ZD-TK-1145,2025-07-23T15:30:00Z,NA-Central,DIST-TEXAS-COMMERCIAL,PRICE_DISPUTE,MEDIUM,Routine inquiry / order status check for DIST-TEXAS-COMMERCIAL,Standard operational correspondence regarding order fulfillment tracking and invoice reconciliation.,-0.07
ZD-TK-1146,2025-07-23T17:46:00Z,NA-West,DIST-MOUNTAIN-PARTS,PRICE_DISPUTE,LOW,Routine inquiry / order status check for DIST-MOUNTAIN-PARTS,Standard operational correspondence regarding order fulfillment tracking and invoice reconciliation.,0.28
ZD-TK-1147,2025-07-23T10:50:00Z,NA-West,DIST-MOUNTAIN-PARTS,PRODUCT_QUALITY,MEDIUM,Routine inquiry / order status check for DIST-MOUNTAIN-PARTS,Standard operational correspondence regarding order fulfillment tracking and invoice reconciliation.,0.02
ZD-TK-1148,2025-07-23T09:14:00Z,NA-West,DIST-CAL-ENTERPRISE,FULFILLMENT_DELAY,MEDIUM,Routine inquiry / order status check for DIST-CAL-ENTERPRISE,Standard operational correspondence regarding order fulfillment tracking and invoice reconciliation.,0.32
ZD-TK-1149,2025-07-24T14:12:00Z,NA-East,DIST-SUNBELT-PARTS,PRICE_DISPUTE,LOW,Routine inquiry / order status check for DIST-SUNBELT-PARTS,Standard operational correspondence regarding order fulfillment tracking and invoice reconciliation.,-0.16
ZD-TK-1150,2025-07-24T09:24:00Z,NA-Central,DIST-MIDWEST-DIRECT,PRICE_DISPUTE,MEDIUM,Routine inquiry / order status check for DIST-MIDWEST-DIRECT,Standard operational correspondence regarding order fulfillment tracking and invoice reconciliation.,0.22
ZD-TK-1151,2025-07-24T12:38:00Z,NA-West,DIST-CAL-ENTERPRISE,PRODUCT_QUALITY,MEDIUM,Routine inquiry / order status check for DIST-CAL-ENTERPRISE,Standard operational correspondence regarding order fulfillment tracking and invoice reconciliation.,0.15
ZD-TK-1152,2025-07-24T16:59:00Z,NA-West,DIST-MOUNTAIN-PARTS,FULFILLMENT_DELAY,MEDIUM,Routine inquiry / order status check for DIST-MOUNTAIN-PARTS,Standard operational correspondence regarding order fulfillment tracking and invoice reconciliation.,-0.12
ZD-TK-1153,2025-07-24T10:19:00Z,NA-West,DIST-PACIFIC-LOGISTICS,PRICE_DISPUTE,MEDIUM,Routine inquiry / order status check for DIST-PACIFIC-LOGISTICS,Standard operational correspondence regarding order fulfillment tracking and invoice reconciliation.,0.25
ZD-TK-1154,2025-07-25T09:31:00Z,NA-East,DIST-COASTAL-WHOLESALE,PRODUCT_QUALITY,LOW,Routine inquiry / order status check for DIST-COASTAL-WHOLESALE,Standard operational correspondence regarding order fulfillment tracking and invoice reconciliation.,-0.13
ZD-TK-1155,2025-07-25T13:01:00Z,NA-Central,DIST-GREATLAKES-SUPPLY,FULFILLMENT_DELAY,MEDIUM,Routine inquiry / order status check for DIST-GREATLAKES-SUPPLY,Standard operational correspondence regarding order fulfillment tracking and invoice reconciliation.,0.04
ZD-TK-1156,2025-07-25T16:41:00Z,NA-Central,DIST-MIDWEST-DIRECT,PRICE_DISPUTE,LOW,Routine inquiry / order status check for DIST-MIDWEST-DIRECT,Standard operational correspondence regarding order fulfillment tracking and invoice reconciliation.,-0.17
ZD-TK-1157,2025-07-25T11:04:00Z,NA-West,DIST-PACIFIC-LOGISTICS,PRODUCT_QUALITY,MEDIUM,Routine inquiry / order status check for DIST-PACIFIC-LOGISTICS,Standard operational correspondence regarding order fulfillment tracking and invoice reconciliation.,0.31
ZD-TK-1158,2025-07-25T13:07:00Z,NA-West,DIST-PACIFIC-LOGISTICS,PRICE_DISPUTE,LOW,Routine inquiry / order status check for DIST-PACIFIC-LOGISTICS,Standard operational correspondence regarding order fulfillment tracking and invoice reconciliation.,0.25
ZD-TK-1159,2025-07-26T16:19:00Z,NA-East,DIST-MIDATL-SUPPLY,PRODUCT_QUALITY,LOW,Routine inquiry / order status check for DIST-MIDATL-SUPPLY,Standard operational correspondence regarding order fulfillment tracking and invoice reconciliation.,0.34
ZD-TK-1160,2025-07-26T10:19:00Z,NA-Central,DIST-MIDWEST-DIRECT,PRICE_DISPUTE,MEDIUM,Routine inquiry / order status check for DIST-MIDWEST-DIRECT,Standard operational correspondence regarding order fulfillment tracking and invoice reconciliation.,0.25
ZD-TK-1161,2025-07-26T09:29:00Z,NA-Central,DIST-MIDWEST-DIRECT,FULFILLMENT_DELAY,LOW,Routine inquiry / order status check for DIST-MIDWEST-DIRECT,Standard operational correspondence regarding order fulfillment tracking and invoice reconciliation.,0.24
ZD-TK-1162,2025-07-26T16:42:00Z,NA-West,DIST-CAL-ENTERPRISE,PRODUCT_QUALITY,LOW,Routine inquiry / order status check for DIST-CAL-ENTERPRISE,Standard operational correspondence regarding order fulfillment tracking and invoice reconciliation.,-0.29
ZD-TK-1163,2025-07-26T08:39:00Z,NA-West,DIST-CAL-ENTERPRISE,PRICE_DISPUTE,LOW,Routine inquiry / order status check for DIST-CAL-ENTERPRISE,Standard operational correspondence regarding order fulfillment tracking and invoice reconciliation.,0.25
ZD-TK-1164,2025-07-27T08:23:00Z,NA-East,DIST-EMPIRE-IND,FULFILLMENT_DELAY,LOW,Routine inquiry / order status check for DIST-EMPIRE-IND,Standard operational correspondence regarding order fulfillment tracking and invoice reconciliation.,0.07
ZD-TK-1165,2025-07-27T09:03:00Z,NA-East,DIST-TRI-STATE-OPS,PRODUCT_QUALITY,MEDIUM,Routine inquiry / order status check for DIST-TRI-STATE-OPS,Standard operational correspondence regarding order fulfillment tracking and invoice reconciliation.,-0.12
ZD-TK-1166,2025-07-27T16:51:00Z,NA-East,DIST-COASTAL-WHOLESALE,FULFILLMENT_DELAY,LOW,Routine inquiry / order status check for DIST-COASTAL-WHOLESALE,Standard operational correspondence regarding order fulfillment tracking and invoice reconciliation.,0.34
ZD-TK-1167,2025-07-27T10:37:00Z,NA-Central,DIST-MIDWEST-DIRECT,PRICE_DISPUTE,MEDIUM,Routine inquiry / order status check for DIST-MIDWEST-DIRECT,Standard operational correspondence regarding order fulfillment tracking and invoice reconciliation.,-0.07
ZD-TK-1168,2025-07-27T09:48:00Z,NA-Central,DIST-GREATLAKES-SUPPLY,PRICE_DISPUTE,LOW,Routine inquiry / order status check for DIST-GREATLAKES-SUPPLY,Standard operational correspondence regarding order fulfillment tracking and invoice reconciliation.,0.01
ZD-TK-1169,2025-07-27T17:27:00Z,NA-West,DIST-MOUNTAIN-PARTS,PRODUCT_QUALITY,MEDIUM,Routine inquiry / order status check for DIST-MOUNTAIN-PARTS,Standard operational correspondence regarding order fulfillment tracking and invoice reconciliation.,0.14
ZD-TK-1170,2025-07-27T08:24:00Z,NA-West,DIST-CAL-ENTERPRISE,PRICE_DISPUTE,LOW,Routine inquiry / order status check for DIST-CAL-ENTERPRISE,Standard operational correspondence regarding order fulfillment tracking and invoice reconciliation.,-0.26
ZD-TK-1171,2025-07-28T10:55:00Z,NA-East,DIST-MIDATL-SUPPLY,PRICE_DISPUTE,MEDIUM,Routine inquiry / order status check for DIST-MIDATL-SUPPLY,Standard operational correspondence regarding order fulfillment tracking and invoice reconciliation.,-0.09
ZD-TK-1172,2025-07-28T16:15:00Z,NA-Central,DIST-MIDWEST-DIRECT,PRODUCT_QUALITY,MEDIUM,Routine inquiry / order status check for DIST-MIDWEST-DIRECT,Standard operational correspondence regarding order fulfillment tracking and invoice reconciliation.,0.22
ZD-TK-1173,2025-07-28T09:50:00Z,NA-West,DIST-PACIFIC-LOGISTICS,FULFILLMENT_DELAY,LOW,Routine inquiry / order status check for DIST-PACIFIC-LOGISTICS,Standard operational correspondence regarding order fulfillment tracking and invoice reconciliation.,-0.16
ZD-TK-1174,2025-07-28T10:56:00Z,NA-West,DIST-CAL-ENTERPRISE,FULFILLMENT_DELAY,MEDIUM,Routine inquiry / order status check for DIST-CAL-ENTERPRISE,Standard operational correspondence regarding order fulfillment tracking and invoice reconciliation.,-0.33
ZD-TK-1175,2025-07-29T16:57:00Z,NA-East,DIST-MIDATL-SUPPLY,PRODUCT_QUALITY,LOW,Routine inquiry / order status check for DIST-MIDATL-SUPPLY,Standard operational correspondence regarding order fulfillment tracking and invoice reconciliation.,0.04
ZD-TK-1176,2025-07-29T11:00:00Z,NA-Central,DIST-TEXAS-COMMERCIAL,PRICE_DISPUTE,LOW,Routine inquiry / order status check for DIST-TEXAS-COMMERCIAL,Standard operational correspondence regarding order fulfillment tracking and invoice reconciliation.,-0.35
ZD-TK-1177,2025-07-29T12:00:00Z,NA-Central,DIST-TEXAS-COMMERCIAL,PRICE_DISPUTE,MEDIUM,Routine inquiry / order status check for DIST-TEXAS-COMMERCIAL,Standard operational correspondence regarding order fulfillment tracking and invoice reconciliation.,0.11
ZD-TK-1178,2025-07-29T09:53:00Z,NA-Central,DIST-TEXAS-COMMERCIAL,PRICE_DISPUTE,MEDIUM,Routine inquiry / order status check for DIST-TEXAS-COMMERCIAL,Standard operational correspondence regarding order fulfillment tracking and invoice reconciliation.,-0.26
ZD-TK-1179,2025-07-29T15:06:00Z,NA-West,DIST-CAL-ENTERPRISE,PRODUCT_QUALITY,MEDIUM,Routine inquiry / order status check for DIST-CAL-ENTERPRISE,Standard operational correspondence regarding order fulfillment tracking and invoice reconciliation.,0.14
ZD-TK-1180,2025-07-29T14:27:00Z,NA-West,DIST-PACIFIC-LOGISTICS,PRODUCT_QUALITY,MEDIUM,Routine inquiry / order status check for DIST-PACIFIC-LOGISTICS,Standard operational correspondence regarding order fulfillment tracking and invoice reconciliation.,0.32
ZD-TK-1181,2025-07-30T08:11:00Z,NA-East,DIST-MIDATL-SUPPLY,PRICE_DISPUTE,MEDIUM,Routine inquiry / order status check for DIST-MIDATL-SUPPLY,Standard operational correspondence regarding order fulfillment tracking and invoice reconciliation.,0.09
ZD-TK-1182,2025-07-30T15:34:00Z,NA-Central,DIST-TEXAS-COMMERCIAL,FULFILLMENT_DELAY,MEDIUM,Routine inquiry / order status check for DIST-TEXAS-COMMERCIAL,Standard operational correspondence regarding order fulfillment tracking and invoice reconciliation.,0.13
ZD-TK-1183,2025-07-30T08:49:00Z,NA-Central,DIST-MIDWEST-DIRECT,FULFILLMENT_DELAY,MEDIUM,Routine inquiry / order status check for DIST-MIDWEST-DIRECT,Standard operational correspondence regarding order fulfillment tracking and invoice reconciliation.,-0.22
ZD-TK-1184,2025-07-30T11:38:00Z,NA-West,DIST-MOUNTAIN-PARTS,PRODUCT_QUALITY,LOW,Routine inquiry / order status check for DIST-MOUNTAIN-PARTS,Standard operational correspondence regarding order fulfillment tracking and invoice reconciliation.,0.02
ZD-TK-1185,2025-07-30T11:28:00Z,NA-West,DIST-MOUNTAIN-PARTS,FULFILLMENT_DELAY,MEDIUM,Routine inquiry / order status check for DIST-MOUNTAIN-PARTS,Standard operational correspondence regarding order fulfillment tracking and invoice reconciliation.,0.27
ZD-TK-1186,2025-07-31T16:03:00Z,NA-East,DIST-TRI-STATE-OPS,PRODUCT_QUALITY,MEDIUM,Routine inquiry / order status check for DIST-TRI-STATE-OPS,Standard operational correspondence regarding order fulfillment tracking and invoice reconciliation.,0.17
ZD-TK-1187,2025-07-31T09:35:00Z,NA-East,DIST-APEX-EAST,PRICE_DISPUTE,MEDIUM,Routine inquiry / order status check for DIST-APEX-EAST,Standard operational correspondence regarding order fulfillment tracking and invoice reconciliation.,0.09
ZD-TK-1188,2025-07-31T09:07:00Z,NA-Central,DIST-GREATLAKES-SUPPLY,PRODUCT_QUALITY,LOW,Routine inquiry / order status check for DIST-GREATLAKES-SUPPLY,Standard operational correspondence regarding order fulfillment tracking and invoice reconciliation.,-0.01
ZD-TK-1189,2025-07-31T11:02:00Z,NA-West,DIST-CAL-ENTERPRISE,PRICE_DISPUTE,MEDIUM,Routine inquiry / order status check for DIST-CAL-ENTERPRISE,Standard operational correspondence regarding order fulfillment tracking and invoice reconciliation.,0.26
ZD-TK-1190,2025-07-31T09:53:00Z,NA-West,DIST-CAL-ENTERPRISE,PRICE_DISPUTE,MEDIUM,Routine inquiry / order status check for DIST-CAL-ENTERPRISE,Standard operational correspondence regarding order fulfillment tracking and invoice reconciliation.,-0.07
ZD-TK-1191,2025-08-01T09:57:00Z,NA-East,DIST-SUNBELT-PARTS,FULFILLMENT_DELAY,LOW,Routine inquiry / order status check for DIST-SUNBELT-PARTS,Standard operational correspondence regarding order fulfillment tracking and invoice reconciliation.,-0.08
ZD-TK-1192,2025-08-01T15:06:00Z,NA-Central,DIST-GREATLAKES-SUPPLY,FULFILLMENT_DELAY,MEDIUM,Routine inquiry / order status check for DIST-GREATLAKES-SUPPLY,Standard operational correspondence regarding order fulfillment tracking and invoice reconciliation.,0.23
ZD-TK-1193,2025-08-01T12:03:00Z,NA-Central,DIST-GREATLAKES-SUPPLY,FULFILLMENT_DELAY,LOW,Routine inquiry / order status check for DIST-GREATLAKES-SUPPLY,Standard operational correspondence regarding order fulfillment tracking and invoice reconciliation.,-0.04
ZD-TK-1194,2025-08-01T08:10:00Z,NA-Central,DIST-GREATLAKES-SUPPLY,PRODUCT_QUALITY,LOW,Routine inquiry / order status check for DIST-GREATLAKES-SUPPLY,Standard operational correspondence regarding order fulfillment tracking and invoice reconciliation.,0.24
ZD-TK-1195,2025-08-01T09:00:00Z,NA-West,DIST-PACIFIC-LOGISTICS,FULFILLMENT_DELAY,LOW,Routine inquiry / order status check for DIST-PACIFIC-LOGISTICS,Standard operational correspondence regarding order fulfillment tracking and invoice reconciliation.,0.3
ZD-TK-1196,2025-08-01T12:36:00Z,NA-West,DIST-MOUNTAIN-PARTS,PRICE_DISPUTE,LOW,Routine inquiry / order status check for DIST-MOUNTAIN-PARTS,Standard operational correspondence regarding order fulfillment tracking and invoice reconciliation.,-0.11
ZD-TK-1197,2025-08-01T14:29:00Z,NA-West,DIST-PACIFIC-LOGISTICS,FULFILLMENT_DELAY,LOW,Routine inquiry / order status check for DIST-PACIFIC-LOGISTICS,Standard operational correspondence regarding order fulfillment tracking and invoice reconciliation.,0.26
ZD-TK-1198,2025-08-02T10:23:00Z,NA-East,DIST-TRI-STATE-OPS,PRODUCT_QUALITY,MEDIUM,Routine inquiry / order status check for DIST-TRI-STATE-OPS,Standard operational correspondence regarding order fulfillment tracking and invoice reconciliation.,-0.08
ZD-TK-1199,2025-08-02T11:49:00Z,NA-Central,DIST-MIDWEST-DIRECT,PRICE_DISPUTE,MEDIUM,Routine inquiry / order status check for DIST-MIDWEST-DIRECT,Standard operational correspondence regarding order fulfillment tracking and invoice reconciliation.,0.06
ZD-TK-1200,2025-08-02T09:31:00Z,NA-Central,DIST-TEXAS-COMMERCIAL,PRODUCT_QUALITY,MEDIUM,Routine inquiry / order status check for DIST-TEXAS-COMMERCIAL,Standard operational correspondence regarding order fulfillment tracking and invoice reconciliation.,0.33
ZD-TK-1201,2025-08-02T13:56:00Z,NA-Central,DIST-GREATLAKES-SUPPLY,PRODUCT_QUALITY,LOW,Routine inquiry / order status check for DIST-GREATLAKES-SUPPLY,Standard operational correspondence regarding order fulfillment tracking and invoice reconciliation.,0.32
ZD-TK-1202,2025-08-02T10:05:00Z,NA-West,DIST-PACIFIC-LOGISTICS,FULFILLMENT_DELAY,MEDIUM,Routine inquiry / order status check for DIST-PACIFIC-LOGISTICS,Standard operational correspondence regarding order fulfillment tracking and invoice reconciliation.,-0.25
ZD-TK-1203,2025-08-02T11:06:00Z,NA-West,DIST-MOUNTAIN-PARTS,PRICE_DISPUTE,LOW,Routine inquiry / order status check for DIST-MOUNTAIN-PARTS,Standard operational correspondence regarding order fulfillment tracking and invoice reconciliation.,0.28
ZD-TK-1204,2025-08-02T15:13:00Z,NA-West,DIST-PACIFIC-LOGISTICS,FULFILLMENT_DELAY,MEDIUM,Routine inquiry / order status check for DIST-PACIFIC-LOGISTICS,Standard operational correspondence regarding order fulfillment tracking and invoice reconciliation.,-0.09
ZD-TK-1205,2025-08-03T13:26:00Z,NA-East,DIST-MIDATL-SUPPLY,PRICE_DISPUTE,LOW,Routine inquiry / order status check for DIST-MIDATL-SUPPLY,Standard operational correspondence regarding order fulfillment tracking and invoice reconciliation.,-0.0
ZD-TK-1206,2025-08-03T16:45:00Z,NA-Central,DIST-TEXAS-COMMERCIAL,PRODUCT_QUALITY,LOW,Routine inquiry / order status check for DIST-TEXAS-COMMERCIAL,Standard operational correspondence regarding order fulfillment tracking and invoice reconciliation.,0.18
ZD-TK-1207,2025-08-03T17:24:00Z,NA-Central,DIST-MIDWEST-DIRECT,PRODUCT_QUALITY,LOW,Routine inquiry / order status check for DIST-MIDWEST-DIRECT,Standard operational correspondence regarding order fulfillment tracking and invoice reconciliation.,-0.33
ZD-TK-1208,2025-08-03T10:44:00Z,NA-West,DIST-PACIFIC-LOGISTICS,PRODUCT_QUALITY,LOW,Routine inquiry / order status check for DIST-PACIFIC-LOGISTICS,Standard operational correspondence regarding order fulfillment tracking and invoice reconciliation.,-0.04
ZD-TK-1209,2025-08-03T16:09:00Z,NA-West,DIST-MOUNTAIN-PARTS,PRODUCT_QUALITY,MEDIUM,Routine inquiry / order status check for DIST-MOUNTAIN-PARTS,Standard operational correspondence regarding order fulfillment tracking and invoice reconciliation.,0.16
ZD-TK-1210,2025-08-03T12:46:00Z,NA-West,DIST-CAL-ENTERPRISE,PRODUCT_QUALITY,MEDIUM,Routine inquiry / order status check for DIST-CAL-ENTERPRISE,Standard operational correspondence regarding order fulfillment tracking and invoice reconciliation.,-0.01
ZD-TK-1211,2025-08-04T09:49:00Z,NA-East,DIST-SUNBELT-PARTS,PRICE_DISPUTE,LOW,Routine inquiry / order status check for DIST-SUNBELT-PARTS,Standard operational correspondence regarding order fulfillment tracking and invoice reconciliation.,0.27
ZD-TK-1212,2025-08-04T15:29:00Z,NA-East,DIST-TRI-STATE-OPS,PRICE_DISPUTE,LOW,Routine inquiry / order status check for DIST-TRI-STATE-OPS,Standard operational correspondence regarding order fulfillment tracking and invoice reconciliation.,-0.14
ZD-TK-1213,2025-08-04T10:34:00Z,NA-Central,DIST-TEXAS-COMMERCIAL,PRODUCT_QUALITY,LOW,Routine inquiry / order status check for DIST-TEXAS-COMMERCIAL,Standard operational correspondence regarding order fulfillment tracking and invoice reconciliation.,0.03
ZD-TK-1214,2025-08-04T08:16:00Z,NA-Central,DIST-GREATLAKES-SUPPLY,PRICE_DISPUTE,LOW,Routine inquiry / order status check for DIST-GREATLAKES-SUPPLY,Standard operational correspondence regarding order fulfillment tracking and invoice reconciliation.,-0.27
ZD-TK-1215,2025-08-04T10:19:00Z,NA-West,DIST-MOUNTAIN-PARTS,PRODUCT_QUALITY,MEDIUM,Routine inquiry / order status check for DIST-MOUNTAIN-PARTS,Standard operational correspondence regarding order fulfillment tracking and invoice reconciliation.,-0.16
ZD-TK-1216,2025-08-04T12:56:00Z,NA-West,DIST-CAL-ENTERPRISE,FULFILLMENT_DELAY,MEDIUM,Routine inquiry / order status check for DIST-CAL-ENTERPRISE,Standard operational correspondence regarding order fulfillment tracking and invoice reconciliation.,-0.29
ZD-TK-1217,2025-08-04T13:13:00Z,NA-West,DIST-CAL-ENTERPRISE,PRICE_DISPUTE,MEDIUM,Routine inquiry / order status check for DIST-CAL-ENTERPRISE,Standard operational correspondence regarding order fulfillment tracking and invoice reconciliation.,-0.18
ZD-TK-1218,2025-08-05T08:26:00Z,NA-East,DIST-SUNBELT-PARTS,FULFILLMENT_DELAY,MEDIUM,Routine inquiry / order status check for DIST-SUNBELT-PARTS,Standard operational correspondence regarding order fulfillment tracking and invoice reconciliation.,-0.34
ZD-TK-1219,2025-08-05T13:49:00Z,NA-East,DIST-SUNBELT-PARTS,PRICE_DISPUTE,LOW,Routine inquiry / order status check for DIST-SUNBELT-PARTS,Standard operational correspondence regarding order fulfillment tracking and invoice reconciliation.,0.18
ZD-TK-1220,2025-08-05T10:04:00Z,NA-East,DIST-EMPIRE-IND,PRODUCT_QUALITY,MEDIUM,Routine inquiry / order status check for DIST-EMPIRE-IND,Standard operational correspondence regarding order fulfillment tracking and invoice reconciliation.,0.11
ZD-TK-1221,2025-08-05T11:16:00Z,NA-Central,DIST-GREATLAKES-SUPPLY,FULFILLMENT_DELAY,LOW,Routine inquiry / order status check for DIST-GREATLAKES-SUPPLY,Standard operational correspondence regarding order fulfillment tracking and invoice reconciliation.,0.26
ZD-TK-1222,2025-08-05T17:38:00Z,NA-Central,DIST-TEXAS-COMMERCIAL,PRODUCT_QUALITY,LOW,Routine inquiry / order status check for DIST-TEXAS-COMMERCIAL,Standard operational correspondence regarding order fulfillment tracking and invoice reconciliation.,-0.21
ZD-TK-1223,2025-08-05T13:24:00Z,NA-West,DIST-MOUNTAIN-PARTS,FULFILLMENT_DELAY,MEDIUM,Routine inquiry / order status check for DIST-MOUNTAIN-PARTS,Standard operational correspondence regarding order fulfillment tracking and invoice reconciliation.,0.24
ZD-TK-1224,2025-08-05T11:30:00Z,NA-West,DIST-MOUNTAIN-PARTS,PRICE_DISPUTE,LOW,Routine inquiry / order status check for DIST-MOUNTAIN-PARTS,Standard operational correspondence regarding order fulfillment tracking and invoice reconciliation.,-0.23
ZD-TK-1225,2025-08-06T12:26:00Z,NA-East,DIST-COASTAL-WHOLESALE,FULFILLMENT_DELAY,LOW,Routine inquiry / order status check for DIST-COASTAL-WHOLESALE,Standard operational correspondence regarding order fulfillment tracking and invoice reconciliation.,0.22
ZD-TK-1226,2025-08-06T08:23:00Z,NA-East,DIST-MIDATL-SUPPLY,PRICE_DISPUTE,LOW,Routine inquiry / order status check for DIST-MIDATL-SUPPLY,Standard operational correspondence regarding order fulfillment tracking and invoice reconciliation.,-0.11
ZD-TK-1227,2025-08-06T10:32:00Z,NA-East,DIST-MIDATL-SUPPLY,PRICE_DISPUTE,MEDIUM,Routine inquiry / order status check for DIST-MIDATL-SUPPLY,Standard operational correspondence regarding order fulfillment tracking and invoice reconciliation.,0.01
ZD-TK-1228,2025-08-06T12:36:00Z,NA-Central,DIST-GREATLAKES-SUPPLY,FULFILLMENT_DELAY,MEDIUM,Routine inquiry / order status check for DIST-GREATLAKES-SUPPLY,Standard operational correspondence regarding order fulfillment tracking and invoice reconciliation.,-0.24
ZD-TK-1229,2025-08-06T13:19:00Z,NA-Central,DIST-TEXAS-COMMERCIAL,PRODUCT_QUALITY,LOW,Routine inquiry / order status check for DIST-TEXAS-COMMERCIAL,Standard operational correspondence regarding order fulfillment tracking and invoice reconciliation.,0.05
ZD-TK-1230,2025-08-06T08:24:00Z,NA-West,DIST-PACIFIC-LOGISTICS,PRODUCT_QUALITY,LOW,Routine inquiry / order status check for DIST-PACIFIC-LOGISTICS,Standard operational correspondence regarding order fulfillment tracking and invoice reconciliation.,-0.07
ZD-TK-1231,2025-08-06T11:38:00Z,NA-West,DIST-MOUNTAIN-PARTS,PRODUCT_QUALITY,MEDIUM,Routine inquiry / order status check for DIST-MOUNTAIN-PARTS,Standard operational correspondence regarding order fulfillment tracking and invoice reconciliation.,0.03
ZD-TK-1232,2025-08-06T10:50:00Z,NA-West,DIST-MOUNTAIN-PARTS,PRODUCT_QUALITY,MEDIUM,Routine inquiry / order status check for DIST-MOUNTAIN-PARTS,Standard operational correspondence regarding order fulfillment tracking and invoice reconciliation.,0.31
ZD-TK-1233,2025-08-07T13:33:00Z,NA-East,DIST-MIDATL-SUPPLY,PRODUCT_QUALITY,MEDIUM,Routine inquiry / order status check for DIST-MIDATL-SUPPLY,Standard operational correspondence regarding order fulfillment tracking and invoice reconciliation.,0.34
ZD-TK-1234,2025-08-07T09:55:00Z,NA-Central,DIST-GREATLAKES-SUPPLY,FULFILLMENT_DELAY,LOW,Routine inquiry / order status check for DIST-GREATLAKES-SUPPLY,Standard operational correspondence regarding order fulfillment tracking and invoice reconciliation.,-0.12
ZD-TK-1235,2025-08-07T11:23:00Z,NA-West,DIST-PACIFIC-LOGISTICS,PRICE_DISPUTE,LOW,Routine inquiry / order status check for DIST-PACIFIC-LOGISTICS,Standard operational correspondence regarding order fulfillment tracking and invoice reconciliation.,0.1
ZD-TK-1236,2025-08-08T17:22:00Z,NA-East,DIST-MIDATL-SUPPLY,PRODUCT_QUALITY,LOW,Routine inquiry / order status check for DIST-MIDATL-SUPPLY,Standard operational correspondence regarding order fulfillment tracking and invoice reconciliation.,-0.06
ZD-TK-1237,2025-08-08T16:47:00Z,NA-Central,DIST-MIDWEST-DIRECT,PRICE_DISPUTE,MEDIUM,Routine inquiry / order status check for DIST-MIDWEST-DIRECT,Standard operational correspondence regarding order fulfillment tracking and invoice reconciliation.,-0.01
ZD-TK-1238,2025-08-08T12:29:00Z,NA-Central,DIST-GREATLAKES-SUPPLY,PRODUCT_QUALITY,MEDIUM,Routine inquiry / order status check for DIST-GREATLAKES-SUPPLY,Standard operational correspondence regarding order fulfillment tracking and invoice reconciliation.,0.13
ZD-TK-1239,2025-08-08T11:55:00Z,NA-West,DIST-MOUNTAIN-PARTS,FULFILLMENT_DELAY,LOW,Routine inquiry / order status check for DIST-MOUNTAIN-PARTS,Standard operational correspondence regarding order fulfillment tracking and invoice reconciliation.,-0.11
ZD-TK-1240,2025-08-08T14:40:00Z,NA-West,DIST-CAL-ENTERPRISE,FULFILLMENT_DELAY,MEDIUM,Routine inquiry / order status check for DIST-CAL-ENTERPRISE,Standard operational correspondence regarding order fulfillment tracking and invoice reconciliation.,-0.29
ZD-TK-1241,2025-08-08T17:05:00Z,NA-West,DIST-PACIFIC-LOGISTICS,PRODUCT_QUALITY,MEDIUM,Routine inquiry / order status check for DIST-PACIFIC-LOGISTICS,Standard operational correspondence regarding order fulfillment tracking and invoice reconciliation.,0.03
ZD-TK-1242,2025-08-09T10:02:00Z,NA-East,DIST-SUNBELT-PARTS,FULFILLMENT_DELAY,MEDIUM,Routine inquiry / order status check for DIST-SUNBELT-PARTS,Standard operational correspondence regarding order fulfillment tracking and invoice reconciliation.,-0.29
ZD-TK-1243,2025-08-09T13:13:00Z,NA-Central,DIST-TEXAS-COMMERCIAL,PRICE_DISPUTE,LOW,Routine inquiry / order status check for DIST-TEXAS-COMMERCIAL,Standard operational correspondence regarding order fulfillment tracking and invoice reconciliation.,-0.28
ZD-TK-1244,2025-08-09T17:39:00Z,NA-West,DIST-MOUNTAIN-PARTS,FULFILLMENT_DELAY,LOW,Routine inquiry / order status check for DIST-MOUNTAIN-PARTS,Standard operational correspondence regarding order fulfillment tracking and invoice reconciliation.,-0.09
ZD-TK-1245,2025-08-09T10:05:00Z,NA-West,DIST-PACIFIC-LOGISTICS,FULFILLMENT_DELAY,LOW,Routine inquiry / order status check for DIST-PACIFIC-LOGISTICS,Standard operational correspondence regarding order fulfillment tracking and invoice reconciliation.,-0.29
ZD-TK-1246,2025-08-09T15:38:00Z,NA-West,DIST-PACIFIC-LOGISTICS,PRODUCT_QUALITY,LOW,Routine inquiry / order status check for DIST-PACIFIC-LOGISTICS,Standard operational correspondence regarding order fulfillment tracking and invoice reconciliation.,-0.09
ZD-TK-1247,2025-08-10T08:29:00Z,NA-East,DIST-SUNBELT-PARTS,PRODUCT_QUALITY,MEDIUM,Routine inquiry / order status check for DIST-SUNBELT-PARTS,Standard operational correspondence regarding order fulfillment tracking and invoice reconciliation.,0.19
ZD-TK-1248,2025-08-10T17:31:00Z,NA-East,DIST-MIDATL-SUPPLY,PRODUCT_QUALITY,LOW,Routine inquiry / order status check for DIST-MIDATL-SUPPLY,Standard operational correspondence regarding order fulfillment tracking and invoice reconciliation.,0.09
ZD-TK-1249,2025-08-10T10:15:00Z,NA-Central,DIST-MIDWEST-DIRECT,FULFILLMENT_DELAY,MEDIUM,Routine inquiry / order status check for DIST-MIDWEST-DIRECT,Standard operational correspondence regarding order fulfillment tracking and invoice reconciliation.,0.24
ZD-TK-1250,2025-08-10T17:43:00Z,NA-West,DIST-CAL-ENTERPRISE,FULFILLMENT_DELAY,LOW,Routine inquiry / order status check for DIST-CAL-ENTERPRISE,Standard operational correspondence regarding order fulfillment tracking and invoice reconciliation.,0.1
ZD-TK-1251,2025-08-10T09:01:00Z,NA-West,DIST-CAL-ENTERPRISE,PRODUCT_QUALITY,MEDIUM,Routine inquiry / order status check for DIST-CAL-ENTERPRISE,Standard operational correspondence regarding order fulfillment tracking and invoice reconciliation.,0.18
ZD-TK-1252,2025-08-10T12:04:00Z,NA-West,DIST-CAL-ENTERPRISE,PRICE_DISPUTE,LOW,Routine inquiry / order status check for DIST-CAL-ENTERPRISE,Standard operational correspondence regarding order fulfillment tracking and invoice reconciliation.,-0.12
ZD-TK-1253,2025-08-11T11:27:00Z,NA-East,DIST-MIDATL-SUPPLY,PRODUCT_QUALITY,MEDIUM,Routine inquiry / order status check for DIST-MIDATL-SUPPLY,Standard operational correspondence regarding order fulfillment tracking and invoice reconciliation.,0.17
ZD-TK-1254,2025-08-11T10:14:00Z,NA-East,DIST-TRI-STATE-OPS,PRICE_DISPUTE,MEDIUM,Routine inquiry / order status check for DIST-TRI-STATE-OPS,Standard operational correspondence regarding order fulfillment tracking and invoice reconciliation.,0.31
ZD-TK-1255,2025-08-11T14:27:00Z,NA-Central,DIST-MIDWEST-DIRECT,PRICE_DISPUTE,LOW,Routine inquiry / order status check for DIST-MIDWEST-DIRECT,Standard operational correspondence regarding order fulfillment tracking and invoice reconciliation.,-0.33
ZD-TK-1256,2025-08-11T09:38:00Z,NA-Central,DIST-MIDWEST-DIRECT,FULFILLMENT_DELAY,LOW,Routine inquiry / order status check for DIST-MIDWEST-DIRECT,Standard operational correspondence regarding order fulfillment tracking and invoice reconciliation.,0.21
ZD-TK-1257,2025-08-11T11:11:00Z,NA-West,DIST-PACIFIC-LOGISTICS,PRODUCT_QUALITY,LOW,Routine inquiry / order status check for DIST-PACIFIC-LOGISTICS,Standard operational correspondence regarding order fulfillment tracking and invoice reconciliation.,-0.34
ZD-TK-1258,2025-08-11T17:38:00Z,NA-West,DIST-CAL-ENTERPRISE,PRICE_DISPUTE,MEDIUM,Routine inquiry / order status check for DIST-CAL-ENTERPRISE,Standard operational correspondence regarding order fulfillment tracking and invoice reconciliation.,0.31
ZD-TK-1259,2025-08-12T16:41:00Z,NA-East,DIST-EMPIRE-IND,FULFILLMENT_DELAY,MEDIUM,Routine inquiry / order status check for DIST-EMPIRE-IND,Standard operational correspondence regarding order fulfillment tracking and invoice reconciliation.,-0.08
ZD-TK-1260,2025-08-12T10:20:00Z,NA-Central,DIST-TEXAS-COMMERCIAL,PRODUCT_QUALITY,MEDIUM,Routine inquiry / order status check for DIST-TEXAS-COMMERCIAL,Standard operational correspondence regarding order fulfillment tracking and invoice reconciliation.,-0.18
ZD-TK-1261,2025-08-12T11:35:00Z,NA-Central,DIST-MIDWEST-DIRECT,PRICE_DISPUTE,MEDIUM,Routine inquiry / order status check for DIST-MIDWEST-DIRECT,Standard operational correspondence regarding order fulfillment tracking and invoice reconciliation.,0.02
ZD-TK-1262,2025-08-12T13:58:00Z,NA-West,DIST-CAL-ENTERPRISE,PRODUCT_QUALITY,LOW,Routine inquiry / order status check for DIST-CAL-ENTERPRISE,Standard operational correspondence regarding order fulfillment tracking and invoice reconciliation.,0.16
ZD-TK-1263,2025-08-13T11:05:00Z,NA-East,DIST-APEX-EAST,PRICE_DISPUTE,MEDIUM,Routine inquiry / order status check for DIST-APEX-EAST,Standard operational correspondence regarding order fulfillment tracking and invoice reconciliation.,0.04
ZD-TK-1264,2025-08-13T10:00:00Z,NA-Central,DIST-MIDWEST-DIRECT,PRODUCT_QUALITY,MEDIUM,Routine inquiry / order status check for DIST-MIDWEST-DIRECT,Standard operational correspondence regarding order fulfillment tracking and invoice reconciliation.,-0.15
ZD-TK-1265,2025-08-13T15:13:00Z,NA-Central,DIST-GREATLAKES-SUPPLY,PRICE_DISPUTE,MEDIUM,Routine inquiry / order status check for DIST-GREATLAKES-SUPPLY,Standard operational correspondence regarding order fulfillment tracking and invoice reconciliation.,-0.35
ZD-TK-1266,2025-08-13T15:34:00Z,NA-West,DIST-MOUNTAIN-PARTS,FULFILLMENT_DELAY,LOW,Routine inquiry / order status check for DIST-MOUNTAIN-PARTS,Standard operational correspondence regarding order fulfillment tracking and invoice reconciliation.,0.24
ZD-TK-1267,2025-08-14T11:14:00Z,NA-East,DIST-TRI-STATE-OPS,PRODUCT_QUALITY,LOW,Routine inquiry / order status check for DIST-TRI-STATE-OPS,Standard operational correspondence regarding order fulfillment tracking and invoice reconciliation.,0.16
ZD-TK-1268,2025-08-14T15:23:00Z,NA-East,DIST-TRI-STATE-OPS,PRICE_DISPUTE,LOW,Routine inquiry / order status check for DIST-TRI-STATE-OPS,Standard operational correspondence regarding order fulfillment tracking and invoice reconciliation.,0.26
ZD-TK-1269,2025-08-14T11:22:00Z,NA-East,DIST-APEX-EAST,PRODUCT_QUALITY,LOW,Routine inquiry / order status check for DIST-APEX-EAST,Standard operational correspondence regarding order fulfillment tracking and invoice reconciliation.,-0.08
ZD-TK-1270,2025-08-14T12:25:00Z,NA-Central,DIST-GREATLAKES-SUPPLY,PRICE_DISPUTE,LOW,Routine inquiry / order status check for DIST-GREATLAKES-SUPPLY,Standard operational correspondence regarding order fulfillment tracking and invoice reconciliation.,-0.34
ZD-TK-1271,2025-08-14T15:55:00Z,NA-Central,DIST-TEXAS-COMMERCIAL,FULFILLMENT_DELAY,LOW,Routine inquiry / order status check for DIST-TEXAS-COMMERCIAL,Standard operational correspondence regarding order fulfillment tracking and invoice reconciliation.,0.31
ZD-TK-1272,2025-08-14T17:15:00Z,NA-West,DIST-CAL-ENTERPRISE,FULFILLMENT_DELAY,LOW,Routine inquiry / order status check for DIST-CAL-ENTERPRISE,Standard operational correspondence regarding order fulfillment tracking and invoice reconciliation.,0.22
ZD-TK-1273,2025-08-15T09:55:00Z,NA-East,DIST-APEX-EAST,PRODUCT_QUALITY,MEDIUM,Routine inquiry / order status check for DIST-APEX-EAST,Standard operational correspondence regarding order fulfillment tracking and invoice reconciliation.,-0.29
ZD-TK-1274,2025-08-15T15:46:00Z,NA-Central,DIST-GREATLAKES-SUPPLY,PRODUCT_QUALITY,LOW,Routine inquiry / order status check for DIST-GREATLAKES-SUPPLY,Standard operational correspondence regarding order fulfillment tracking and invoice reconciliation.,0.08
ZD-TK-1275,2025-08-15T15:52:00Z,NA-Central,DIST-TEXAS-COMMERCIAL,PRICE_DISPUTE,LOW,Routine inquiry / order status check for DIST-TEXAS-COMMERCIAL,Standard operational correspondence regarding order fulfillment tracking and invoice reconciliation.,0.1
ZD-TK-1276,2025-08-15T08:20:00Z,NA-Central,DIST-MIDWEST-DIRECT,FULFILLMENT_DELAY,MEDIUM,Routine inquiry / order status check for DIST-MIDWEST-DIRECT,Standard operational correspondence regarding order fulfillment tracking and invoice reconciliation.,-0.35
ZD-TK-1277,2025-08-15T13:47:00Z,NA-West,DIST-PACIFIC-LOGISTICS,PRICE_DISPUTE,MEDIUM,Routine inquiry / order status check for DIST-PACIFIC-LOGISTICS,Standard operational correspondence regarding order fulfillment tracking and invoice reconciliation.,-0.29
ZD-TK-1278,2025-08-16T12:53:00Z,NA-East,DIST-TRI-STATE-OPS,PRICE_DISPUTE,LOW,Routine inquiry / order status check for DIST-TRI-STATE-OPS,Standard operational correspondence regarding order fulfillment tracking and invoice reconciliation.,-0.35
ZD-TK-1279,2025-08-16T11:37:00Z,NA-East,DIST-SUNBELT-PARTS,PRICE_DISPUTE,MEDIUM,Routine inquiry / order status check for DIST-SUNBELT-PARTS,Standard operational correspondence regarding order fulfillment tracking and invoice reconciliation.,-0.14
ZD-TK-1280,2025-08-16T16:21:00Z,NA-East,DIST-COASTAL-WHOLESALE,PRICE_DISPUTE,MEDIUM,Routine inquiry / order status check for DIST-COASTAL-WHOLESALE,Standard operational correspondence regarding order fulfillment tracking and invoice reconciliation.,-0.34
ZD-TK-1281,2025-08-16T09:34:00Z,NA-Central,DIST-TEXAS-COMMERCIAL,PRODUCT_QUALITY,LOW,Routine inquiry / order status check for DIST-TEXAS-COMMERCIAL,Standard operational correspondence regarding order fulfillment tracking and invoice reconciliation.,0.16
ZD-TK-1282,2025-08-16T15:04:00Z,NA-Central,DIST-GREATLAKES-SUPPLY,PRICE_DISPUTE,MEDIUM,Routine inquiry / order status check for DIST-GREATLAKES-SUPPLY,Standard operational correspondence regarding order fulfillment tracking and invoice reconciliation.,0.09
ZD-TK-1283,2025-08-16T09:59:00Z,NA-West,DIST-PACIFIC-LOGISTICS,FULFILLMENT_DELAY,MEDIUM,Routine inquiry / order status check for DIST-PACIFIC-LOGISTICS,Standard operational correspondence regarding order fulfillment tracking and invoice reconciliation.,0.09
ZD-TK-1284,2025-08-16T16:15:00Z,NA-West,DIST-PACIFIC-LOGISTICS,PRODUCT_QUALITY,MEDIUM,Routine inquiry / order status check for DIST-PACIFIC-LOGISTICS,Standard operational correspondence regarding order fulfillment tracking and invoice reconciliation.,-0.02
ZD-TK-1285,2025-08-16T15:53:00Z,NA-West,DIST-PACIFIC-LOGISTICS,FULFILLMENT_DELAY,MEDIUM,Routine inquiry / order status check for DIST-PACIFIC-LOGISTICS,Standard operational correspondence regarding order fulfillment tracking and invoice reconciliation.,0.16
ZD-TK-1286,2025-08-17T09:54:00Z,NA-East,DIST-TRI-STATE-OPS,FULFILLMENT_DELAY,LOW,Routine inquiry / order status check for DIST-TRI-STATE-OPS,Standard operational correspondence regarding order fulfillment tracking and invoice reconciliation.,-0.04
ZD-TK-1287,2025-08-17T12:26:00Z,NA-Central,DIST-TEXAS-COMMERCIAL,PRODUCT_QUALITY,LOW,Routine inquiry / order status check for DIST-TEXAS-COMMERCIAL,Standard operational correspondence regarding order fulfillment tracking and invoice reconciliation.,0.23
ZD-TK-1288,2025-08-17T15:23:00Z,NA-West,DIST-MOUNTAIN-PARTS,FULFILLMENT_DELAY,MEDIUM,Routine inquiry / order status check for DIST-MOUNTAIN-PARTS,Standard operational correspondence regarding order fulfillment tracking and invoice reconciliation.,-0.14
ZD-TK-1289,2025-08-17T08:59:00Z,NA-West,DIST-MOUNTAIN-PARTS,FULFILLMENT_DELAY,LOW,Routine inquiry / order status check for DIST-MOUNTAIN-PARTS,Standard operational correspondence regarding order fulfillment tracking and invoice reconciliation.,-0.26
ZD-TK-1290,2025-08-18T12:25:00Z,NA-East,DIST-TRI-STATE-OPS,PRICE_DISPUTE,MEDIUM,Routine inquiry / order status check for DIST-TRI-STATE-OPS,Standard operational correspondence regarding order fulfillment tracking and invoice reconciliation.,-0.28
ZD-TK-1291,2025-08-18T17:58:00Z,NA-East,DIST-APEX-EAST,PRODUCT_QUALITY,MEDIUM,Routine inquiry / order status check for DIST-APEX-EAST,Standard operational correspondence regarding order fulfillment tracking and invoice reconciliation.,-0.09
ZD-TK-1292,2025-08-18T08:55:00Z,NA-East,DIST-SUNBELT-PARTS,FULFILLMENT_DELAY,LOW,Routine inquiry / order status check for DIST-SUNBELT-PARTS,Standard operational correspondence regarding order fulfillment tracking and invoice reconciliation.,-0.28
ZD-TK-1293,2025-08-18T10:31:00Z,NA-Central,DIST-TEXAS-COMMERCIAL,PRICE_DISPUTE,LOW,Routine inquiry / order status check for DIST-TEXAS-COMMERCIAL,Standard operational correspondence regarding order fulfillment tracking and invoice reconciliation.,0.3
ZD-TK-1294,2025-08-18T12:12:00Z,NA-Central,DIST-TEXAS-COMMERCIAL,FULFILLMENT_DELAY,LOW,Routine inquiry / order status check for DIST-TEXAS-COMMERCIAL,Standard operational correspondence regarding order fulfillment tracking and invoice reconciliation.,0.04
ZD-TK-1295,2025-08-18T12:27:00Z,NA-West,DIST-CAL-ENTERPRISE,FULFILLMENT_DELAY,LOW,Routine inquiry / order status check for DIST-CAL-ENTERPRISE,Standard operational correspondence regarding order fulfillment tracking and invoice reconciliation.,0.09
ZD-TK-1296,2025-08-18T14:03:00Z,NA-West,DIST-PACIFIC-LOGISTICS,FULFILLMENT_DELAY,MEDIUM,Routine inquiry / order status check for DIST-PACIFIC-LOGISTICS,Standard operational correspondence regarding order fulfillment tracking and invoice reconciliation.,-0.32
ZD-TK-1297,2025-08-18T14:22:00Z,NA-West,DIST-PACIFIC-LOGISTICS,PRODUCT_QUALITY,MEDIUM,Routine inquiry / order status check for DIST-PACIFIC-LOGISTICS,Standard operational correspondence regarding order fulfillment tracking and invoice reconciliation.,0.05
ZD-TK-1298,2025-08-19T12:08:00Z,NA-East,DIST-EMPIRE-IND,PRODUCT_QUALITY,LOW,Routine inquiry / order status check for DIST-EMPIRE-IND,Standard operational correspondence regarding order fulfillment tracking and invoice reconciliation.,-0.22
ZD-TK-1299,2025-08-19T10:29:00Z,NA-Central,DIST-TEXAS-COMMERCIAL,PRICE_DISPUTE,LOW,Routine inquiry / order status check for DIST-TEXAS-COMMERCIAL,Standard operational correspondence regarding order fulfillment tracking and invoice reconciliation.,0.16
ZD-TK-1300,2025-08-19T15:56:00Z,NA-Central,DIST-GREATLAKES-SUPPLY,PRICE_DISPUTE,LOW,Routine inquiry / order status check for DIST-GREATLAKES-SUPPLY,Standard operational correspondence regarding order fulfillment tracking and invoice reconciliation.,-0.05
ZD-TK-1301,2025-08-19T09:19:00Z,NA-West,DIST-CAL-ENTERPRISE,FULFILLMENT_DELAY,LOW,Routine inquiry / order status check for DIST-CAL-ENTERPRISE,Standard operational correspondence regarding order fulfillment tracking and invoice reconciliation.,-0.34
ZD-TK-1302,2025-08-19T16:51:00Z,NA-West,DIST-CAL-ENTERPRISE,PRICE_DISPUTE,MEDIUM,Routine inquiry / order status check for DIST-CAL-ENTERPRISE,Standard operational correspondence regarding order fulfillment tracking and invoice reconciliation.,0.24
ZD-TK-1303,2025-08-19T13:53:00Z,NA-West,DIST-MOUNTAIN-PARTS,FULFILLMENT_DELAY,MEDIUM,Routine inquiry / order status check for DIST-MOUNTAIN-PARTS,Standard operational correspondence regarding order fulfillment tracking and invoice reconciliation.,0.15
ZD-TK-1304,2025-08-20T13:33:00Z,NA-East,DIST-COASTAL-WHOLESALE,PRODUCT_QUALITY,MEDIUM,Routine inquiry / order status check for DIST-COASTAL-WHOLESALE,Standard operational correspondence regarding order fulfillment tracking and invoice reconciliation.,0.17
ZD-TK-1305,2025-08-20T14:08:00Z,NA-East,DIST-COASTAL-WHOLESALE,PRICE_DISPUTE,MEDIUM,Routine inquiry / order status check for DIST-COASTAL-WHOLESALE,Standard operational correspondence regarding order fulfillment tracking and invoice reconciliation.,0.3
ZD-TK-1306,2025-08-20T08:17:00Z,NA-East,DIST-MIDATL-SUPPLY,PRODUCT_QUALITY,LOW,Routine inquiry / order status check for DIST-MIDATL-SUPPLY,Standard operational correspondence regarding order fulfillment tracking and invoice reconciliation.,0.03
ZD-TK-1307,2025-08-20T10:06:00Z,NA-Central,DIST-TEXAS-COMMERCIAL,PRICE_DISPUTE,LOW,Routine inquiry / order status check for DIST-TEXAS-COMMERCIAL,Standard operational correspondence regarding order fulfillment tracking and invoice reconciliation.,-0.07
ZD-TK-1308,2025-08-20T10:57:00Z,NA-Central,DIST-GREATLAKES-SUPPLY,FULFILLMENT_DELAY,MEDIUM,Routine inquiry / order status check for DIST-GREATLAKES-SUPPLY,Standard operational correspondence regarding order fulfillment tracking and invoice reconciliation.,0.22
ZD-TK-1309,2025-08-20T09:39:00Z,NA-West,DIST-MOUNTAIN-PARTS,PRICE_DISPUTE,MEDIUM,Routine inquiry / order status check for DIST-MOUNTAIN-PARTS,Standard operational correspondence regarding order fulfillment tracking and invoice reconciliation.,-0.29
ZD-TK-1310,2025-08-20T11:20:00Z,NA-West,DIST-CAL-ENTERPRISE,FULFILLMENT_DELAY,LOW,Routine inquiry / order status check for DIST-CAL-ENTERPRISE,Standard operational correspondence regarding order fulfillment tracking and invoice reconciliation.,0.26
ZD-TK-1311,2025-08-21T10:29:00Z,NA-East,DIST-MIDATL-SUPPLY,FULFILLMENT_DELAY,MEDIUM,Routine inquiry / order status check for DIST-MIDATL-SUPPLY,Standard operational correspondence regarding order fulfillment tracking and invoice reconciliation.,-0.17
ZD-TK-1312,2025-08-21T16:34:00Z,NA-East,DIST-APEX-EAST,FULFILLMENT_DELAY,LOW,Routine inquiry / order status check for DIST-APEX-EAST,Standard operational correspondence regarding order fulfillment tracking and invoice reconciliation.,0.29
ZD-TK-1313,2025-08-21T09:35:00Z,NA-East,DIST-EMPIRE-IND,PRICE_DISPUTE,MEDIUM,Routine inquiry / order status check for DIST-EMPIRE-IND,Standard operational correspondence regarding order fulfillment tracking and invoice reconciliation.,0.05
ZD-TK-1314,2025-08-21T13:19:00Z,NA-Central,DIST-GREATLAKES-SUPPLY,PRICE_DISPUTE,MEDIUM,Routine inquiry / order status check for DIST-GREATLAKES-SUPPLY,Standard operational correspondence regarding order fulfillment tracking and invoice reconciliation.,0.34
ZD-TK-1315,2025-08-21T15:44:00Z,NA-Central,DIST-GREATLAKES-SUPPLY,PRODUCT_QUALITY,MEDIUM,Routine inquiry / order status check for DIST-GREATLAKES-SUPPLY,Standard operational correspondence regarding order fulfillment tracking and invoice reconciliation.,0.25
ZD-TK-1316,2025-08-21T14:13:00Z,NA-Central,DIST-MIDWEST-DIRECT,PRODUCT_QUALITY,LOW,Routine inquiry / order status check for DIST-MIDWEST-DIRECT,Standard operational correspondence regarding order fulfillment tracking and invoice reconciliation.,0.1
ZD-TK-1317,2025-08-21T09:02:00Z,NA-West,DIST-MOUNTAIN-PARTS,PRICE_DISPUTE,MEDIUM,Routine inquiry / order status check for DIST-MOUNTAIN-PARTS,Standard operational correspondence regarding order fulfillment tracking and invoice reconciliation.,0.33
ZD-TK-1318,2025-08-21T11:07:00Z,NA-West,DIST-CAL-ENTERPRISE,PRICE_DISPUTE,LOW,Routine inquiry / order status check for DIST-CAL-ENTERPRISE,Standard operational correspondence regarding order fulfillment tracking and invoice reconciliation.,0.06
ZD-TK-1319,2025-08-21T13:44:00Z,NA-West,DIST-CAL-ENTERPRISE,FULFILLMENT_DELAY,MEDIUM,Routine inquiry / order status check for DIST-CAL-ENTERPRISE,Standard operational correspondence regarding order fulfillment tracking and invoice reconciliation.,-0.03
ZD-TK-1320,2025-08-22T13:29:00Z,NA-East,DIST-SUNBELT-PARTS,FULFILLMENT_DELAY,LOW,Routine inquiry / order status check for DIST-SUNBELT-PARTS,Standard operational correspondence regarding order fulfillment tracking and invoice reconciliation.,0.08
ZD-TK-1321,2025-08-22T10:02:00Z,NA-Central,DIST-MIDWEST-DIRECT,PRODUCT_QUALITY,LOW,Routine inquiry / order status check for DIST-MIDWEST-DIRECT,Standard operational correspondence regarding order fulfillment tracking and invoice reconciliation.,-0.05
ZD-TK-1322,2025-08-22T15:43:00Z,NA-West,DIST-PACIFIC-LOGISTICS,FULFILLMENT_DELAY,LOW,Routine inquiry / order status check for DIST-PACIFIC-LOGISTICS,Standard operational correspondence regarding order fulfillment tracking and invoice reconciliation.,0.07
ZD-TK-1323,2025-08-22T14:13:00Z,NA-West,DIST-CAL-ENTERPRISE,PRICE_DISPUTE,MEDIUM,Routine inquiry / order status check for DIST-CAL-ENTERPRISE,Standard operational correspondence regarding order fulfillment tracking and invoice reconciliation.,-0.01
ZD-TK-1324,2025-08-23T12:11:00Z,NA-East,DIST-SUNBELT-PARTS,PRICE_DISPUTE,MEDIUM,Routine inquiry / order status check for DIST-SUNBELT-PARTS,Standard operational correspondence regarding order fulfillment tracking and invoice reconciliation.,-0.06
ZD-TK-1325,2025-08-23T16:43:00Z,NA-East,DIST-APEX-EAST,PRICE_DISPUTE,LOW,Routine inquiry / order status check for DIST-APEX-EAST,Standard operational correspondence regarding order fulfillment tracking and invoice reconciliation.,-0.09
ZD-TK-1326,2025-08-23T16:06:00Z,NA-Central,DIST-TEXAS-COMMERCIAL,PRODUCT_QUALITY,MEDIUM,Routine inquiry / order status check for DIST-TEXAS-COMMERCIAL,Standard operational correspondence regarding order fulfillment tracking and invoice reconciliation.,0.03
ZD-TK-1327,2025-08-23T12:20:00Z,NA-Central,DIST-MIDWEST-DIRECT,PRICE_DISPUTE,LOW,Routine inquiry / order status check for DIST-MIDWEST-DIRECT,Standard operational correspondence regarding order fulfillment tracking and invoice reconciliation.,-0.2
ZD-TK-1328,2025-08-23T12:00:00Z,NA-Central,DIST-MIDWEST-DIRECT,PRODUCT_QUALITY,LOW,Routine inquiry / order status check for DIST-MIDWEST-DIRECT,Standard operational correspondence regarding order fulfillment tracking and invoice reconciliation.,-0.07
ZD-TK-1329,2025-08-23T13:35:00Z,NA-West,DIST-PACIFIC-LOGISTICS,PRICE_DISPUTE,MEDIUM,Routine inquiry / order status check for DIST-PACIFIC-LOGISTICS,Standard operational correspondence regarding order fulfillment tracking and invoice reconciliation.,-0.21
ZD-TK-1330,2025-08-23T14:43:00Z,NA-West,DIST-MOUNTAIN-PARTS,FULFILLMENT_DELAY,LOW,Routine inquiry / order status check for DIST-MOUNTAIN-PARTS,Standard operational correspondence regarding order fulfillment tracking and invoice reconciliation.,0.12
ZD-TK-1331,2025-08-23T17:49:00Z,NA-West,DIST-MOUNTAIN-PARTS,FULFILLMENT_DELAY,MEDIUM,Routine inquiry / order status check for DIST-MOUNTAIN-PARTS,Standard operational correspondence regarding order fulfillment tracking and invoice reconciliation.,-0.32
ZD-TK-1332,2025-08-24T15:26:00Z,NA-East,DIST-SUNBELT-PARTS,PRODUCT_QUALITY,LOW,Routine inquiry / order status check for DIST-SUNBELT-PARTS,Standard operational correspondence regarding order fulfillment tracking and invoice reconciliation.,0.23
ZD-TK-1333,2025-08-24T16:59:00Z,NA-East,DIST-TRI-STATE-OPS,FULFILLMENT_DELAY,LOW,Routine inquiry / order status check for DIST-TRI-STATE-OPS,Standard operational correspondence regarding order fulfillment tracking and invoice reconciliation.,0.11
ZD-TK-1334,2025-08-24T09:22:00Z,NA-East,DIST-APEX-EAST,PRICE_DISPUTE,LOW,Routine inquiry / order status check for DIST-APEX-EAST,Standard operational correspondence regarding order fulfillment tracking and invoice reconciliation.,0.01
ZD-TK-1335,2025-08-24T09:18:00Z,NA-Central,DIST-MIDWEST-DIRECT,PRICE_DISPUTE,MEDIUM,Routine inquiry / order status check for DIST-MIDWEST-DIRECT,Standard operational correspondence regarding order fulfillment tracking and invoice reconciliation.,0.3
ZD-TK-1336,2025-08-24T12:58:00Z,NA-Central,DIST-GREATLAKES-SUPPLY,PRODUCT_QUALITY,LOW,Routine inquiry / order status check for DIST-GREATLAKES-SUPPLY,Standard operational correspondence regarding order fulfillment tracking and invoice reconciliation.,0.02
ZD-TK-1337,2025-08-24T16:27:00Z,NA-Central,DIST-TEXAS-COMMERCIAL,PRICE_DISPUTE,MEDIUM,Routine inquiry / order status check for DIST-TEXAS-COMMERCIAL,Standard operational correspondence regarding order fulfillment tracking and invoice reconciliation.,-0.2
ZD-TK-1338,2025-08-24T15:40:00Z,NA-West,DIST-PACIFIC-LOGISTICS,FULFILLMENT_DELAY,MEDIUM,Routine inquiry / order status check for DIST-PACIFIC-LOGISTICS,Standard operational correspondence regarding order fulfillment tracking and invoice reconciliation.,0.03
ZD-TK-1339,2025-08-25T11:10:00Z,NA-East,DIST-MIDATL-SUPPLY,FULFILLMENT_DELAY,LOW,Routine inquiry / order status check for DIST-MIDATL-SUPPLY,Standard operational correspondence regarding order fulfillment tracking and invoice reconciliation.,-0.3
ZD-TK-1340,2025-08-25T10:54:00Z,NA-Central,DIST-TEXAS-COMMERCIAL,PRICE_DISPUTE,LOW,Routine inquiry / order status check for DIST-TEXAS-COMMERCIAL,Standard operational correspondence regarding order fulfillment tracking and invoice reconciliation.,0.29
ZD-TK-1341,2025-08-25T16:53:00Z,NA-Central,DIST-TEXAS-COMMERCIAL,FULFILLMENT_DELAY,LOW,Routine inquiry / order status check for DIST-TEXAS-COMMERCIAL,Standard operational correspondence regarding order fulfillment tracking and invoice reconciliation.,-0.2
ZD-TK-1342,2025-08-25T08:09:00Z,NA-West,DIST-MOUNTAIN-PARTS,PRICE_DISPUTE,MEDIUM,Routine inquiry / order status check for DIST-MOUNTAIN-PARTS,Standard operational correspondence regarding order fulfillment tracking and invoice reconciliation.,0.05
ZD-TK-1343,2025-08-25T13:23:00Z,NA-West,DIST-MOUNTAIN-PARTS,PRODUCT_QUALITY,LOW,Routine inquiry / order status check for DIST-MOUNTAIN-PARTS,Standard operational correspondence regarding order fulfillment tracking and invoice reconciliation.,-0.16
ZD-TK-1344,2025-08-25T09:08:00Z,NA-West,DIST-MOUNTAIN-PARTS,FULFILLMENT_DELAY,MEDIUM,Routine inquiry / order status check for DIST-MOUNTAIN-PARTS,Standard operational correspondence regarding order fulfillment tracking and invoice reconciliation.,-0.28
ZD-TK-1345,2025-08-26T09:26:00Z,NA-East,DIST-SUNBELT-PARTS,PRODUCT_QUALITY,LOW,Routine inquiry / order status check for DIST-SUNBELT-PARTS,Standard operational correspondence regarding order fulfillment tracking and invoice reconciliation.,0.16
ZD-TK-1346,2025-08-26T12:58:00Z,NA-East,DIST-MIDATL-SUPPLY,PRICE_DISPUTE,MEDIUM,Routine inquiry / order status check for DIST-MIDATL-SUPPLY,Standard operational correspondence regarding order fulfillment tracking and invoice reconciliation.,0.05
ZD-TK-1347,2025-08-26T16:18:00Z,NA-East,DIST-SUNBELT-PARTS,PRICE_DISPUTE,LOW,Routine inquiry / order status check for DIST-SUNBELT-PARTS,Standard operational correspondence regarding order fulfillment tracking and invoice reconciliation.,-0.05
ZD-TK-1348,2025-08-26T17:33:00Z,NA-Central,DIST-TEXAS-COMMERCIAL,PRODUCT_QUALITY,LOW,Routine inquiry / order status check for DIST-TEXAS-COMMERCIAL,Standard operational correspondence regarding order fulfillment tracking and invoice reconciliation.,-0.03
ZD-TK-1349,2025-08-26T17:46:00Z,NA-Central,DIST-TEXAS-COMMERCIAL,PRODUCT_QUALITY,LOW,Routine inquiry / order status check for DIST-TEXAS-COMMERCIAL,Standard operational correspondence regarding order fulfillment tracking and invoice reconciliation.,0.17
ZD-TK-1350,2025-08-26T11:38:00Z,NA-Central,DIST-MIDWEST-DIRECT,FULFILLMENT_DELAY,LOW,Routine inquiry / order status check for DIST-MIDWEST-DIRECT,Standard operational correspondence regarding order fulfillment tracking and invoice reconciliation.,-0.33
ZD-TK-1351,2025-08-26T10:19:00Z,NA-West,DIST-MOUNTAIN-PARTS,PRICE_DISPUTE,MEDIUM,Routine inquiry / order status check for DIST-MOUNTAIN-PARTS,Standard operational correspondence regarding order fulfillment tracking and invoice reconciliation.,0.26
ZD-TK-1352,2025-08-27T16:16:00Z,NA-East,DIST-SUNBELT-PARTS,FULFILLMENT_DELAY,LOW,Routine inquiry / order status check for DIST-SUNBELT-PARTS,Standard operational correspondence regarding order fulfillment tracking and invoice reconciliation.,-0.15
ZD-TK-1353,2025-08-27T11:22:00Z,NA-East,DIST-TRI-STATE-OPS,PRODUCT_QUALITY,MEDIUM,Routine inquiry / order status check for DIST-TRI-STATE-OPS,Standard operational correspondence regarding order fulfillment tracking and invoice reconciliation.,-0.12
ZD-TK-1354,2025-08-27T09:50:00Z,NA-Central,DIST-TEXAS-COMMERCIAL,FULFILLMENT_DELAY,MEDIUM,Routine inquiry / order status check for DIST-TEXAS-COMMERCIAL,Standard operational correspondence regarding order fulfillment tracking and invoice reconciliation.,0.27
ZD-TK-1355,2025-08-27T17:09:00Z,NA-West,DIST-MOUNTAIN-PARTS,FULFILLMENT_DELAY,LOW,Routine inquiry / order status check for DIST-MOUNTAIN-PARTS,Standard operational correspondence regarding order fulfillment tracking and invoice reconciliation.,-0.29
ZD-TK-1356,2025-08-27T13:05:00Z,NA-West,DIST-CAL-ENTERPRISE,FULFILLMENT_DELAY,MEDIUM,Routine inquiry / order status check for DIST-CAL-ENTERPRISE,Standard operational correspondence regarding order fulfillment tracking and invoice reconciliation.,0.35
ZD-TK-1357,2025-08-28T13:31:00Z,NA-East,DIST-SUNBELT-PARTS,PRICE_DISPUTE,MEDIUM,Routine inquiry / order status check for DIST-SUNBELT-PARTS,Standard operational correspondence regarding order fulfillment tracking and invoice reconciliation.,0.3
ZD-TK-1358,2025-08-28T16:29:00Z,NA-Central,DIST-MIDWEST-DIRECT,PRICE_DISPUTE,MEDIUM,Routine inquiry / order status check for DIST-MIDWEST-DIRECT,Standard operational correspondence regarding order fulfillment tracking and invoice reconciliation.,0.26
ZD-TK-1359,2025-08-28T14:46:00Z,NA-Central,DIST-MIDWEST-DIRECT,PRICE_DISPUTE,MEDIUM,Routine inquiry / order status check for DIST-MIDWEST-DIRECT,Standard operational correspondence regarding order fulfillment tracking and invoice reconciliation.,-0.14
ZD-TK-1360,2025-08-28T11:36:00Z,NA-West,DIST-CAL-ENTERPRISE,FULFILLMENT_DELAY,LOW,Routine inquiry / order status check for DIST-CAL-ENTERPRISE,Standard operational correspondence regarding order fulfillment tracking and invoice reconciliation.,-0.23
ZD-TK-1361,2025-08-28T16:49:00Z,NA-West,DIST-PACIFIC-LOGISTICS,PRICE_DISPUTE,LOW,Routine inquiry / order status check for DIST-PACIFIC-LOGISTICS,Standard operational correspondence regarding order fulfillment tracking and invoice reconciliation.,-0.21
ZD-TK-1362,2025-08-28T14:09:00Z,NA-West,DIST-CAL-ENTERPRISE,PRICE_DISPUTE,LOW,Routine inquiry / order status check for DIST-CAL-ENTERPRISE,Standard operational correspondence regarding order fulfillment tracking and invoice reconciliation.,0.23
ZD-TK-1363,2025-08-29T10:14:00Z,NA-East,DIST-SUNBELT-PARTS,PRODUCT_QUALITY,MEDIUM,Routine inquiry / order status check for DIST-SUNBELT-PARTS,Standard operational correspondence regarding order fulfillment tracking and invoice reconciliation.,-0.18
ZD-TK-1364,2025-08-29T13:39:00Z,NA-East,DIST-APEX-EAST,PRICE_DISPUTE,LOW,Routine inquiry / order status check for DIST-APEX-EAST,Standard operational correspondence regarding order fulfillment tracking and invoice reconciliation.,-0.13
ZD-TK-1365,2025-08-29T16:45:00Z,NA-East,DIST-COASTAL-WHOLESALE,PRODUCT_QUALITY,LOW,Routine inquiry / order status check for DIST-COASTAL-WHOLESALE,Standard operational correspondence regarding order fulfillment tracking and invoice reconciliation.,-0.12
ZD-TK-1366,2025-08-29T13:24:00Z,NA-Central,DIST-MIDWEST-DIRECT,PRODUCT_QUALITY,MEDIUM,Routine inquiry / order status check for DIST-MIDWEST-DIRECT,Standard operational correspondence regarding order fulfillment tracking and invoice reconciliation.,0.1
ZD-TK-1367,2025-08-29T17:28:00Z,NA-West,DIST-PACIFIC-LOGISTICS,PRICE_DISPUTE,LOW,Routine inquiry / order status check for DIST-PACIFIC-LOGISTICS,Standard operational correspondence regarding order fulfillment tracking and invoice reconciliation.,0.12
ZD-TK-1368,2025-08-29T17:33:00Z,NA-West,DIST-CAL-ENTERPRISE,FULFILLMENT_DELAY,LOW,Routine inquiry / order status check for DIST-CAL-ENTERPRISE,Standard operational correspondence regarding order fulfillment tracking and invoice reconciliation.,0.21
ZD-TK-1369,2025-08-30T15:11:00Z,NA-East,DIST-COASTAL-WHOLESALE,PRODUCT_QUALITY,MEDIUM,Routine inquiry / order status check for DIST-COASTAL-WHOLESALE,Standard operational correspondence regarding order fulfillment tracking and invoice reconciliation.,0.32
ZD-TK-1370,2025-08-30T16:53:00Z,NA-East,DIST-TRI-STATE-OPS,FULFILLMENT_DELAY,MEDIUM,Routine inquiry / order status check for DIST-TRI-STATE-OPS,Standard operational correspondence regarding order fulfillment tracking and invoice reconciliation.,-0.32
ZD-TK-1371,2025-08-30T15:03:00Z,NA-Central,DIST-MIDWEST-DIRECT,PRODUCT_QUALITY,LOW,Routine inquiry / order status check for DIST-MIDWEST-DIRECT,Standard operational correspondence regarding order fulfillment tracking and invoice reconciliation.,-0.03
ZD-TK-1372,2025-08-30T13:27:00Z,NA-West,DIST-PACIFIC-LOGISTICS,FULFILLMENT_DELAY,MEDIUM,Routine inquiry / order status check for DIST-PACIFIC-LOGISTICS,Standard operational correspondence regarding order fulfillment tracking and invoice reconciliation.,-0.05
ZD-TK-1373,2025-08-30T15:09:00Z,NA-West,DIST-PACIFIC-LOGISTICS,PRICE_DISPUTE,MEDIUM,Routine inquiry / order status check for DIST-PACIFIC-LOGISTICS,Standard operational correspondence regarding order fulfillment tracking and invoice reconciliation.,-0.26
ZD-TK-1374,2025-08-30T15:39:00Z,NA-West,DIST-MOUNTAIN-PARTS,FULFILLMENT_DELAY,MEDIUM,Routine inquiry / order status check for DIST-MOUNTAIN-PARTS,Standard operational correspondence regarding order fulfillment tracking and invoice reconciliation.,0.14
ZD-TK-1375,2025-08-31T15:37:00Z,NA-East,DIST-APEX-EAST,PRODUCT_QUALITY,LOW,Routine inquiry / order status check for DIST-APEX-EAST,Standard operational correspondence regarding order fulfillment tracking and invoice reconciliation.,-0.29
ZD-TK-1376,2025-08-31T17:21:00Z,NA-East,DIST-COASTAL-WHOLESALE,FULFILLMENT_DELAY,LOW,Routine inquiry / order status check for DIST-COASTAL-WHOLESALE,Standard operational correspondence regarding order fulfillment tracking and invoice reconciliation.,-0.03
ZD-TK-1377,2025-08-31T14:11:00Z,NA-Central,DIST-MIDWEST-DIRECT,FULFILLMENT_DELAY,LOW,Routine inquiry / order status check for DIST-MIDWEST-DIRECT,Standard operational correspondence regarding order fulfillment tracking and invoice reconciliation.,-0.33
ZD-TK-1378,2025-08-31T14:05:00Z,NA-West,DIST-CAL-ENTERPRISE,FULFILLMENT_DELAY,LOW,Routine inquiry / order status check for DIST-CAL-ENTERPRISE,Standard operational correspondence regarding order fulfillment tracking and invoice reconciliation.,0.06
ZD-TK-1379,2025-08-31T15:12:00Z,NA-West,DIST-CAL-ENTERPRISE,PRODUCT_QUALITY,LOW,Routine inquiry / order status check for DIST-CAL-ENTERPRISE,Standard operational correspondence regarding order fulfillment tracking and invoice reconciliation.,0.2
ZD-TK-1380,2025-09-01T10:15:00Z,NA-East,DIST-SUNBELT-PARTS,PRODUCT_QUALITY,LOW,Routine inquiry / order status check for DIST-SUNBELT-PARTS,Standard operational correspondence regarding order fulfillment tracking and invoice reconciliation.,0.13
ZD-TK-1381,2025-09-01T12:38:00Z,NA-East,DIST-TRI-STATE-OPS,FULFILLMENT_DELAY,LOW,Routine inquiry / order status check for DIST-TRI-STATE-OPS,Standard operational correspondence regarding order fulfillment tracking and invoice reconciliation.,-0.31
ZD-TK-1382,2025-09-01T14:58:00Z,NA-Central,DIST-TEXAS-COMMERCIAL,PRICE_DISPUTE,MEDIUM,Routine inquiry / order status check for DIST-TEXAS-COMMERCIAL,Standard operational correspondence regarding order fulfillment tracking and invoice reconciliation.,-0.14
ZD-TK-1383,2025-09-01T14:26:00Z,NA-West,DIST-PACIFIC-LOGISTICS,PRODUCT_QUALITY,LOW,Routine inquiry / order status check for DIST-PACIFIC-LOGISTICS,Standard operational correspondence regarding order fulfillment tracking and invoice reconciliation.,-0.28
ZD-TK-1384,2025-09-01T09:35:00Z,NA-West,DIST-MOUNTAIN-PARTS,PRICE_DISPUTE,MEDIUM,Routine inquiry / order status check for DIST-MOUNTAIN-PARTS,Standard operational correspondence regarding order fulfillment tracking and invoice reconciliation.,0.32
ZD-TK-1385,2025-09-02T14:43:00Z,NA-East,DIST-COASTAL-WHOLESALE,FULFILLMENT_DELAY,LOW,Routine inquiry / order status check for DIST-COASTAL-WHOLESALE,Standard operational correspondence regarding order fulfillment tracking and invoice reconciliation.,0.02
ZD-TK-1386,2025-09-02T14:18:00Z,NA-East,DIST-MIDATL-SUPPLY,FULFILLMENT_DELAY,MEDIUM,Routine inquiry / order status check for DIST-MIDATL-SUPPLY,Standard operational correspondence regarding order fulfillment tracking and invoice reconciliation.,0.3
ZD-TK-1387,2025-09-02T13:16:00Z,NA-East,DIST-MIDATL-SUPPLY,FULFILLMENT_DELAY,MEDIUM,Routine inquiry / order status check for DIST-MIDATL-SUPPLY,Standard operational correspondence regarding order fulfillment tracking and invoice reconciliation.,0.32
ZD-TK-1388,2025-09-02T15:22:00Z,NA-Central,DIST-MIDWEST-DIRECT,PRICE_DISPUTE,LOW,Routine inquiry / order status check for DIST-MIDWEST-DIRECT,Standard operational correspondence regarding order fulfillment tracking and invoice reconciliation.,-0.27
ZD-TK-1389,2025-09-02T11:26:00Z,NA-Central,DIST-TEXAS-COMMERCIAL,PRODUCT_QUALITY,MEDIUM,Routine inquiry / order status check for DIST-TEXAS-COMMERCIAL,Standard operational correspondence regarding order fulfillment tracking and invoice reconciliation.,0.24
ZD-TK-1390,2025-09-02T08:57:00Z,NA-West,DIST-CAL-ENTERPRISE,PRICE_DISPUTE,MEDIUM,Routine inquiry / order status check for DIST-CAL-ENTERPRISE,Standard operational correspondence regarding order fulfillment tracking and invoice reconciliation.,-0.35
ZD-TK-1391,2025-09-02T13:11:00Z,NA-West,DIST-PACIFIC-LOGISTICS,FULFILLMENT_DELAY,LOW,Routine inquiry / order status check for DIST-PACIFIC-LOGISTICS,Standard operational correspondence regarding order fulfillment tracking and invoice reconciliation.,0.19
ZD-TK-1392,2025-09-02T16:42:00Z,NA-West,DIST-MOUNTAIN-PARTS,PRODUCT_QUALITY,LOW,Routine inquiry / order status check for DIST-MOUNTAIN-PARTS,Standard operational correspondence regarding order fulfillment tracking and invoice reconciliation.,0.29
ZD-TK-1393,2025-09-03T10:50:00Z,NA-East,DIST-COASTAL-WHOLESALE,PRICE_DISPUTE,LOW,Routine inquiry / order status check for DIST-COASTAL-WHOLESALE,Standard operational correspondence regarding order fulfillment tracking and invoice reconciliation.,-0.08
ZD-TK-1394,2025-09-03T13:17:00Z,NA-East,DIST-COASTAL-WHOLESALE,PRICE_DISPUTE,LOW,Routine inquiry / order status check for DIST-COASTAL-WHOLESALE,Standard operational correspondence regarding order fulfillment tracking and invoice reconciliation.,-0.34
ZD-TK-1395,2025-09-03T12:12:00Z,NA-East,DIST-MIDATL-SUPPLY,FULFILLMENT_DELAY,LOW,Routine inquiry / order status check for DIST-MIDATL-SUPPLY,Standard operational correspondence regarding order fulfillment tracking and invoice reconciliation.,0.3
ZD-TK-1396,2025-09-03T12:43:00Z,NA-Central,DIST-GREATLAKES-SUPPLY,PRICE_DISPUTE,LOW,Routine inquiry / order status check for DIST-GREATLAKES-SUPPLY,Standard operational correspondence regarding order fulfillment tracking and invoice reconciliation.,0.06
ZD-TK-1397,2025-09-03T10:00:00Z,NA-West,DIST-PACIFIC-LOGISTICS,PRODUCT_QUALITY,LOW,Routine inquiry / order status check for DIST-PACIFIC-LOGISTICS,Standard operational correspondence regarding order fulfillment tracking and invoice reconciliation.,-0.27
ZD-TK-1398,2025-09-03T12:43:00Z,NA-West,DIST-MOUNTAIN-PARTS,PRODUCT_QUALITY,MEDIUM,Routine inquiry / order status check for DIST-MOUNTAIN-PARTS,Standard operational correspondence regarding order fulfillment tracking and invoice reconciliation.,-0.1
ZD-TK-1399,2025-09-03T17:48:00Z,NA-West,DIST-PACIFIC-LOGISTICS,FULFILLMENT_DELAY,LOW,Routine inquiry / order status check for DIST-PACIFIC-LOGISTICS,Standard operational correspondence regarding order fulfillment tracking and invoice reconciliation.,0.33
ZD-TK-1400,2025-09-04T12:41:00Z,NA-East,DIST-MIDATL-SUPPLY,FULFILLMENT_DELAY,LOW,Routine inquiry / order status check for DIST-MIDATL-SUPPLY,Standard operational correspondence regarding order fulfillment tracking and invoice reconciliation.,-0.16
ZD-TK-1401,2025-09-04T08:02:00Z,NA-East,DIST-TRI-STATE-OPS,PRICE_DISPUTE,LOW,Routine inquiry / order status check for DIST-TRI-STATE-OPS,Standard operational correspondence regarding order fulfillment tracking and invoice reconciliation.,0.11
ZD-TK-1402,2025-09-04T11:39:00Z,NA-Central,DIST-MIDWEST-DIRECT,PRODUCT_QUALITY,LOW,Routine inquiry / order status check for DIST-MIDWEST-DIRECT,Standard operational correspondence regarding order fulfillment tracking and invoice reconciliation.,0.0
ZD-TK-1403,2025-09-04T15:46:00Z,NA-Central,DIST-TEXAS-COMMERCIAL,FULFILLMENT_DELAY,MEDIUM,Routine inquiry / order status check for DIST-TEXAS-COMMERCIAL,Standard operational correspondence regarding order fulfillment tracking and invoice reconciliation.,-0.23
ZD-TK-1404,2025-09-04T17:37:00Z,NA-West,DIST-MOUNTAIN-PARTS,FULFILLMENT_DELAY,MEDIUM,Routine inquiry / order status check for DIST-MOUNTAIN-PARTS,Standard operational correspondence regarding order fulfillment tracking and invoice reconciliation.,0.34
ZD-TK-1405,2025-09-05T13:27:00Z,NA-East,DIST-COASTAL-WHOLESALE,FULFILLMENT_DELAY,LOW,Routine inquiry / order status check for DIST-COASTAL-WHOLESALE,Standard operational correspondence regarding order fulfillment tracking and invoice reconciliation.,0.04
ZD-TK-1406,2025-09-05T14:58:00Z,NA-Central,DIST-MIDWEST-DIRECT,PRICE_DISPUTE,MEDIUM,Routine inquiry / order status check for DIST-MIDWEST-DIRECT,Standard operational correspondence regarding order fulfillment tracking and invoice reconciliation.,0.27
ZD-TK-1407,2025-09-05T17:06:00Z,NA-Central,DIST-TEXAS-COMMERCIAL,FULFILLMENT_DELAY,LOW,Routine inquiry / order status check for DIST-TEXAS-COMMERCIAL,Standard operational correspondence regarding order fulfillment tracking and invoice reconciliation.,-0.07
ZD-TK-1408,2025-09-05T10:33:00Z,NA-Central,DIST-MIDWEST-DIRECT,PRODUCT_QUALITY,LOW,Routine inquiry / order status check for DIST-MIDWEST-DIRECT,Standard operational correspondence regarding order fulfillment tracking and invoice reconciliation.,-0.12
ZD-TK-1409,2025-09-05T10:06:00Z,NA-West,DIST-MOUNTAIN-PARTS,PRICE_DISPUTE,MEDIUM,Routine inquiry / order status check for DIST-MOUNTAIN-PARTS,Standard operational correspondence regarding order fulfillment tracking and invoice reconciliation.,0.33
ZD-TK-1410,2025-09-06T15:15:00Z,NA-East,DIST-COASTAL-WHOLESALE,FULFILLMENT_DELAY,LOW,Routine inquiry / order status check for DIST-COASTAL-WHOLESALE,Standard operational correspondence regarding order fulfillment tracking and invoice reconciliation.,0.29
ZD-TK-1411,2025-09-06T13:18:00Z,NA-East,DIST-EMPIRE-IND,PRODUCT_QUALITY,LOW,Routine inquiry / order status check for DIST-EMPIRE-IND,Standard operational correspondence regarding order fulfillment tracking and invoice reconciliation.,0.08
ZD-TK-1412,2025-09-06T15:01:00Z,NA-Central,DIST-TEXAS-COMMERCIAL,FULFILLMENT_DELAY,MEDIUM,Routine inquiry / order status check for DIST-TEXAS-COMMERCIAL,Standard operational correspondence regarding order fulfillment tracking and invoice reconciliation.,-0.31
ZD-TK-1413,2025-09-06T10:02:00Z,NA-Central,DIST-TEXAS-COMMERCIAL,PRICE_DISPUTE,MEDIUM,Routine inquiry / order status check for DIST-TEXAS-COMMERCIAL,Standard operational correspondence regarding order fulfillment tracking and invoice reconciliation.,0.23
ZD-TK-1414,2025-09-06T13:15:00Z,NA-West,DIST-CAL-ENTERPRISE,PRICE_DISPUTE,LOW,Routine inquiry / order status check for DIST-CAL-ENTERPRISE,Standard operational correspondence regarding order fulfillment tracking and invoice reconciliation.,0.27
ZD-TK-1415,2025-09-07T17:57:00Z,NA-East,DIST-COASTAL-WHOLESALE,PRODUCT_QUALITY,MEDIUM,Routine inquiry / order status check for DIST-COASTAL-WHOLESALE,Standard operational correspondence regarding order fulfillment tracking and invoice reconciliation.,-0.05
ZD-TK-1416,2025-09-07T16:11:00Z,NA-East,DIST-EMPIRE-IND,PRICE_DISPUTE,MEDIUM,Routine inquiry / order status check for DIST-EMPIRE-IND,Standard operational correspondence regarding order fulfillment tracking and invoice reconciliation.,-0.34
ZD-TK-1417,2025-09-07T10:00:00Z,NA-Central,DIST-MIDWEST-DIRECT,FULFILLMENT_DELAY,LOW,Routine inquiry / order status check for DIST-MIDWEST-DIRECT,Standard operational correspondence regarding order fulfillment tracking and invoice reconciliation.,0.26
ZD-TK-1418,2025-09-07T14:24:00Z,NA-Central,DIST-MIDWEST-DIRECT,PRICE_DISPUTE,MEDIUM,Routine inquiry / order status check for DIST-MIDWEST-DIRECT,Standard operational correspondence regarding order fulfillment tracking and invoice reconciliation.,0.18
ZD-TK-1419,2025-09-07T13:00:00Z,NA-West,DIST-CAL-ENTERPRISE,PRICE_DISPUTE,MEDIUM,Routine inquiry / order status check for DIST-CAL-ENTERPRISE,Standard operational correspondence regarding order fulfillment tracking and invoice reconciliation.,-0.07
ZD-TK-1420,2025-09-07T09:25:00Z,NA-West,DIST-MOUNTAIN-PARTS,PRICE_DISPUTE,MEDIUM,Routine inquiry / order status check for DIST-MOUNTAIN-PARTS,Standard operational correspondence regarding order fulfillment tracking and invoice reconciliation.,-0.34
ZD-TK-1421,2025-09-08T15:35:00Z,NA-East,DIST-SUNBELT-PARTS,FULFILLMENT_DELAY,MEDIUM,Routine inquiry / order status check for DIST-SUNBELT-PARTS,Standard operational correspondence regarding order fulfillment tracking and invoice reconciliation.,-0.16
ZD-TK-1422,2025-09-08T12:31:00Z,NA-Central,DIST-GREATLAKES-SUPPLY,PRODUCT_QUALITY,LOW,Routine inquiry / order status check for DIST-GREATLAKES-SUPPLY,Standard operational correspondence regarding order fulfillment tracking and invoice reconciliation.,0.04
ZD-TK-1423,2025-09-08T08:10:00Z,NA-West,DIST-CAL-ENTERPRISE,PRICE_DISPUTE,MEDIUM,Routine inquiry / order status check for DIST-CAL-ENTERPRISE,Standard operational correspondence regarding order fulfillment tracking and invoice reconciliation.,-0.21
ZD-TK-1424,2025-09-09T16:02:00Z,NA-East,DIST-APEX-EAST,FULFILLMENT_DELAY,LOW,Routine inquiry / order status check for DIST-APEX-EAST,Standard operational correspondence regarding order fulfillment tracking and invoice reconciliation.,0.33
ZD-TK-1425,2025-09-09T17:25:00Z,NA-East,DIST-EMPIRE-IND,PRODUCT_QUALITY,LOW,Routine inquiry / order status check for DIST-EMPIRE-IND,Standard operational correspondence regarding order fulfillment tracking and invoice reconciliation.,0.16
ZD-TK-1426,2025-09-09T09:08:00Z,NA-Central,DIST-MIDWEST-DIRECT,PRICE_DISPUTE,LOW,Routine inquiry / order status check for DIST-MIDWEST-DIRECT,Standard operational correspondence regarding order fulfillment tracking and invoice reconciliation.,0.29
ZD-TK-1427,2025-09-09T17:44:00Z,NA-West,DIST-PACIFIC-LOGISTICS,PRODUCT_QUALITY,MEDIUM,Routine inquiry / order status check for DIST-PACIFIC-LOGISTICS,Standard operational correspondence regarding order fulfillment tracking and invoice reconciliation.,-0.13
ZD-TK-1428,2025-09-09T14:07:00Z,NA-West,DIST-MOUNTAIN-PARTS,FULFILLMENT_DELAY,MEDIUM,Routine inquiry / order status check for DIST-MOUNTAIN-PARTS,Standard operational correspondence regarding order fulfillment tracking and invoice reconciliation.,-0.04
ZD-TK-1429,2025-09-10T12:26:00Z,NA-East,DIST-EMPIRE-IND,PRODUCT_QUALITY,MEDIUM,Routine inquiry / order status check for DIST-EMPIRE-IND,Standard operational correspondence regarding order fulfillment tracking and invoice reconciliation.,0.01
ZD-TK-1430,2025-09-10T11:26:00Z,NA-East,DIST-EMPIRE-IND,PRICE_DISPUTE,LOW,Routine inquiry / order status check for DIST-EMPIRE-IND,Standard operational correspondence regarding order fulfillment tracking and invoice reconciliation.,0.35
ZD-TK-1431,2025-09-10T17:05:00Z,NA-East,DIST-COASTAL-WHOLESALE,FULFILLMENT_DELAY,LOW,Routine inquiry / order status check for DIST-COASTAL-WHOLESALE,Standard operational correspondence regarding order fulfillment tracking and invoice reconciliation.,-0.01
ZD-TK-1432,2025-09-10T13:13:00Z,NA-Central,DIST-TEXAS-COMMERCIAL,FULFILLMENT_DELAY,LOW,Routine inquiry / order status check for DIST-TEXAS-COMMERCIAL,Standard operational correspondence regarding order fulfillment tracking and invoice reconciliation.,0.13
ZD-TK-1433,2025-09-10T17:35:00Z,NA-Central,DIST-MIDWEST-DIRECT,PRODUCT_QUALITY,MEDIUM,Routine inquiry / order status check for DIST-MIDWEST-DIRECT,Standard operational correspondence regarding order fulfillment tracking and invoice reconciliation.,0.09
ZD-TK-1434,2025-09-10T14:19:00Z,NA-West,DIST-PACIFIC-LOGISTICS,FULFILLMENT_DELAY,MEDIUM,Routine inquiry / order status check for DIST-PACIFIC-LOGISTICS,Standard operational correspondence regarding order fulfillment tracking and invoice reconciliation.,0.08
ZD-TK-1435,2025-09-10T10:28:00Z,NA-West,DIST-CAL-ENTERPRISE,PRODUCT_QUALITY,MEDIUM,Routine inquiry / order status check for DIST-CAL-ENTERPRISE,Standard operational correspondence regarding order fulfillment tracking and invoice reconciliation.,-0.29
ZD-TK-1436,2025-09-11T10:37:00Z,NA-East,DIST-TRI-STATE-OPS,PRICE_DISPUTE,LOW,Routine inquiry / order status check for DIST-TRI-STATE-OPS,Standard operational correspondence regarding order fulfillment tracking and invoice reconciliation.,-0.29
ZD-TK-1437,2025-09-11T13:19:00Z,NA-East,DIST-COASTAL-WHOLESALE,FULFILLMENT_DELAY,LOW,Routine inquiry / order status check for DIST-COASTAL-WHOLESALE,Standard operational correspondence regarding order fulfillment tracking and invoice reconciliation.,-0.1
ZD-TK-1438,2025-09-11T11:33:00Z,NA-East,DIST-EMPIRE-IND,FULFILLMENT_DELAY,LOW,Routine inquiry / order status check for DIST-EMPIRE-IND,Standard operational correspondence regarding order fulfillment tracking and invoice reconciliation.,-0.02
ZD-TK-1439,2025-09-11T17:27:00Z,NA-Central,DIST-GREATLAKES-SUPPLY,FULFILLMENT_DELAY,LOW,Routine inquiry / order status check for DIST-GREATLAKES-SUPPLY,Standard operational correspondence regarding order fulfillment tracking and invoice reconciliation.,0.3
ZD-TK-1440,2025-09-11T15:56:00Z,NA-Central,DIST-TEXAS-COMMERCIAL,PRODUCT_QUALITY,MEDIUM,Routine inquiry / order status check for DIST-TEXAS-COMMERCIAL,Standard operational correspondence regarding order fulfillment tracking and invoice reconciliation.,-0.19
ZD-TK-1441,2025-09-11T10:34:00Z,NA-Central,DIST-GREATLAKES-SUPPLY,PRICE_DISPUTE,LOW,Routine inquiry / order status check for DIST-GREATLAKES-SUPPLY,Standard operational correspondence regarding order fulfillment tracking and invoice reconciliation.,-0.03
ZD-TK-1442,2025-09-11T10:51:00Z,NA-West,DIST-PACIFIC-LOGISTICS,PRICE_DISPUTE,LOW,Routine inquiry / order status check for DIST-PACIFIC-LOGISTICS,Standard operational correspondence regarding order fulfillment tracking and invoice reconciliation.,0.29
ZD-TK-1443,2025-09-11T08:17:00Z,NA-West,DIST-CAL-ENTERPRISE,FULFILLMENT_DELAY,LOW,Routine inquiry / order status check for DIST-CAL-ENTERPRISE,Standard operational correspondence regarding order fulfillment tracking and invoice reconciliation.,0.12
ZD-TK-1444,2025-09-11T14:27:00Z,NA-West,DIST-PACIFIC-LOGISTICS,PRODUCT_QUALITY,LOW,Routine inquiry / order status check for DIST-PACIFIC-LOGISTICS,Standard operational correspondence regarding order fulfillment tracking and invoice reconciliation.,0.15
ZD-TK-1445,2025-09-12T14:22:00Z,NA-East,DIST-APEX-EAST,PRODUCT_QUALITY,LOW,Routine inquiry / order status check for DIST-APEX-EAST,Standard operational correspondence regarding order fulfillment tracking and invoice reconciliation.,0.27
ZD-TK-1446,2025-09-12T11:32:00Z,NA-East,DIST-APEX-EAST,PRODUCT_QUALITY,LOW,Routine inquiry / order status check for DIST-APEX-EAST,Standard operational correspondence regarding order fulfillment tracking and invoice reconciliation.,0.32
ZD-TK-1447,2025-09-12T08:07:00Z,NA-East,DIST-MIDATL-SUPPLY,PRODUCT_QUALITY,LOW,Routine inquiry / order status check for DIST-MIDATL-SUPPLY,Standard operational correspondence regarding order fulfillment tracking and invoice reconciliation.,-0.32
ZD-TK-1448,2025-09-12T17:51:00Z,NA-Central,DIST-TEXAS-COMMERCIAL,PRICE_DISPUTE,LOW,Routine inquiry / order status check for DIST-TEXAS-COMMERCIAL,Standard operational correspondence regarding order fulfillment tracking and invoice reconciliation.,-0.21
ZD-TK-1449,2025-09-12T15:26:00Z,NA-Central,DIST-GREATLAKES-SUPPLY,FULFILLMENT_DELAY,LOW,Routine inquiry / order status check for DIST-GREATLAKES-SUPPLY,Standard operational correspondence regarding order fulfillment tracking and invoice reconciliation.,0.07
ZD-TK-1450,2025-09-12T17:27:00Z,NA-West,DIST-CAL-ENTERPRISE,PRODUCT_QUALITY,MEDIUM,Routine inquiry / order status check for DIST-CAL-ENTERPRISE,Standard operational correspondence regarding order fulfillment tracking and invoice reconciliation.,-0.23
ZD-TK-1451,2025-09-12T14:20:00Z,NA-West,DIST-PACIFIC-LOGISTICS,PRODUCT_QUALITY,LOW,Routine inquiry / order status check for DIST-PACIFIC-LOGISTICS,Standard operational correspondence regarding order fulfillment tracking and invoice reconciliation.,0.29
ZD-TK-1452,2025-09-12T16:20:00Z,NA-West,DIST-MOUNTAIN-PARTS,PRICE_DISPUTE,LOW,Routine inquiry / order status check for DIST-MOUNTAIN-PARTS,Standard operational correspondence regarding order fulfillment tracking and invoice reconciliation.,-0.08
ZD-TK-1453,2025-09-13T09:11:00Z,NA-East,DIST-APEX-EAST,FULFILLMENT_DELAY,LOW,Routine inquiry / order status check for DIST-APEX-EAST,Standard operational correspondence regarding order fulfillment tracking and invoice reconciliation.,-0.32
ZD-TK-1454,2025-09-13T13:16:00Z,NA-East,DIST-EMPIRE-IND,PRICE_DISPUTE,LOW,Routine inquiry / order status check for DIST-EMPIRE-IND,Standard operational correspondence regarding order fulfillment tracking and invoice reconciliation.,-0.1
ZD-TK-1455,2025-09-13T12:45:00Z,NA-Central,DIST-TEXAS-COMMERCIAL,FULFILLMENT_DELAY,MEDIUM,Routine inquiry / order status check for DIST-TEXAS-COMMERCIAL,Standard operational correspondence regarding order fulfillment tracking and invoice reconciliation.,0.2
ZD-TK-1456,2025-09-13T12:41:00Z,NA-West,DIST-PACIFIC-LOGISTICS,PRICE_DISPUTE,MEDIUM,Routine inquiry / order status check for DIST-PACIFIC-LOGISTICS,Standard operational correspondence regarding order fulfillment tracking and invoice reconciliation.,-0.24
ZD-TK-1457,2025-09-13T16:07:00Z,NA-West,DIST-PACIFIC-LOGISTICS,PRICE_DISPUTE,LOW,Routine inquiry / order status check for DIST-PACIFIC-LOGISTICS,Standard operational correspondence regarding order fulfillment tracking and invoice reconciliation.,0.06
ZD-TK-1458,2025-09-13T13:57:00Z,NA-West,DIST-PACIFIC-LOGISTICS,FULFILLMENT_DELAY,LOW,Routine inquiry / order status check for DIST-PACIFIC-LOGISTICS,Standard operational correspondence regarding order fulfillment tracking and invoice reconciliation.,0.34
ZD-TK-1459,2025-09-14T12:29:00Z,NA-East,DIST-COASTAL-WHOLESALE,FULFILLMENT_DELAY,LOW,Routine inquiry / order status check for DIST-COASTAL-WHOLESALE,Standard operational correspondence regarding order fulfillment tracking and invoice reconciliation.,-0.29
ZD-TK-1460,2025-09-14T16:09:00Z,NA-Central,DIST-GREATLAKES-SUPPLY,PRODUCT_QUALITY,MEDIUM,Routine inquiry / order status check for DIST-GREATLAKES-SUPPLY,Standard operational correspondence regarding order fulfillment tracking and invoice reconciliation.,0.19
ZD-TK-1461,2025-09-14T08:22:00Z,NA-West,DIST-CAL-ENTERPRISE,PRODUCT_QUALITY,MEDIUM,Routine inquiry / order status check for DIST-CAL-ENTERPRISE,Standard operational correspondence regarding order fulfillment tracking and invoice reconciliation.,0.21
ZD-TK-1462,2025-09-14T08:43:00Z,NA-West,DIST-CAL-ENTERPRISE,FULFILLMENT_DELAY,LOW,Routine inquiry / order status check for DIST-CAL-ENTERPRISE,Standard operational correspondence regarding order fulfillment tracking and invoice reconciliation.,0.13
ZD-TK-1463,2025-09-14T10:07:00Z,NA-West,DIST-CAL-ENTERPRISE,PRODUCT_QUALITY,MEDIUM,Routine inquiry / order status check for DIST-CAL-ENTERPRISE,Standard operational correspondence regarding order fulfillment tracking and invoice reconciliation.,0.31
ZD-TK-1464,2025-09-15T12:15:00Z,NA-East,DIST-TRI-STATE-OPS,FULFILLMENT_DELAY,MEDIUM,Routine inquiry / order status check for DIST-TRI-STATE-OPS,Standard operational correspondence regarding order fulfillment tracking and invoice reconciliation.,0.03
ZD-TK-1465,2025-09-15T13:13:00Z,NA-Central,DIST-MIDWEST-DIRECT,PRODUCT_QUALITY,LOW,Routine inquiry / order status check for DIST-MIDWEST-DIRECT,Standard operational correspondence regarding order fulfillment tracking and invoice reconciliation.,0.02
ZD-TK-1466,2025-09-15T13:52:00Z,NA-Central,DIST-GREATLAKES-SUPPLY,FULFILLMENT_DELAY,LOW,Routine inquiry / order status check for DIST-GREATLAKES-SUPPLY,Standard operational correspondence regarding order fulfillment tracking and invoice reconciliation.,-0.14
ZD-TK-1467,2025-09-15T17:45:00Z,NA-West,DIST-MOUNTAIN-PARTS,FULFILLMENT_DELAY,LOW,Routine inquiry / order status check for DIST-MOUNTAIN-PARTS,Standard operational correspondence regarding order fulfillment tracking and invoice reconciliation.,-0.06
ZD-TK-1468,2025-09-16T16:00:00Z,NA-East,DIST-TRI-STATE-OPS,PRODUCT_QUALITY,MEDIUM,Routine inquiry / order status check for DIST-TRI-STATE-OPS,Standard operational correspondence regarding order fulfillment tracking and invoice reconciliation.,0.12
ZD-TK-1469,2025-09-16T10:21:00Z,NA-Central,DIST-MIDWEST-DIRECT,PRICE_DISPUTE,MEDIUM,Routine inquiry / order status check for DIST-MIDWEST-DIRECT,Standard operational correspondence regarding order fulfillment tracking and invoice reconciliation.,0.29
ZD-TK-1470,2025-09-16T10:17:00Z,NA-Central,DIST-GREATLAKES-SUPPLY,FULFILLMENT_DELAY,LOW,Routine inquiry / order status check for DIST-GREATLAKES-SUPPLY,Standard operational correspondence regarding order fulfillment tracking and invoice reconciliation.,-0.04
ZD-TK-1471,2025-09-16T10:23:00Z,NA-West,DIST-CAL-ENTERPRISE,PRODUCT_QUALITY,MEDIUM,Routine inquiry / order status check for DIST-CAL-ENTERPRISE,Standard operational correspondence regarding order fulfillment tracking and invoice reconciliation.,-0.05
ZD-TK-1472,2025-09-16T16:31:00Z,NA-West,DIST-PACIFIC-LOGISTICS,FULFILLMENT_DELAY,MEDIUM,Routine inquiry / order status check for DIST-PACIFIC-LOGISTICS,Standard operational correspondence regarding order fulfillment tracking and invoice reconciliation.,0.01
ZD-TK-1473,2025-09-16T08:18:00Z,NA-West,DIST-MOUNTAIN-PARTS,FULFILLMENT_DELAY,MEDIUM,Routine inquiry / order status check for DIST-MOUNTAIN-PARTS,Standard operational correspondence regarding order fulfillment tracking and invoice reconciliation.,0.22
ZD-TK-1474,2025-09-17T11:55:00Z,NA-East,DIST-TRI-STATE-OPS,PRODUCT_QUALITY,MEDIUM,Routine inquiry / order status check for DIST-TRI-STATE-OPS,Standard operational correspondence regarding order fulfillment tracking and invoice reconciliation.,-0.15
ZD-TK-1475,2025-09-17T11:21:00Z,NA-East,DIST-TRI-STATE-OPS,FULFILLMENT_DELAY,MEDIUM,Routine inquiry / order status check for DIST-TRI-STATE-OPS,Standard operational correspondence regarding order fulfillment tracking and invoice reconciliation.,-0.21
ZD-TK-1476,2025-09-17T14:23:00Z,NA-East,DIST-MIDATL-SUPPLY,PRICE_DISPUTE,LOW,Routine inquiry / order status check for DIST-MIDATL-SUPPLY,Standard operational correspondence regarding order fulfillment tracking and invoice reconciliation.,-0.11
ZD-TK-1477,2025-09-17T11:39:00Z,NA-Central,DIST-GREATLAKES-SUPPLY,PRODUCT_QUALITY,MEDIUM,Routine inquiry / order status check for DIST-GREATLAKES-SUPPLY,Standard operational correspondence regarding order fulfillment tracking and invoice reconciliation.,0.23
ZD-TK-1478,2025-09-17T14:07:00Z,NA-West,DIST-MOUNTAIN-PARTS,PRICE_DISPUTE,MEDIUM,Routine inquiry / order status check for DIST-MOUNTAIN-PARTS,Standard operational correspondence regarding order fulfillment tracking and invoice reconciliation.,0.2
ZD-TK-1479,2025-09-17T09:29:00Z,NA-West,DIST-MOUNTAIN-PARTS,FULFILLMENT_DELAY,LOW,Routine inquiry / order status check for DIST-MOUNTAIN-PARTS,Standard operational correspondence regarding order fulfillment tracking and invoice reconciliation.,0.26
ZD-TK-1480,2025-09-18T14:56:00Z,NA-East,DIST-SUNBELT-PARTS,PRODUCT_QUALITY,LOW,Routine inquiry / order status check for DIST-SUNBELT-PARTS,Standard operational correspondence regarding order fulfillment tracking and invoice reconciliation.,0.26
ZD-TK-1481,2025-09-18T11:22:00Z,NA-Central,DIST-TEXAS-COMMERCIAL,PRODUCT_QUALITY,MEDIUM,Routine inquiry / order status check for DIST-TEXAS-COMMERCIAL,Standard operational correspondence regarding order fulfillment tracking and invoice reconciliation.,-0.15
ZD-TK-1482,2025-09-18T15:45:00Z,NA-West,DIST-CAL-ENTERPRISE,FULFILLMENT_DELAY,MEDIUM,Routine inquiry / order status check for DIST-CAL-ENTERPRISE,Standard operational correspondence regarding order fulfillment tracking and invoice reconciliation.,-0.32
ZD-TK-1483,2025-09-18T09:57:00Z,NA-West,DIST-PACIFIC-LOGISTICS,PRODUCT_QUALITY,MEDIUM,Routine inquiry / order status check for DIST-PACIFIC-LOGISTICS,Standard operational correspondence regarding order fulfillment tracking and invoice reconciliation.,-0.21
ZD-TK-1484,2025-09-18T10:56:00Z,NA-West,DIST-CAL-ENTERPRISE,PRODUCT_QUALITY,MEDIUM,Routine inquiry / order status check for DIST-CAL-ENTERPRISE,Standard operational correspondence regarding order fulfillment tracking and invoice reconciliation.,0.1
ZD-TK-1485,2025-09-19T12:36:00Z,NA-East,DIST-EMPIRE-IND,PRODUCT_QUALITY,MEDIUM,Routine inquiry / order status check for DIST-EMPIRE-IND,Standard operational correspondence regarding order fulfillment tracking and invoice reconciliation.,0.13
ZD-TK-1486,2025-09-19T15:49:00Z,NA-East,DIST-EMPIRE-IND,PRICE_DISPUTE,LOW,Routine inquiry / order status check for DIST-EMPIRE-IND,Standard operational correspondence regarding order fulfillment tracking and invoice reconciliation.,-0.26
ZD-TK-1487,2025-09-19T13:48:00Z,NA-East,DIST-APEX-EAST,PRODUCT_QUALITY,MEDIUM,Routine inquiry / order status check for DIST-APEX-EAST,Standard operational correspondence regarding order fulfillment tracking and invoice reconciliation.,0.33
ZD-TK-1488,2025-09-19T12:04:00Z,NA-Central,DIST-GREATLAKES-SUPPLY,FULFILLMENT_DELAY,MEDIUM,Routine inquiry / order status check for DIST-GREATLAKES-SUPPLY,Standard operational correspondence regarding order fulfillment tracking and invoice reconciliation.,0.28
ZD-TK-1489,2025-09-19T11:56:00Z,NA-Central,DIST-TEXAS-COMMERCIAL,PRICE_DISPUTE,LOW,Routine inquiry / order status check for DIST-TEXAS-COMMERCIAL,Standard operational correspondence regarding order fulfillment tracking and invoice reconciliation.,0.19
ZD-TK-1490,2025-09-19T09:56:00Z,NA-Central,DIST-TEXAS-COMMERCIAL,PRODUCT_QUALITY,LOW,Routine inquiry / order status check for DIST-TEXAS-COMMERCIAL,Standard operational correspondence regarding order fulfillment tracking and invoice reconciliation.,-0.29
ZD-TK-1491,2025-09-19T16:56:00Z,NA-West,DIST-MOUNTAIN-PARTS,FULFILLMENT_DELAY,LOW,Routine inquiry / order status check for DIST-MOUNTAIN-PARTS,Standard operational correspondence regarding order fulfillment tracking and invoice reconciliation.,0.08
ZD-TK-1492,2025-09-19T10:51:00Z,NA-West,DIST-PACIFIC-LOGISTICS,FULFILLMENT_DELAY,MEDIUM,Routine inquiry / order status check for DIST-PACIFIC-LOGISTICS,Standard operational correspondence regarding order fulfillment tracking and invoice reconciliation.,-0.1
ZD-TK-1493,2025-09-19T14:19:00Z,NA-West,DIST-CAL-ENTERPRISE,FULFILLMENT_DELAY,MEDIUM,Routine inquiry / order status check for DIST-CAL-ENTERPRISE,Standard operational correspondence regarding order fulfillment tracking and invoice reconciliation.,-0.29
ZD-TK-1494,2025-09-20T17:51:00Z,NA-East,DIST-EMPIRE-IND,PRICE_DISPUTE,LOW,Routine inquiry / order status check for DIST-EMPIRE-IND,Standard operational correspondence regarding order fulfillment tracking and invoice reconciliation.,0.14
ZD-TK-1495,2025-09-20T14:39:00Z,NA-East,DIST-SUNBELT-PARTS,PRICE_DISPUTE,MEDIUM,Routine inquiry / order status check for DIST-SUNBELT-PARTS,Standard operational correspondence regarding order fulfillment tracking and invoice reconciliation.,-0.26
ZD-TK-1496,2025-09-20T13:03:00Z,NA-East,DIST-EMPIRE-IND,FULFILLMENT_DELAY,MEDIUM,Routine inquiry / order status check for DIST-EMPIRE-IND,Standard operational correspondence regarding order fulfillment tracking and invoice reconciliation.,-0.17
ZD-TK-1497,2025-09-20T15:23:00Z,NA-Central,DIST-TEXAS-COMMERCIAL,PRICE_DISPUTE,LOW,Routine inquiry / order status check for DIST-TEXAS-COMMERCIAL,Standard operational correspondence regarding order fulfillment tracking and invoice reconciliation.,0.14
ZD-TK-1498,2025-09-20T10:04:00Z,NA-West,DIST-MOUNTAIN-PARTS,FULFILLMENT_DELAY,LOW,Routine inquiry / order status check for DIST-MOUNTAIN-PARTS,Standard operational correspondence regarding order fulfillment tracking and invoice reconciliation.,0.13
ZD-TK-1499,2025-09-21T12:13:00Z,NA-East,DIST-APEX-EAST,PRICE_DISPUTE,MEDIUM,Routine inquiry / order status check for DIST-APEX-EAST,Standard operational correspondence regarding order fulfillment tracking and invoice reconciliation.,0.29
ZD-TK-1500,2025-09-21T16:17:00Z,NA-Central,DIST-MIDWEST-DIRECT,PRICE_DISPUTE,MEDIUM,Routine inquiry / order status check for DIST-MIDWEST-DIRECT,Standard operational correspondence regarding order fulfillment tracking and invoice reconciliation.,0.24
ZD-TK-1501,2025-09-21T08:42:00Z,NA-West,DIST-CAL-ENTERPRISE,PRODUCT_QUALITY,MEDIUM,Routine inquiry / order status check for DIST-CAL-ENTERPRISE,Standard operational correspondence regarding order fulfillment tracking and invoice reconciliation.,-0.31
ZD-TK-1502,2025-09-22T11:06:00Z,NA-East,DIST-EMPIRE-IND,PRICE_DISPUTE,MEDIUM,Routine inquiry / order status check for DIST-EMPIRE-IND,Standard operational correspondence regarding order fulfillment tracking and invoice reconciliation.,0.22
ZD-TK-1503,2025-09-22T11:33:00Z,NA-Central,DIST-GREATLAKES-SUPPLY,FULFILLMENT_DELAY,MEDIUM,Routine inquiry / order status check for DIST-GREATLAKES-SUPPLY,Standard operational correspondence regarding order fulfillment tracking and invoice reconciliation.,-0.16
ZD-TK-1504,2025-09-22T14:27:00Z,NA-West,DIST-PACIFIC-LOGISTICS,PRICE_DISPUTE,MEDIUM,Routine inquiry / order status check for DIST-PACIFIC-LOGISTICS,Standard operational correspondence regarding order fulfillment tracking and invoice reconciliation.,0.24
ZD-TK-1505,2025-09-23T13:27:00Z,NA-East,DIST-APEX-EAST,FULFILLMENT_DELAY,LOW,Routine inquiry / order status check for DIST-APEX-EAST,Standard operational correspondence regarding order fulfillment tracking and invoice reconciliation.,0.13
ZD-TK-1506,2025-09-23T11:39:00Z,NA-Central,DIST-MIDWEST-DIRECT,PRICE_DISPUTE,LOW,Routine inquiry / order status check for DIST-MIDWEST-DIRECT,Standard operational correspondence regarding order fulfillment tracking and invoice reconciliation.,0.26
ZD-TK-1507,2025-09-23T08:52:00Z,NA-West,DIST-PACIFIC-LOGISTICS,PRICE_DISPUTE,LOW,Routine inquiry / order status check for DIST-PACIFIC-LOGISTICS,Standard operational correspondence regarding order fulfillment tracking and invoice reconciliation.,-0.17
ZD-TK-1508,2025-09-23T12:07:00Z,NA-West,DIST-CAL-ENTERPRISE,PRICE_DISPUTE,MEDIUM,Routine inquiry / order status check for DIST-CAL-ENTERPRISE,Standard operational correspondence regarding order fulfillment tracking and invoice reconciliation.,0.18
ZD-TK-1509,2025-09-23T09:26:00Z,NA-West,DIST-CAL-ENTERPRISE,PRICE_DISPUTE,MEDIUM,Routine inquiry / order status check for DIST-CAL-ENTERPRISE,Standard operational correspondence regarding order fulfillment tracking and invoice reconciliation.,-0.04
ZD-TK-1510,2025-09-24T09:21:00Z,NA-East,DIST-EMPIRE-IND,PRICE_DISPUTE,MEDIUM,Routine inquiry / order status check for DIST-EMPIRE-IND,Standard operational correspondence regarding order fulfillment tracking and invoice reconciliation.,-0.19
ZD-TK-1511,2025-09-24T08:12:00Z,NA-East,DIST-SUNBELT-PARTS,FULFILLMENT_DELAY,MEDIUM,Routine inquiry / order status check for DIST-SUNBELT-PARTS,Standard operational correspondence regarding order fulfillment tracking and invoice reconciliation.,-0.26
ZD-TK-1512,2025-09-24T15:23:00Z,NA-Central,DIST-MIDWEST-DIRECT,PRICE_DISPUTE,LOW,Routine inquiry / order status check for DIST-MIDWEST-DIRECT,Standard operational correspondence regarding order fulfillment tracking and invoice reconciliation.,-0.22
ZD-TK-1513,2025-09-24T15:03:00Z,NA-West,DIST-PACIFIC-LOGISTICS,PRODUCT_QUALITY,MEDIUM,Routine inquiry / order status check for DIST-PACIFIC-LOGISTICS,Standard operational correspondence regarding order fulfillment tracking and invoice reconciliation.,-0.03
ZD-TK-1514,2025-09-25T17:41:00Z,NA-East,DIST-EMPIRE-IND,PRICE_DISPUTE,MEDIUM,Routine inquiry / order status check for DIST-EMPIRE-IND,Standard operational correspondence regarding order fulfillment tracking and invoice reconciliation.,-0.32
ZD-TK-1515,2025-09-25T15:37:00Z,NA-Central,DIST-MIDWEST-DIRECT,FULFILLMENT_DELAY,MEDIUM,Routine inquiry / order status check for DIST-MIDWEST-DIRECT,Standard operational correspondence regarding order fulfillment tracking and invoice reconciliation.,0.27
ZD-TK-1516,2025-09-25T08:56:00Z,NA-Central,DIST-TEXAS-COMMERCIAL,PRICE_DISPUTE,LOW,Routine inquiry / order status check for DIST-TEXAS-COMMERCIAL,Standard operational correspondence regarding order fulfillment tracking and invoice reconciliation.,0.28
ZD-TK-1517,2025-09-25T13:17:00Z,NA-West,DIST-CAL-ENTERPRISE,FULFILLMENT_DELAY,LOW,Routine inquiry / order status check for DIST-CAL-ENTERPRISE,Standard operational correspondence regarding order fulfillment tracking and invoice reconciliation.,0.25
ZD-TK-1518,2025-09-26T16:03:00Z,NA-East,DIST-TRI-STATE-OPS,PRODUCT_QUALITY,LOW,Routine inquiry / order status check for DIST-TRI-STATE-OPS,Standard operational correspondence regarding order fulfillment tracking and invoice reconciliation.,-0.0
ZD-TK-1519,2025-09-26T16:11:00Z,NA-East,DIST-COASTAL-WHOLESALE,PRODUCT_QUALITY,LOW,Routine inquiry / order status check for DIST-COASTAL-WHOLESALE,Standard operational correspondence regarding order fulfillment tracking and invoice reconciliation.,-0.26
ZD-TK-1520,2025-09-26T17:22:00Z,NA-Central,DIST-TEXAS-COMMERCIAL,PRODUCT_QUALITY,MEDIUM,Routine inquiry / order status check for DIST-TEXAS-COMMERCIAL,Standard operational correspondence regarding order fulfillment tracking and invoice reconciliation.,-0.25
ZD-TK-1521,2025-09-26T17:21:00Z,NA-West,DIST-MOUNTAIN-PARTS,PRODUCT_QUALITY,MEDIUM,Routine inquiry / order status check for DIST-MOUNTAIN-PARTS,Standard operational correspondence regarding order fulfillment tracking and invoice reconciliation.,-0.31
ZD-TK-1522,2025-09-27T15:43:00Z,NA-East,DIST-COASTAL-WHOLESALE,PRICE_DISPUTE,MEDIUM,Routine inquiry / order status check for DIST-COASTAL-WHOLESALE,Standard operational correspondence regarding order fulfillment tracking and invoice reconciliation.,-0.34
ZD-TK-1523,2025-09-27T11:18:00Z,NA-East,DIST-TRI-STATE-OPS,PRODUCT_QUALITY,LOW,Routine inquiry / order status check for DIST-TRI-STATE-OPS,Standard operational correspondence regarding order fulfillment tracking and invoice reconciliation.,0.16
ZD-TK-1524,2025-09-27T13:45:00Z,NA-East,DIST-APEX-EAST,PRODUCT_QUALITY,LOW,Routine inquiry / order status check for DIST-APEX-EAST,Standard operational correspondence regarding order fulfillment tracking and invoice reconciliation.,0.1
ZD-TK-1525,2025-09-27T08:48:00Z,NA-Central,DIST-MIDWEST-DIRECT,FULFILLMENT_DELAY,MEDIUM,Routine inquiry / order status check for DIST-MIDWEST-DIRECT,Standard operational correspondence regarding order fulfillment tracking and invoice reconciliation.,0.14
ZD-TK-1526,2025-09-27T08:12:00Z,NA-West,DIST-CAL-ENTERPRISE,PRICE_DISPUTE,MEDIUM,Routine inquiry / order status check for DIST-CAL-ENTERPRISE,Standard operational correspondence regarding order fulfillment tracking and invoice reconciliation.,0.26
ZD-TK-1527,2025-09-27T15:34:00Z,NA-West,DIST-PACIFIC-LOGISTICS,PRODUCT_QUALITY,LOW,Routine inquiry / order status check for DIST-PACIFIC-LOGISTICS,Standard operational correspondence regarding order fulfillment tracking and invoice reconciliation.,-0.08
ZD-TK-1528,2025-09-27T12:24:00Z,NA-West,DIST-MOUNTAIN-PARTS,PRICE_DISPUTE,LOW,Routine inquiry / order status check for DIST-MOUNTAIN-PARTS,Standard operational correspondence regarding order fulfillment tracking and invoice reconciliation.,0.22
ZD-TK-1529,2025-09-28T09:48:00Z,NA-East,DIST-MIDATL-SUPPLY,PRODUCT_QUALITY,MEDIUM,Routine inquiry / order status check for DIST-MIDATL-SUPPLY,Standard operational correspondence regarding order fulfillment tracking and invoice reconciliation.,0.23
ZD-TK-1530,2025-09-28T09:05:00Z,NA-East,DIST-EMPIRE-IND,PRODUCT_QUALITY,MEDIUM,Routine inquiry / order status check for DIST-EMPIRE-IND,Standard operational correspondence regarding order fulfillment tracking and invoice reconciliation.,0.26
ZD-TK-1531,2025-09-28T09:39:00Z,NA-East,DIST-MIDATL-SUPPLY,PRICE_DISPUTE,MEDIUM,Routine inquiry / order status check for DIST-MIDATL-SUPPLY,Standard operational correspondence regarding order fulfillment tracking and invoice reconciliation.,0.33
ZD-TK-1532,2025-09-28T16:08:00Z,NA-Central,DIST-TEXAS-COMMERCIAL,PRICE_DISPUTE,LOW,Routine inquiry / order status check for DIST-TEXAS-COMMERCIAL,Standard operational correspondence regarding order fulfillment tracking and invoice reconciliation.,0.13
ZD-TK-1533,2025-09-28T08:49:00Z,NA-Central,DIST-TEXAS-COMMERCIAL,FULFILLMENT_DELAY,MEDIUM,Routine inquiry / order status check for DIST-TEXAS-COMMERCIAL,Standard operational correspondence regarding order fulfillment tracking and invoice reconciliation.,-0.0
ZD-TK-1534,2025-09-28T11:10:00Z,NA-West,DIST-CAL-ENTERPRISE,PRICE_DISPUTE,LOW,Routine inquiry / order status check for DIST-CAL-ENTERPRISE,Standard operational correspondence regarding order fulfillment tracking and invoice reconciliation.,-0.26
ZD-TK-1535,2025-09-28T10:22:00Z,NA-West,DIST-CAL-ENTERPRISE,PRODUCT_QUALITY,LOW,Routine inquiry / order status check for DIST-CAL-ENTERPRISE,Standard operational correspondence regarding order fulfillment tracking and invoice reconciliation.,0.08
ZD-TK-1536,2025-09-28T15:07:00Z,NA-West,DIST-MOUNTAIN-PARTS,PRODUCT_QUALITY,MEDIUM,Routine inquiry / order status check for DIST-MOUNTAIN-PARTS,Standard operational correspondence regarding order fulfillment tracking and invoice reconciliation.,0.14
ZD-TK-1537,2025-09-29T12:21:00Z,NA-East,DIST-APEX-EAST,PRODUCT_QUALITY,MEDIUM,Routine inquiry / order status check for DIST-APEX-EAST,Standard operational correspondence regarding order fulfillment tracking and invoice reconciliation.,0.2
ZD-TK-1538,2025-09-29T08:53:00Z,NA-East,DIST-EMPIRE-IND,PRICE_DISPUTE,LOW,Routine inquiry / order status check for DIST-EMPIRE-IND,Standard operational correspondence regarding order fulfillment tracking and invoice reconciliation.,0.34
ZD-TK-1539,2025-09-29T14:26:00Z,NA-Central,DIST-MIDWEST-DIRECT,PRICE_DISPUTE,MEDIUM,Routine inquiry / order status check for DIST-MIDWEST-DIRECT,Standard operational correspondence regarding order fulfillment tracking and invoice reconciliation.,-0.18
ZD-TK-1540,2025-09-29T17:42:00Z,NA-Central,DIST-MIDWEST-DIRECT,FULFILLMENT_DELAY,MEDIUM,Routine inquiry / order status check for DIST-MIDWEST-DIRECT,Standard operational correspondence regarding order fulfillment tracking and invoice reconciliation.,0.25
ZD-TK-1541,2025-09-29T13:13:00Z,NA-West,DIST-CAL-ENTERPRISE,PRICE_DISPUTE,MEDIUM,Routine inquiry / order status check for DIST-CAL-ENTERPRISE,Standard operational correspondence regarding order fulfillment tracking and invoice reconciliation.,-0.12
ZD-TK-1542,2025-09-29T15:22:00Z,NA-West,DIST-PACIFIC-LOGISTICS,PRODUCT_QUALITY,MEDIUM,Routine inquiry / order status check for DIST-PACIFIC-LOGISTICS,Standard operational correspondence regarding order fulfillment tracking and invoice reconciliation.,-0.07
ZD-TK-1543,2025-09-29T10:24:00Z,NA-West,DIST-MOUNTAIN-PARTS,PRODUCT_QUALITY,LOW,Routine inquiry / order status check for DIST-MOUNTAIN-PARTS,Standard operational correspondence regarding order fulfillment tracking and invoice reconciliation.,-0.34
ZD-TK-1544,2025-09-30T16:06:00Z,NA-East,DIST-MIDATL-SUPPLY,PRICE_DISPUTE,MEDIUM,Routine inquiry / order status check for DIST-MIDATL-SUPPLY,Standard operational correspondence regarding order fulfillment tracking and invoice reconciliation.,0.31
ZD-TK-1545,2025-09-30T11:14:00Z,NA-East,DIST-SUNBELT-PARTS,FULFILLMENT_DELAY,MEDIUM,Routine inquiry / order status check for DIST-SUNBELT-PARTS,Standard operational correspondence regarding order fulfillment tracking and invoice reconciliation.,-0.31
ZD-TK-1546,2025-09-30T08:37:00Z,NA-East,DIST-APEX-EAST,PRICE_DISPUTE,LOW,Routine inquiry / order status check for DIST-APEX-EAST,Standard operational correspondence regarding order fulfillment tracking and invoice reconciliation.,-0.26
ZD-TK-1547,2025-09-30T08:02:00Z,NA-Central,DIST-MIDWEST-DIRECT,FULFILLMENT_DELAY,MEDIUM,Routine inquiry / order status check for DIST-MIDWEST-DIRECT,Standard operational correspondence regarding order fulfillment tracking and invoice reconciliation.,0.0
ZD-TK-1548,2025-09-30T14:17:00Z,NA-West,DIST-MOUNTAIN-PARTS,FULFILLMENT_DELAY,LOW,Routine inquiry / order status check for DIST-MOUNTAIN-PARTS,Standard operational correspondence regarding order fulfillment tracking and invoice reconciliation.,-0.32
ZD-TK-1549,2025-09-30T16:40:00Z,NA-West,DIST-PACIFIC-LOGISTICS,PRICE_DISPUTE,MEDIUM,Routine inquiry / order status check for DIST-PACIFIC-LOGISTICS,Standard operational correspondence regarding order fulfillment tracking and invoice reconciliation.,-0.26
ZD-TK-1550,2025-10-01T16:07:00Z,NA-East,DIST-SUNBELT-PARTS,FULFILLMENT_DELAY,LOW,Routine inquiry / order status check for DIST-SUNBELT-PARTS,Standard operational correspondence regarding order fulfillment tracking and invoice reconciliation.,-0.04
ZD-TK-1551,2025-10-01T08:11:00Z,NA-East,DIST-SUNBELT-PARTS,PRICE_DISPUTE,MEDIUM,Routine inquiry / order status check for DIST-SUNBELT-PARTS,Standard operational correspondence regarding order fulfillment tracking and invoice reconciliation.,-0.09
ZD-TK-1552,2025-10-01T13:53:00Z,NA-East,DIST-TRI-STATE-OPS,PRICE_DISPUTE,MEDIUM,Routine inquiry / order status check for DIST-TRI-STATE-OPS,Standard operational correspondence regarding order fulfillment tracking and invoice reconciliation.,0.06
ZD-TK-1553,2025-10-01T16:24:00Z,NA-Central,DIST-MIDWEST-DIRECT,FULFILLMENT_DELAY,MEDIUM,Routine inquiry / order status check for DIST-MIDWEST-DIRECT,Standard operational correspondence regarding order fulfillment tracking and invoice reconciliation.,-0.26
ZD-TK-1554,2025-10-01T12:27:00Z,NA-Central,DIST-GREATLAKES-SUPPLY,PRICE_DISPUTE,LOW,Routine inquiry / order status check for DIST-GREATLAKES-SUPPLY,Standard operational correspondence regarding order fulfillment tracking and invoice reconciliation.,0.12
ZD-TK-1555,2025-10-01T15:19:00Z,NA-Central,DIST-TEXAS-COMMERCIAL,PRICE_DISPUTE,MEDIUM,Routine inquiry / order status check for DIST-TEXAS-COMMERCIAL,Standard operational correspondence regarding order fulfillment tracking and invoice reconciliation.,0.35
ZD-TK-1556,2025-10-01T08:49:00Z,NA-West,DIST-CAL-ENTERPRISE,PRICE_DISPUTE,MEDIUM,Routine inquiry / order status check for DIST-CAL-ENTERPRISE,Standard operational correspondence regarding order fulfillment tracking and invoice reconciliation.,0.27
ZD-TK-1557,2025-10-01T15:19:00Z,NA-West,DIST-MOUNTAIN-PARTS,PRICE_DISPUTE,MEDIUM,Routine inquiry / order status check for DIST-MOUNTAIN-PARTS,Standard operational correspondence regarding order fulfillment tracking and invoice reconciliation.,0.19
ZD-TK-1558,2025-10-02T10:00:00Z,NA-East,DIST-TRI-STATE-OPS,PRODUCT_QUALITY,MEDIUM,Routine inquiry / order status check for DIST-TRI-STATE-OPS,Standard operational correspondence regarding order fulfillment tracking and invoice reconciliation.,0.1
ZD-TK-1559,2025-10-02T12:32:00Z,NA-Central,DIST-TEXAS-COMMERCIAL,FULFILLMENT_DELAY,MEDIUM,Routine inquiry / order status check for DIST-TEXAS-COMMERCIAL,Standard operational correspondence regarding order fulfillment tracking and invoice reconciliation.,0.24
ZD-TK-1560,2025-10-02T16:43:00Z,NA-West,DIST-MOUNTAIN-PARTS,PRODUCT_QUALITY,MEDIUM,Routine inquiry / order status check for DIST-MOUNTAIN-PARTS,Standard operational correspondence regarding order fulfillment tracking and invoice reconciliation.,-0.29
ZD-TK-1561,2025-10-03T09:15:00Z,NA-East,DIST-COASTAL-WHOLESALE,PRODUCT_QUALITY,LOW,Routine inquiry / order status check for DIST-COASTAL-WHOLESALE,Standard operational correspondence regarding order fulfillment tracking and invoice reconciliation.,0.07
ZD-TK-1562,2025-10-03T16:55:00Z,NA-East,DIST-APEX-EAST,FULFILLMENT_DELAY,LOW,Routine inquiry / order status check for DIST-APEX-EAST,Standard operational correspondence regarding order fulfillment tracking and invoice reconciliation.,-0.18
ZD-TK-1563,2025-10-03T10:43:00Z,NA-Central,DIST-MIDWEST-DIRECT,PRODUCT_QUALITY,LOW,Routine inquiry / order status check for DIST-MIDWEST-DIRECT,Standard operational correspondence regarding order fulfillment tracking and invoice reconciliation.,0.01
ZD-TK-1564,2025-10-03T16:37:00Z,NA-West,DIST-PACIFIC-LOGISTICS,FULFILLMENT_DELAY,LOW,Routine inquiry / order status check for DIST-PACIFIC-LOGISTICS,Standard operational correspondence regarding order fulfillment tracking and invoice reconciliation.,-0.3
ZD-TK-1565,2025-10-04T08:51:00Z,NA-East,DIST-APEX-EAST,FULFILLMENT_DELAY,MEDIUM,Routine inquiry / order status check for DIST-APEX-EAST,Standard operational correspondence regarding order fulfillment tracking and invoice reconciliation.,-0.17
ZD-TK-1566,2025-10-04T16:49:00Z,NA-East,DIST-COASTAL-WHOLESALE,PRICE_DISPUTE,MEDIUM,Routine inquiry / order status check for DIST-COASTAL-WHOLESALE,Standard operational correspondence regarding order fulfillment tracking and invoice reconciliation.,0.27
ZD-TK-1567,2025-10-04T09:32:00Z,NA-Central,DIST-MIDWEST-DIRECT,PRICE_DISPUTE,MEDIUM,Routine inquiry / order status check for DIST-MIDWEST-DIRECT,Standard operational correspondence regarding order fulfillment tracking and invoice reconciliation.,-0.07
ZD-TK-1568,2025-10-04T10:23:00Z,NA-Central,DIST-GREATLAKES-SUPPLY,PRICE_DISPUTE,MEDIUM,Routine inquiry / order status check for DIST-GREATLAKES-SUPPLY,Standard operational correspondence regarding order fulfillment tracking and invoice reconciliation.,-0.14
ZD-TK-1569,2025-10-04T09:00:00Z,NA-Central,DIST-MIDWEST-DIRECT,FULFILLMENT_DELAY,MEDIUM,Routine inquiry / order status check for DIST-MIDWEST-DIRECT,Standard operational correspondence regarding order fulfillment tracking and invoice reconciliation.,0.06
ZD-TK-1570,2025-10-04T09:22:00Z,NA-West,DIST-MOUNTAIN-PARTS,PRODUCT_QUALITY,MEDIUM,Routine inquiry / order status check for DIST-MOUNTAIN-PARTS,Standard operational correspondence regarding order fulfillment tracking and invoice reconciliation.,-0.23
ZD-TK-1571,2025-10-04T17:32:00Z,NA-West,DIST-PACIFIC-LOGISTICS,PRICE_DISPUTE,MEDIUM,Routine inquiry / order status check for DIST-PACIFIC-LOGISTICS,Standard operational correspondence regarding order fulfillment tracking and invoice reconciliation.,0.07
ZD-TK-1572,2025-10-04T12:23:00Z,NA-West,DIST-CAL-ENTERPRISE,FULFILLMENT_DELAY,MEDIUM,Routine inquiry / order status check for DIST-CAL-ENTERPRISE,Standard operational correspondence regarding order fulfillment tracking and invoice reconciliation.,0.04
ZD-TK-1573,2025-10-05T15:24:00Z,NA-East,DIST-MIDATL-SUPPLY,PRICE_DISPUTE,MEDIUM,Routine inquiry / order status check for DIST-MIDATL-SUPPLY,Standard operational correspondence regarding order fulfillment tracking and invoice reconciliation.,0.13
ZD-TK-1574,2025-10-05T12:22:00Z,NA-Central,DIST-TEXAS-COMMERCIAL,FULFILLMENT_DELAY,LOW,Routine inquiry / order status check for DIST-TEXAS-COMMERCIAL,Standard operational correspondence regarding order fulfillment tracking and invoice reconciliation.,0.33
ZD-TK-1575,2025-10-05T09:04:00Z,NA-West,DIST-PACIFIC-LOGISTICS,PRODUCT_QUALITY,LOW,Routine inquiry / order status check for DIST-PACIFIC-LOGISTICS,Standard operational correspondence regarding order fulfillment tracking and invoice reconciliation.,0.29
ZD-TK-1576,2025-10-05T17:21:00Z,NA-West,DIST-CAL-ENTERPRISE,PRICE_DISPUTE,LOW,Routine inquiry / order status check for DIST-CAL-ENTERPRISE,Standard operational correspondence regarding order fulfillment tracking and invoice reconciliation.,0.35
ZD-TK-1577,2025-10-06T13:36:00Z,NA-East,DIST-APEX-EAST,PRODUCT_QUALITY,MEDIUM,Routine inquiry / order status check for DIST-APEX-EAST,Standard operational correspondence regarding order fulfillment tracking and invoice reconciliation.,-0.26
ZD-TK-1578,2025-10-06T08:35:00Z,NA-East,DIST-APEX-EAST,PRICE_DISPUTE,MEDIUM,Routine inquiry / order status check for DIST-APEX-EAST,Standard operational correspondence regarding order fulfillment tracking and invoice reconciliation.,-0.33
ZD-TK-1579,2025-10-06T12:28:00Z,NA-East,DIST-EMPIRE-IND,PRICE_DISPUTE,LOW,Routine inquiry / order status check for DIST-EMPIRE-IND,Standard operational correspondence regarding order fulfillment tracking and invoice reconciliation.,0.31
ZD-TK-1580,2025-10-06T10:41:00Z,NA-Central,DIST-TEXAS-COMMERCIAL,PRODUCT_QUALITY,MEDIUM,Routine inquiry / order status check for DIST-TEXAS-COMMERCIAL,Standard operational correspondence regarding order fulfillment tracking and invoice reconciliation.,-0.18
ZD-TK-1581,2025-10-06T08:22:00Z,NA-Central,DIST-TEXAS-COMMERCIAL,PRICE_DISPUTE,MEDIUM,Routine inquiry / order status check for DIST-TEXAS-COMMERCIAL,Standard operational correspondence regarding order fulfillment tracking and invoice reconciliation.,0.26
ZD-TK-1582,2025-10-06T16:16:00Z,NA-Central,DIST-TEXAS-COMMERCIAL,PRODUCT_QUALITY,MEDIUM,Routine inquiry / order status check for DIST-TEXAS-COMMERCIAL,Standard operational correspondence regarding order fulfillment tracking and invoice reconciliation.,-0.21
ZD-TK-1583,2025-10-06T10:05:00Z,NA-West,DIST-CAL-ENTERPRISE,FULFILLMENT_DELAY,MEDIUM,Routine inquiry / order status check for DIST-CAL-ENTERPRISE,Standard operational correspondence regarding order fulfillment tracking and invoice reconciliation.,-0.09
ZD-TK-1584,2025-10-06T17:31:00Z,NA-West,DIST-CAL-ENTERPRISE,PRODUCT_QUALITY,MEDIUM,Routine inquiry / order status check for DIST-CAL-ENTERPRISE,Standard operational correspondence regarding order fulfillment tracking and invoice reconciliation.,-0.21
ZD-TK-1585,2025-10-06T11:01:00Z,NA-West,DIST-PACIFIC-LOGISTICS,PRICE_DISPUTE,MEDIUM,Routine inquiry / order status check for DIST-PACIFIC-LOGISTICS,Standard operational correspondence regarding order fulfillment tracking and invoice reconciliation.,-0.2
ZD-TK-1586,2025-10-07T09:01:00Z,NA-East,DIST-SUNBELT-PARTS,PRODUCT_QUALITY,MEDIUM,Routine inquiry / order status check for DIST-SUNBELT-PARTS,Standard operational correspondence regarding order fulfillment tracking and invoice reconciliation.,-0.02
ZD-TK-1587,2025-10-07T16:59:00Z,NA-East,DIST-COASTAL-WHOLESALE,PRODUCT_QUALITY,MEDIUM,Routine inquiry / order status check for DIST-COASTAL-WHOLESALE,Standard operational correspondence regarding order fulfillment tracking and invoice reconciliation.,-0.34
ZD-TK-1588,2025-10-07T12:32:00Z,NA-East,DIST-TRI-STATE-OPS,PRICE_DISPUTE,LOW,Routine inquiry / order status check for DIST-TRI-STATE-OPS,Standard operational correspondence regarding order fulfillment tracking and invoice reconciliation.,0.33
ZD-TK-1589,2025-10-07T14:56:00Z,NA-Central,DIST-TEXAS-COMMERCIAL,PRICE_DISPUTE,LOW,Routine inquiry / order status check for DIST-TEXAS-COMMERCIAL,Standard operational correspondence regarding order fulfillment tracking and invoice reconciliation.,0.29
ZD-TK-1590,2025-10-07T11:05:00Z,NA-West,DIST-MOUNTAIN-PARTS,PRODUCT_QUALITY,MEDIUM,Routine inquiry / order status check for DIST-MOUNTAIN-PARTS,Standard operational correspondence regarding order fulfillment tracking and invoice reconciliation.,0.08
ZD-TK-1591,2025-10-07T10:27:00Z,NA-West,DIST-MOUNTAIN-PARTS,FULFILLMENT_DELAY,MEDIUM,Routine inquiry / order status check for DIST-MOUNTAIN-PARTS,Standard operational correspondence regarding order fulfillment tracking and invoice reconciliation.,-0.35
ZD-TK-1592,2025-10-08T13:09:00Z,NA-East,DIST-EMPIRE-IND,PRICE_DISPUTE,MEDIUM,Routine inquiry / order status check for DIST-EMPIRE-IND,Standard operational correspondence regarding order fulfillment tracking and invoice reconciliation.,0.34
ZD-TK-1593,2025-10-08T12:17:00Z,NA-East,DIST-EMPIRE-IND,FULFILLMENT_DELAY,MEDIUM,Routine inquiry / order status check for DIST-EMPIRE-IND,Standard operational correspondence regarding order fulfillment tracking and invoice reconciliation.,0.26
ZD-TK-1594,2025-10-08T14:20:00Z,NA-Central,DIST-GREATLAKES-SUPPLY,PRICE_DISPUTE,LOW,Routine inquiry / order status check for DIST-GREATLAKES-SUPPLY,Standard operational correspondence regarding order fulfillment tracking and invoice reconciliation.,-0.16
ZD-TK-1595,2025-10-08T11:07:00Z,NA-Central,DIST-TEXAS-COMMERCIAL,PRODUCT_QUALITY,MEDIUM,Routine inquiry / order status check for DIST-TEXAS-COMMERCIAL,Standard operational correspondence regarding order fulfillment tracking and invoice reconciliation.,-0.05
ZD-TK-1596,2025-10-08T08:06:00Z,NA-Central,DIST-GREATLAKES-SUPPLY,FULFILLMENT_DELAY,LOW,Routine inquiry / order status check for DIST-GREATLAKES-SUPPLY,Standard operational correspondence regarding order fulfillment tracking and invoice reconciliation.,-0.18
ZD-TK-1597,2025-10-08T08:54:00Z,NA-West,DIST-CAL-ENTERPRISE,FULFILLMENT_DELAY,MEDIUM,Routine inquiry / order status check for DIST-CAL-ENTERPRISE,Standard operational correspondence regarding order fulfillment tracking and invoice reconciliation.,0.21
ZD-TK-1598,2025-10-08T16:17:00Z,NA-West,DIST-CAL-ENTERPRISE,FULFILLMENT_DELAY,MEDIUM,Routine inquiry / order status check for DIST-CAL-ENTERPRISE,Standard operational correspondence regarding order fulfillment tracking and invoice reconciliation.,-0.02
ZD-TK-1599,2025-10-08T13:19:00Z,NA-West,DIST-MOUNTAIN-PARTS,PRODUCT_QUALITY,MEDIUM,Routine inquiry / order status check for DIST-MOUNTAIN-PARTS,Standard operational correspondence regarding order fulfillment tracking and invoice reconciliation.,0.3
ZD-TK-1600,2025-10-09T08:13:00Z,NA-East,DIST-TRI-STATE-OPS,PRICE_DISPUTE,LOW,Routine inquiry / order status check for DIST-TRI-STATE-OPS,Standard operational correspondence regarding order fulfillment tracking and invoice reconciliation.,0.2
ZD-TK-1601,2025-10-09T11:51:00Z,NA-East,DIST-MIDATL-SUPPLY,PRICE_DISPUTE,LOW,Routine inquiry / order status check for DIST-MIDATL-SUPPLY,Standard operational correspondence regarding order fulfillment tracking and invoice reconciliation.,0.3
ZD-TK-1602,2025-10-09T11:55:00Z,NA-East,DIST-APEX-EAST,PRICE_DISPUTE,MEDIUM,Routine inquiry / order status check for DIST-APEX-EAST,Standard operational correspondence regarding order fulfillment tracking and invoice reconciliation.,-0.02
ZD-TK-1603,2025-10-09T13:13:00Z,NA-Central,DIST-GREATLAKES-SUPPLY,FULFILLMENT_DELAY,LOW,Routine inquiry / order status check for DIST-GREATLAKES-SUPPLY,Standard operational correspondence regarding order fulfillment tracking and invoice reconciliation.,0.22
ZD-TK-1604,2025-10-09T12:09:00Z,NA-West,DIST-CAL-ENTERPRISE,FULFILLMENT_DELAY,LOW,Routine inquiry / order status check for DIST-CAL-ENTERPRISE,Standard operational correspondence regarding order fulfillment tracking and invoice reconciliation.,-0.11
ZD-TK-1605,2025-10-09T09:47:00Z,NA-West,DIST-PACIFIC-LOGISTICS,PRODUCT_QUALITY,LOW,Routine inquiry / order status check for DIST-PACIFIC-LOGISTICS,Standard operational correspondence regarding order fulfillment tracking and invoice reconciliation.,0.13
ZD-TK-1606,2025-10-10T15:47:00Z,NA-East,DIST-APEX-EAST,PRICE_DISPUTE,MEDIUM,Routine inquiry / order status check for DIST-APEX-EAST,Standard operational correspondence regarding order fulfillment tracking and invoice reconciliation.,0.1
ZD-TK-1607,2025-10-10T17:21:00Z,NA-East,DIST-MIDATL-SUPPLY,PRICE_DISPUTE,LOW,Routine inquiry / order status check for DIST-MIDATL-SUPPLY,Standard operational correspondence regarding order fulfillment tracking and invoice reconciliation.,0.04
ZD-TK-1608,2025-10-10T11:05:00Z,NA-Central,DIST-GREATLAKES-SUPPLY,PRICE_DISPUTE,MEDIUM,Routine inquiry / order status check for DIST-GREATLAKES-SUPPLY,Standard operational correspondence regarding order fulfillment tracking and invoice reconciliation.,-0.01
ZD-TK-1609,2025-10-10T09:54:00Z,NA-West,DIST-CAL-ENTERPRISE,PRODUCT_QUALITY,MEDIUM,Routine inquiry / order status check for DIST-CAL-ENTERPRISE,Standard operational correspondence regarding order fulfillment tracking and invoice reconciliation.,-0.14
ZD-TK-1610,2025-10-10T12:49:00Z,NA-West,DIST-CAL-ENTERPRISE,FULFILLMENT_DELAY,MEDIUM,Routine inquiry / order status check for DIST-CAL-ENTERPRISE,Standard operational correspondence regarding order fulfillment tracking and invoice reconciliation.,-0.28
ZD-TK-1611,2025-10-11T11:27:00Z,NA-East,DIST-COASTAL-WHOLESALE,FULFILLMENT_DELAY,MEDIUM,Routine inquiry / order status check for DIST-COASTAL-WHOLESALE,Standard operational correspondence regarding order fulfillment tracking and invoice reconciliation.,0.3
ZD-TK-1612,2025-10-11T17:07:00Z,NA-Central,DIST-TEXAS-COMMERCIAL,FULFILLMENT_DELAY,MEDIUM,Routine inquiry / order status check for DIST-TEXAS-COMMERCIAL,Standard operational correspondence regarding order fulfillment tracking and invoice reconciliation.,0.08
ZD-TK-1613,2025-10-11T11:40:00Z,NA-Central,DIST-MIDWEST-DIRECT,PRICE_DISPUTE,MEDIUM,Routine inquiry / order status check for DIST-MIDWEST-DIRECT,Standard operational correspondence regarding order fulfillment tracking and invoice reconciliation.,0.26
ZD-TK-1614,2025-10-11T17:31:00Z,NA-West,DIST-CAL-ENTERPRISE,FULFILLMENT_DELAY,LOW,Routine inquiry / order status check for DIST-CAL-ENTERPRISE,Standard operational correspondence regarding order fulfillment tracking and invoice reconciliation.,0.28
ZD-TK-1615,2025-10-11T16:08:00Z,NA-West,DIST-PACIFIC-LOGISTICS,PRODUCT_QUALITY,MEDIUM,Routine inquiry / order status check for DIST-PACIFIC-LOGISTICS,Standard operational correspondence regarding order fulfillment tracking and invoice reconciliation.,-0.32
ZD-TK-1616,2025-10-11T11:59:00Z,NA-West,DIST-PACIFIC-LOGISTICS,PRICE_DISPUTE,LOW,Routine inquiry / order status check for DIST-PACIFIC-LOGISTICS,Standard operational correspondence regarding order fulfillment tracking and invoice reconciliation.,-0.24
ZD-TK-1617,2025-10-12T14:06:00Z,NA-East,DIST-TRI-STATE-OPS,PRODUCT_QUALITY,MEDIUM,Routine inquiry / order status check for DIST-TRI-STATE-OPS,Standard operational correspondence regarding order fulfillment tracking and invoice reconciliation.,-0.08
ZD-TK-1618,2025-10-12T09:50:00Z,NA-East,DIST-APEX-EAST,FULFILLMENT_DELAY,LOW,Routine inquiry / order status check for DIST-APEX-EAST,Standard operational correspondence regarding order fulfillment tracking and invoice reconciliation.,0.31
ZD-TK-1619,2025-10-12T15:15:00Z,NA-Central,DIST-MIDWEST-DIRECT,PRODUCT_QUALITY,LOW,Routine inquiry / order status check for DIST-MIDWEST-DIRECT,Standard operational correspondence regarding order fulfillment tracking and invoice reconciliation.,0.09
ZD-TK-1620,2025-10-12T11:44:00Z,NA-Central,DIST-MIDWEST-DIRECT,PRICE_DISPUTE,LOW,Routine inquiry / order status check for DIST-MIDWEST-DIRECT,Standard operational correspondence regarding order fulfillment tracking and invoice reconciliation.,-0.32
ZD-TK-1621,2025-10-12T15:23:00Z,NA-Central,DIST-GREATLAKES-SUPPLY,PRICE_DISPUTE,LOW,Routine inquiry / order status check for DIST-GREATLAKES-SUPPLY,Standard operational correspondence regarding order fulfillment tracking and invoice reconciliation.,0.04
ZD-TK-1622,2025-10-12T17:01:00Z,NA-West,DIST-PACIFIC-LOGISTICS,PRICE_DISPUTE,LOW,Routine inquiry / order status check for DIST-PACIFIC-LOGISTICS,Standard operational correspondence regarding order fulfillment tracking and invoice reconciliation.,-0.1
ZD-TK-1623,2025-10-12T10:07:00Z,NA-West,DIST-CAL-ENTERPRISE,PRICE_DISPUTE,MEDIUM,Routine inquiry / order status check for DIST-CAL-ENTERPRISE,Standard operational correspondence regarding order fulfillment tracking and invoice reconciliation.,-0.26
ZD-TK-1624,2025-10-12T10:13:00Z,NA-West,DIST-PACIFIC-LOGISTICS,PRICE_DISPUTE,LOW,Routine inquiry / order status check for DIST-PACIFIC-LOGISTICS,Standard operational correspondence regarding order fulfillment tracking and invoice reconciliation.,0.04
ZD-TK-1625,2025-10-13T10:09:00Z,NA-East,DIST-APEX-EAST,PRICE_DISPUTE,MEDIUM,Routine inquiry / order status check for DIST-APEX-EAST,Standard operational correspondence regarding order fulfillment tracking and invoice reconciliation.,-0.13
ZD-TK-1626,2025-10-13T11:53:00Z,NA-East,DIST-APEX-EAST,PRICE_DISPUTE,LOW,Routine inquiry / order status check for DIST-APEX-EAST,Standard operational correspondence regarding order fulfillment tracking and invoice reconciliation.,0.3
ZD-TK-1627,2025-10-13T08:52:00Z,NA-Central,DIST-GREATLAKES-SUPPLY,PRODUCT_QUALITY,MEDIUM,Routine inquiry / order status check for DIST-GREATLAKES-SUPPLY,Standard operational correspondence regarding order fulfillment tracking and invoice reconciliation.,-0.01
ZD-TK-1628,2025-10-13T08:27:00Z,NA-West,DIST-PACIFIC-LOGISTICS,FULFILLMENT_DELAY,LOW,Routine inquiry / order status check for DIST-PACIFIC-LOGISTICS,Standard operational correspondence regarding order fulfillment tracking and invoice reconciliation.,0.19
ZD-TK-1629,2025-10-14T15:38:00Z,NA-East,DIST-COASTAL-WHOLESALE,FULFILLMENT_DELAY,LOW,Routine inquiry / order status check for DIST-COASTAL-WHOLESALE,Standard operational correspondence regarding order fulfillment tracking and invoice reconciliation.,0.04
ZD-TK-1630,2025-10-14T17:35:00Z,NA-Central,DIST-MIDWEST-DIRECT,FULFILLMENT_DELAY,MEDIUM,Routine inquiry / order status check for DIST-MIDWEST-DIRECT,Standard operational correspondence regarding order fulfillment tracking and invoice reconciliation.,-0.14
ZD-TK-1631,2025-10-14T16:51:00Z,NA-Central,DIST-GREATLAKES-SUPPLY,PRICE_DISPUTE,MEDIUM,Routine inquiry / order status check for DIST-GREATLAKES-SUPPLY,Standard operational correspondence regarding order fulfillment tracking and invoice reconciliation.,0.26
ZD-TK-1632,2025-10-14T11:22:00Z,NA-Central,DIST-GREATLAKES-SUPPLY,FULFILLMENT_DELAY,LOW,Routine inquiry / order status check for DIST-GREATLAKES-SUPPLY,Standard operational correspondence regarding order fulfillment tracking and invoice reconciliation.,-0.35
ZD-TK-1633,2025-10-14T11:07:00Z,NA-West,DIST-PACIFIC-LOGISTICS,PRICE_DISPUTE,MEDIUM,Routine inquiry / order status check for DIST-PACIFIC-LOGISTICS,Standard operational correspondence regarding order fulfillment tracking and invoice reconciliation.,-0.33
ZD-TK-1634,2025-10-14T09:45:00Z,NA-West,DIST-CAL-ENTERPRISE,PRICE_DISPUTE,MEDIUM,Routine inquiry / order status check for DIST-CAL-ENTERPRISE,Standard operational correspondence regarding order fulfillment tracking and invoice reconciliation.,0.14
ZD-TK-1635,2025-10-15T17:08:00Z,NA-East,DIST-EMPIRE-IND,PRICE_DISPUTE,MEDIUM,Routine inquiry / order status check for DIST-EMPIRE-IND,Standard operational correspondence regarding order fulfillment tracking and invoice reconciliation.,-0.28
ZD-TK-1636,2025-10-15T15:16:00Z,NA-East,DIST-APEX-EAST,FULFILLMENT_DELAY,MEDIUM,Routine inquiry / order status check for DIST-APEX-EAST,Standard operational correspondence regarding order fulfillment tracking and invoice reconciliation.,0.23
ZD-TK-1637,2025-10-15T12:57:00Z,NA-East,DIST-TRI-STATE-OPS,PRODUCT_QUALITY,LOW,Routine inquiry / order status check for DIST-TRI-STATE-OPS,Standard operational correspondence regarding order fulfillment tracking and invoice reconciliation.,-0.15
ZD-TK-1638,2025-10-15T11:37:00Z,NA-Central,DIST-GREATLAKES-SUPPLY,FULFILLMENT_DELAY,LOW,Routine inquiry / order status check for DIST-GREATLAKES-SUPPLY,Standard operational correspondence regarding order fulfillment tracking and invoice reconciliation.,-0.29
ZD-TK-1639,2025-10-15T12:14:00Z,NA-Central,DIST-MIDWEST-DIRECT,FULFILLMENT_DELAY,LOW,Routine inquiry / order status check for DIST-MIDWEST-DIRECT,Standard operational correspondence regarding order fulfillment tracking and invoice reconciliation.,-0.02
ZD-TK-1640,2025-10-15T11:17:00Z,NA-Central,DIST-GREATLAKES-SUPPLY,PRICE_DISPUTE,LOW,Routine inquiry / order status check for DIST-GREATLAKES-SUPPLY,Standard operational correspondence regarding order fulfillment tracking and invoice reconciliation.,-0.21
ZD-TK-1641,2025-10-15T15:18:00Z,NA-West,DIST-PACIFIC-LOGISTICS,PRODUCT_QUALITY,MEDIUM,Routine inquiry / order status check for DIST-PACIFIC-LOGISTICS,Standard operational correspondence regarding order fulfillment tracking and invoice reconciliation.,-0.01
ZD-TK-1642,2025-10-15T13:03:00Z,NA-West,DIST-PACIFIC-LOGISTICS,PRICE_DISPUTE,LOW,Routine inquiry / order status check for DIST-PACIFIC-LOGISTICS,Standard operational correspondence regarding order fulfillment tracking and invoice reconciliation.,0.28
ZD-TK-1643,2025-10-15T17:26:00Z,NA-West,DIST-CAL-ENTERPRISE,PRODUCT_QUALITY,LOW,Routine inquiry / order status check for DIST-CAL-ENTERPRISE,Standard operational correspondence regarding order fulfillment tracking and invoice reconciliation.,-0.26
ZD-TK-1644,2025-10-16T12:38:00Z,NA-East,DIST-SUNBELT-PARTS,FULFILLMENT_DELAY,LOW,Routine inquiry / order status check for DIST-SUNBELT-PARTS,Standard operational correspondence regarding order fulfillment tracking and invoice reconciliation.,0.18
ZD-TK-1645,2025-10-16T11:39:00Z,NA-East,DIST-MIDATL-SUPPLY,PRICE_DISPUTE,LOW,Routine inquiry / order status check for DIST-MIDATL-SUPPLY,Standard operational correspondence regarding order fulfillment tracking and invoice reconciliation.,0.14
ZD-TK-1646,2025-10-16T13:25:00Z,NA-East,DIST-TRI-STATE-OPS,PRICE_DISPUTE,MEDIUM,Routine inquiry / order status check for DIST-TRI-STATE-OPS,Standard operational correspondence regarding order fulfillment tracking and invoice reconciliation.,0.21
ZD-TK-1647,2025-10-16T10:56:00Z,NA-Central,DIST-MIDWEST-DIRECT,PRODUCT_QUALITY,LOW,Routine inquiry / order status check for DIST-MIDWEST-DIRECT,Standard operational correspondence regarding order fulfillment tracking and invoice reconciliation.,-0.34
ZD-TK-1648,2025-10-16T16:45:00Z,NA-West,DIST-MOUNTAIN-PARTS,PRICE_DISPUTE,MEDIUM,Routine inquiry / order status check for DIST-MOUNTAIN-PARTS,Standard operational correspondence regarding order fulfillment tracking and invoice reconciliation.,0.29
ZD-TK-1649,2025-10-16T12:48:00Z,NA-West,DIST-CAL-ENTERPRISE,PRODUCT_QUALITY,MEDIUM,Routine inquiry / order status check for DIST-CAL-ENTERPRISE,Standard operational correspondence regarding order fulfillment tracking and invoice reconciliation.,-0.02
ZD-TK-1650,2025-10-16T09:49:00Z,NA-West,DIST-MOUNTAIN-PARTS,PRICE_DISPUTE,LOW,Routine inquiry / order status check for DIST-MOUNTAIN-PARTS,Standard operational correspondence regarding order fulfillment tracking and invoice reconciliation.,0.08
ZD-TK-1651,2025-10-17T11:46:00Z,NA-East,DIST-MIDATL-SUPPLY,PRICE_DISPUTE,MEDIUM,Routine inquiry / order status check for DIST-MIDATL-SUPPLY,Standard operational correspondence regarding order fulfillment tracking and invoice reconciliation.,-0.32
ZD-TK-1652,2025-10-17T11:25:00Z,NA-Central,DIST-MIDWEST-DIRECT,FULFILLMENT_DELAY,LOW,Routine inquiry / order status check for DIST-MIDWEST-DIRECT,Standard operational correspondence regarding order fulfillment tracking and invoice reconciliation.,-0.02
ZD-TK-1653,2025-10-17T17:18:00Z,NA-West,DIST-MOUNTAIN-PARTS,PRICE_DISPUTE,LOW,Routine inquiry / order status check for DIST-MOUNTAIN-PARTS,Standard operational correspondence regarding order fulfillment tracking and invoice reconciliation.,-0.12
ZD-TK-1654,2025-10-17T17:16:00Z,NA-West,DIST-PACIFIC-LOGISTICS,PRODUCT_QUALITY,LOW,Routine inquiry / order status check for DIST-PACIFIC-LOGISTICS,Standard operational correspondence regarding order fulfillment tracking and invoice reconciliation.,0.33
ZD-TK-1655,2025-10-17T09:33:00Z,NA-West,DIST-PACIFIC-LOGISTICS,FULFILLMENT_DELAY,LOW,Routine inquiry / order status check for DIST-PACIFIC-LOGISTICS,Standard operational correspondence regarding order fulfillment tracking and invoice reconciliation.,-0.35
ZD-TK-1656,2025-10-18T08:06:00Z,NA-East,DIST-MIDATL-SUPPLY,FULFILLMENT_DELAY,MEDIUM,Routine inquiry / order status check for DIST-MIDATL-SUPPLY,Standard operational correspondence regarding order fulfillment tracking and invoice reconciliation.,0.31
ZD-TK-1657,2025-10-18T08:30:00Z,NA-East,DIST-MIDATL-SUPPLY,PRICE_DISPUTE,LOW,Routine inquiry / order status check for DIST-MIDATL-SUPPLY,Standard operational correspondence regarding order fulfillment tracking and invoice reconciliation.,0.16
ZD-TK-1658,2025-10-18T11:07:00Z,NA-East,DIST-TRI-STATE-OPS,PRODUCT_QUALITY,MEDIUM,Routine inquiry / order status check for DIST-TRI-STATE-OPS,Standard operational correspondence regarding order fulfillment tracking and invoice reconciliation.,-0.29
ZD-TK-1659,2025-10-18T14:54:00Z,NA-Central,DIST-TEXAS-COMMERCIAL,PRICE_DISPUTE,MEDIUM,Routine inquiry / order status check for DIST-TEXAS-COMMERCIAL,Standard operational correspondence regarding order fulfillment tracking and invoice reconciliation.,0.04
ZD-TK-1660,2025-10-18T13:38:00Z,NA-Central,DIST-MIDWEST-DIRECT,PRODUCT_QUALITY,MEDIUM,Routine inquiry / order status check for DIST-MIDWEST-DIRECT,Standard operational correspondence regarding order fulfillment tracking and invoice reconciliation.,-0.1
ZD-TK-1661,2025-10-18T09:27:00Z,NA-West,DIST-PACIFIC-LOGISTICS,PRICE_DISPUTE,MEDIUM,Routine inquiry / order status check for DIST-PACIFIC-LOGISTICS,Standard operational correspondence regarding order fulfillment tracking and invoice reconciliation.,-0.06
ZD-TK-1662,2025-10-18T15:29:00Z,NA-West,DIST-CAL-ENTERPRISE,FULFILLMENT_DELAY,LOW,Routine inquiry / order status check for DIST-CAL-ENTERPRISE,Standard operational correspondence regarding order fulfillment tracking and invoice reconciliation.,0.03
ZD-TK-1663,2025-10-18T10:06:00Z,NA-West,DIST-MOUNTAIN-PARTS,PRICE_DISPUTE,LOW,Routine inquiry / order status check for DIST-MOUNTAIN-PARTS,Standard operational correspondence regarding order fulfillment tracking and invoice reconciliation.,0.13
ZD-TK-1664,2025-10-19T08:18:00Z,NA-East,DIST-EMPIRE-IND,PRICE_DISPUTE,LOW,Routine inquiry / order status check for DIST-EMPIRE-IND,Standard operational correspondence regarding order fulfillment tracking and invoice reconciliation.,-0.17
ZD-TK-1665,2025-10-19T16:16:00Z,NA-East,DIST-SUNBELT-PARTS,PRICE_DISPUTE,LOW,Routine inquiry / order status check for DIST-SUNBELT-PARTS,Standard operational correspondence regarding order fulfillment tracking and invoice reconciliation.,-0.01
ZD-TK-1666,2025-10-19T16:10:00Z,NA-Central,DIST-TEXAS-COMMERCIAL,PRICE_DISPUTE,MEDIUM,Routine inquiry / order status check for DIST-TEXAS-COMMERCIAL,Standard operational correspondence regarding order fulfillment tracking and invoice reconciliation.,0.34
ZD-TK-1667,2025-10-19T11:05:00Z,NA-Central,DIST-GREATLAKES-SUPPLY,FULFILLMENT_DELAY,LOW,Routine inquiry / order status check for DIST-GREATLAKES-SUPPLY,Standard operational correspondence regarding order fulfillment tracking and invoice reconciliation.,-0.33
ZD-TK-1668,2025-10-19T15:15:00Z,NA-Central,DIST-TEXAS-COMMERCIAL,PRICE_DISPUTE,LOW,Routine inquiry / order status check for DIST-TEXAS-COMMERCIAL,Standard operational correspondence regarding order fulfillment tracking and invoice reconciliation.,0.22
ZD-TK-1669,2025-10-19T13:36:00Z,NA-West,DIST-CAL-ENTERPRISE,FULFILLMENT_DELAY,LOW,Routine inquiry / order status check for DIST-CAL-ENTERPRISE,Standard operational correspondence regarding order fulfillment tracking and invoice reconciliation.,0.23
ZD-TK-1670,2025-10-19T15:56:00Z,NA-West,DIST-PACIFIC-LOGISTICS,PRODUCT_QUALITY,LOW,Routine inquiry / order status check for DIST-PACIFIC-LOGISTICS,Standard operational correspondence regarding order fulfillment tracking and invoice reconciliation.,0.0
ZD-TK-1671,2025-10-20T13:44:00Z,NA-East,DIST-EMPIRE-IND,PRODUCT_QUALITY,MEDIUM,Routine inquiry / order status check for DIST-EMPIRE-IND,Standard operational correspondence regarding order fulfillment tracking and invoice reconciliation.,-0.04
ZD-TK-1672,2025-10-20T10:04:00Z,NA-East,DIST-MIDATL-SUPPLY,PRICE_DISPUTE,MEDIUM,Routine inquiry / order status check for DIST-MIDATL-SUPPLY,Standard operational correspondence regarding order fulfillment tracking and invoice reconciliation.,0.31
ZD-TK-1673,2025-10-20T08:00:00Z,NA-Central,DIST-MIDWEST-DIRECT,PRODUCT_QUALITY,MEDIUM,Routine inquiry / order status check for DIST-MIDWEST-DIRECT,Standard operational correspondence regarding order fulfillment tracking and invoice reconciliation.,-0.32
ZD-TK-1674,2025-10-20T14:42:00Z,NA-Central,DIST-MIDWEST-DIRECT,FULFILLMENT_DELAY,LOW,Routine inquiry / order status check for DIST-MIDWEST-DIRECT,Standard operational correspondence regarding order fulfillment tracking and invoice reconciliation.,0.17
ZD-TK-1675,2025-10-20T11:02:00Z,NA-West,DIST-PACIFIC-LOGISTICS,PRICE_DISPUTE,LOW,Routine inquiry / order status check for DIST-PACIFIC-LOGISTICS,Standard operational correspondence regarding order fulfillment tracking and invoice reconciliation.,-0.1
ZD-TK-1676,2025-10-20T15:36:00Z,NA-West,DIST-MOUNTAIN-PARTS,PRICE_DISPUTE,LOW,Routine inquiry / order status check for DIST-MOUNTAIN-PARTS,Standard operational correspondence regarding order fulfillment tracking and invoice reconciliation.,0.13
ZD-TK-1677,2025-10-21T10:10:00Z,NA-East,DIST-EMPIRE-IND,PRODUCT_QUALITY,LOW,Routine inquiry / order status check for DIST-EMPIRE-IND,Standard operational correspondence regarding order fulfillment tracking and invoice reconciliation.,0.19
ZD-TK-1678,2025-10-21T10:27:00Z,NA-East,DIST-EMPIRE-IND,PRICE_DISPUTE,MEDIUM,Routine inquiry / order status check for DIST-EMPIRE-IND,Standard operational correspondence regarding order fulfillment tracking and invoice reconciliation.,0.29
ZD-TK-1679,2025-10-21T14:03:00Z,NA-Central,DIST-TEXAS-COMMERCIAL,PRICE_DISPUTE,MEDIUM,Routine inquiry / order status check for DIST-TEXAS-COMMERCIAL,Standard operational correspondence regarding order fulfillment tracking and invoice reconciliation.,-0.11
ZD-TK-1680,2025-10-21T13:34:00Z,NA-Central,DIST-TEXAS-COMMERCIAL,PRODUCT_QUALITY,MEDIUM,Routine inquiry / order status check for DIST-TEXAS-COMMERCIAL,Standard operational correspondence regarding order fulfillment tracking and invoice reconciliation.,0.24
ZD-TK-1681,2025-10-21T10:12:00Z,NA-Central,DIST-TEXAS-COMMERCIAL,PRICE_DISPUTE,MEDIUM,Routine inquiry / order status check for DIST-TEXAS-COMMERCIAL,Standard operational correspondence regarding order fulfillment tracking and invoice reconciliation.,-0.27
ZD-TK-1682,2025-10-21T10:57:00Z,NA-West,DIST-PACIFIC-LOGISTICS,PRICE_DISPUTE,MEDIUM,Routine inquiry / order status check for DIST-PACIFIC-LOGISTICS,Standard operational correspondence regarding order fulfillment tracking and invoice reconciliation.,0.01
ZD-TK-1683,2025-10-22T13:45:00Z,NA-East,DIST-COASTAL-WHOLESALE,PRODUCT_QUALITY,MEDIUM,Routine inquiry / order status check for DIST-COASTAL-WHOLESALE,Standard operational correspondence regarding order fulfillment tracking and invoice reconciliation.,0.24
ZD-TK-1684,2025-10-22T13:06:00Z,NA-East,DIST-SUNBELT-PARTS,FULFILLMENT_DELAY,LOW,Routine inquiry / order status check for DIST-SUNBELT-PARTS,Standard operational correspondence regarding order fulfillment tracking and invoice reconciliation.,0.08
ZD-TK-1685,2025-10-22T15:31:00Z,NA-Central,DIST-TEXAS-COMMERCIAL,PRODUCT_QUALITY,MEDIUM,Routine inquiry / order status check for DIST-TEXAS-COMMERCIAL,Standard operational correspondence regarding order fulfillment tracking and invoice reconciliation.,0.16
ZD-TK-1686,2025-10-22T08:07:00Z,NA-West,DIST-PACIFIC-LOGISTICS,PRODUCT_QUALITY,LOW,Routine inquiry / order status check for DIST-PACIFIC-LOGISTICS,Standard operational correspondence regarding order fulfillment tracking and invoice reconciliation.,-0.35
ZD-TK-1687,2025-10-22T16:04:00Z,NA-West,DIST-CAL-ENTERPRISE,PRODUCT_QUALITY,LOW,Routine inquiry / order status check for DIST-CAL-ENTERPRISE,Standard operational correspondence regarding order fulfillment tracking and invoice reconciliation.,-0.17
ZD-TK-1688,2025-10-23T10:03:00Z,NA-East,DIST-SUNBELT-PARTS,PRICE_DISPUTE,MEDIUM,Routine inquiry / order status check for DIST-SUNBELT-PARTS,Standard operational correspondence regarding order fulfillment tracking and invoice reconciliation.,-0.14
ZD-TK-1689,2025-10-23T08:57:00Z,NA-East,DIST-COASTAL-WHOLESALE,FULFILLMENT_DELAY,MEDIUM,Routine inquiry / order status check for DIST-COASTAL-WHOLESALE,Standard operational correspondence regarding order fulfillment tracking and invoice reconciliation.,-0.09
ZD-TK-1690,2025-10-23T08:51:00Z,NA-East,DIST-MIDATL-SUPPLY,PRODUCT_QUALITY,MEDIUM,Routine inquiry / order status check for DIST-MIDATL-SUPPLY,Standard operational correspondence regarding order fulfillment tracking and invoice reconciliation.,-0.11
ZD-TK-1691,2025-10-23T09:00:00Z,NA-Central,DIST-MIDWEST-DIRECT,FULFILLMENT_DELAY,LOW,Routine inquiry / order status check for DIST-MIDWEST-DIRECT,Standard operational correspondence regarding order fulfillment tracking and invoice reconciliation.,0.0
ZD-TK-1692,2025-10-23T10:10:00Z,NA-Central,DIST-TEXAS-COMMERCIAL,PRICE_DISPUTE,MEDIUM,Routine inquiry / order status check for DIST-TEXAS-COMMERCIAL,Standard operational correspondence regarding order fulfillment tracking and invoice reconciliation.,0.04
ZD-TK-1693,2025-10-23T16:45:00Z,NA-West,DIST-CAL-ENTERPRISE,FULFILLMENT_DELAY,LOW,Routine inquiry / order status check for DIST-CAL-ENTERPRISE,Standard operational correspondence regarding order fulfillment tracking and invoice reconciliation.,0.13
ZD-TK-1694,2025-10-23T17:39:00Z,NA-West,DIST-CAL-ENTERPRISE,PRICE_DISPUTE,LOW,Routine inquiry / order status check for DIST-CAL-ENTERPRISE,Standard operational correspondence regarding order fulfillment tracking and invoice reconciliation.,-0.03
ZD-TK-1695,2025-10-23T15:36:00Z,NA-West,DIST-PACIFIC-LOGISTICS,PRICE_DISPUTE,MEDIUM,Routine inquiry / order status check for DIST-PACIFIC-LOGISTICS,Standard operational correspondence regarding order fulfillment tracking and invoice reconciliation.,0.35
ZD-TK-1696,2025-10-24T10:50:00Z,NA-East,DIST-COASTAL-WHOLESALE,FULFILLMENT_DELAY,MEDIUM,Routine inquiry / order status check for DIST-COASTAL-WHOLESALE,Standard operational correspondence regarding order fulfillment tracking and invoice reconciliation.,-0.22
ZD-TK-1697,2025-10-24T17:58:00Z,NA-East,DIST-MIDATL-SUPPLY,FULFILLMENT_DELAY,LOW,Routine inquiry / order status check for DIST-MIDATL-SUPPLY,Standard operational correspondence regarding order fulfillment tracking and invoice reconciliation.,-0.07
ZD-TK-1698,2025-10-24T11:46:00Z,NA-East,DIST-TRI-STATE-OPS,FULFILLMENT_DELAY,MEDIUM,Routine inquiry / order status check for DIST-TRI-STATE-OPS,Standard operational correspondence regarding order fulfillment tracking and invoice reconciliation.,0.01
ZD-TK-1699,2025-10-24T09:16:00Z,NA-Central,DIST-TEXAS-COMMERCIAL,FULFILLMENT_DELAY,MEDIUM,Routine inquiry / order status check for DIST-TEXAS-COMMERCIAL,Standard operational correspondence regarding order fulfillment tracking and invoice reconciliation.,0.32
ZD-TK-1700,2025-10-24T16:44:00Z,NA-Central,DIST-MIDWEST-DIRECT,PRODUCT_QUALITY,LOW,Routine inquiry / order status check for DIST-MIDWEST-DIRECT,Standard operational correspondence regarding order fulfillment tracking and invoice reconciliation.,-0.13
ZD-TK-1701,2025-10-24T14:01:00Z,NA-West,DIST-CAL-ENTERPRISE,PRICE_DISPUTE,LOW,Routine inquiry / order status check for DIST-CAL-ENTERPRISE,Standard operational correspondence regarding order fulfillment tracking and invoice reconciliation.,-0.2
ZD-TK-1702,2025-10-24T13:15:00Z,NA-West,DIST-PACIFIC-LOGISTICS,FULFILLMENT_DELAY,LOW,Routine inquiry / order status check for DIST-PACIFIC-LOGISTICS,Standard operational correspondence regarding order fulfillment tracking and invoice reconciliation.,-0.21
ZD-TK-1703,2025-10-24T12:11:00Z,NA-West,DIST-MOUNTAIN-PARTS,PRICE_DISPUTE,MEDIUM,Routine inquiry / order status check for DIST-MOUNTAIN-PARTS,Standard operational correspondence regarding order fulfillment tracking and invoice reconciliation.,-0.03
ZD-TK-1704,2025-10-25T15:52:00Z,NA-East,DIST-EMPIRE-IND,PRICE_DISPUTE,LOW,Routine inquiry / order status check for DIST-EMPIRE-IND,Standard operational correspondence regarding order fulfillment tracking and invoice reconciliation.,-0.18
ZD-TK-1705,2025-10-25T11:54:00Z,NA-East,DIST-MIDATL-SUPPLY,PRODUCT_QUALITY,MEDIUM,Routine inquiry / order status check for DIST-MIDATL-SUPPLY,Standard operational correspondence regarding order fulfillment tracking and invoice reconciliation.,0.04
ZD-TK-1706,2025-10-25T16:56:00Z,NA-East,DIST-COASTAL-WHOLESALE,PRODUCT_QUALITY,LOW,Routine inquiry / order status check for DIST-COASTAL-WHOLESALE,Standard operational correspondence regarding order fulfillment tracking and invoice reconciliation.,0.1
ZD-TK-1707,2025-10-25T09:18:00Z,NA-Central,DIST-MIDWEST-DIRECT,FULFILLMENT_DELAY,LOW,Routine inquiry / order status check for DIST-MIDWEST-DIRECT,Standard operational correspondence regarding order fulfillment tracking and invoice reconciliation.,0.07
ZD-TK-1708,2025-10-25T10:19:00Z,NA-West,DIST-MOUNTAIN-PARTS,PRICE_DISPUTE,LOW,Routine inquiry / order status check for DIST-MOUNTAIN-PARTS,Standard operational correspondence regarding order fulfillment tracking and invoice reconciliation.,-0.18
ZD-TK-1709,2025-10-25T08:28:00Z,NA-West,DIST-CAL-ENTERPRISE,PRODUCT_QUALITY,MEDIUM,Routine inquiry / order status check for DIST-CAL-ENTERPRISE,Standard operational correspondence regarding order fulfillment tracking and invoice reconciliation.,0.02
ZD-TK-1710,2025-10-26T15:07:00Z,NA-East,DIST-EMPIRE-IND,PRICE_DISPUTE,LOW,Routine inquiry / order status check for DIST-EMPIRE-IND,Standard operational correspondence regarding order fulfillment tracking and invoice reconciliation.,0.24
ZD-TK-1711,2025-10-26T16:13:00Z,NA-East,DIST-SUNBELT-PARTS,PRICE_DISPUTE,MEDIUM,Routine inquiry / order status check for DIST-SUNBELT-PARTS,Standard operational correspondence regarding order fulfillment tracking and invoice reconciliation.,0.28
ZD-TK-1712,2025-10-26T16:26:00Z,NA-East,DIST-APEX-EAST,FULFILLMENT_DELAY,LOW,Routine inquiry / order status check for DIST-APEX-EAST,Standard operational correspondence regarding order fulfillment tracking and invoice reconciliation.,-0.3
ZD-TK-1713,2025-10-26T13:08:00Z,NA-Central,DIST-MIDWEST-DIRECT,PRODUCT_QUALITY,MEDIUM,Routine inquiry / order status check for DIST-MIDWEST-DIRECT,Standard operational correspondence regarding order fulfillment tracking and invoice reconciliation.,-0.11
ZD-TK-1714,2025-10-26T08:33:00Z,NA-Central,DIST-GREATLAKES-SUPPLY,PRODUCT_QUALITY,LOW,Routine inquiry / order status check for DIST-GREATLAKES-SUPPLY,Standard operational correspondence regarding order fulfillment tracking and invoice reconciliation.,0.32
ZD-TK-1715,2025-10-26T08:10:00Z,NA-West,DIST-PACIFIC-LOGISTICS,FULFILLMENT_DELAY,MEDIUM,Routine inquiry / order status check for DIST-PACIFIC-LOGISTICS,Standard operational correspondence regarding order fulfillment tracking and invoice reconciliation.,0.07
ZD-TK-1716,2025-10-26T08:36:00Z,NA-West,DIST-MOUNTAIN-PARTS,FULFILLMENT_DELAY,MEDIUM,Routine inquiry / order status check for DIST-MOUNTAIN-PARTS,Standard operational correspondence regarding order fulfillment tracking and invoice reconciliation.,-0.26
ZD-TK-1717,2025-10-26T12:25:00Z,NA-West,DIST-PACIFIC-LOGISTICS,PRICE_DISPUTE,MEDIUM,Routine inquiry / order status check for DIST-PACIFIC-LOGISTICS,Standard operational correspondence regarding order fulfillment tracking and invoice reconciliation.,0.29
ZD-TK-1718,2025-10-27T08:42:00Z,NA-East,DIST-COASTAL-WHOLESALE,FULFILLMENT_DELAY,LOW,Routine inquiry / order status check for DIST-COASTAL-WHOLESALE,Standard operational correspondence regarding order fulfillment tracking and invoice reconciliation.,0.22
ZD-TK-1719,2025-10-27T14:55:00Z,NA-East,DIST-MIDATL-SUPPLY,PRODUCT_QUALITY,MEDIUM,Routine inquiry / order status check for DIST-MIDATL-SUPPLY,Standard operational correspondence regarding order fulfillment tracking and invoice reconciliation.,-0.13
ZD-TK-1720,2025-10-27T16:00:00Z,NA-East,DIST-SUNBELT-PARTS,PRICE_DISPUTE,MEDIUM,Routine inquiry / order status check for DIST-SUNBELT-PARTS,Standard operational correspondence regarding order fulfillment tracking and invoice reconciliation.,-0.21
ZD-TK-1721,2025-10-27T12:53:00Z,NA-Central,DIST-TEXAS-COMMERCIAL,FULFILLMENT_DELAY,LOW,Routine inquiry / order status check for DIST-TEXAS-COMMERCIAL,Standard operational correspondence regarding order fulfillment tracking and invoice reconciliation.,0.3
ZD-TK-1722,2025-10-27T14:10:00Z,NA-West,DIST-CAL-ENTERPRISE,FULFILLMENT_DELAY,LOW,Routine inquiry / order status check for DIST-CAL-ENTERPRISE,Standard operational correspondence regarding order fulfillment tracking and invoice reconciliation.,-0.08
ZD-TK-1723,2025-10-27T15:40:00Z,NA-West,DIST-CAL-ENTERPRISE,FULFILLMENT_DELAY,LOW,Routine inquiry / order status check for DIST-CAL-ENTERPRISE,Standard operational correspondence regarding order fulfillment tracking and invoice reconciliation.,0.01
ZD-TK-1724,2025-10-28T15:07:00Z,NA-East,DIST-EMPIRE-IND,PRODUCT_QUALITY,LOW,Routine inquiry / order status check for DIST-EMPIRE-IND,Standard operational correspondence regarding order fulfillment tracking and invoice reconciliation.,-0.33
ZD-TK-1725,2025-10-28T12:48:00Z,NA-East,DIST-SUNBELT-PARTS,PRODUCT_QUALITY,LOW,Routine inquiry / order status check for DIST-SUNBELT-PARTS,Standard operational correspondence regarding order fulfillment tracking and invoice reconciliation.,-0.25
ZD-TK-1726,2025-10-28T12:06:00Z,NA-East,DIST-EMPIRE-IND,FULFILLMENT_DELAY,MEDIUM,Routine inquiry / order status check for DIST-EMPIRE-IND,Standard operational correspondence regarding order fulfillment tracking and invoice reconciliation.,0.29
ZD-TK-1727,2025-10-28T11:19:00Z,NA-Central,DIST-GREATLAKES-SUPPLY,FULFILLMENT_DELAY,MEDIUM,Routine inquiry / order status check for DIST-GREATLAKES-SUPPLY,Standard operational correspondence regarding order fulfillment tracking and invoice reconciliation.,-0.16
ZD-TK-1728,2025-10-28T15:52:00Z,NA-West,DIST-MOUNTAIN-PARTS,PRODUCT_QUALITY,MEDIUM,Routine inquiry / order status check for DIST-MOUNTAIN-PARTS,Standard operational correspondence regarding order fulfillment tracking and invoice reconciliation.,0.11
ZD-TK-1729,2025-10-28T15:29:00Z,NA-West,DIST-CAL-ENTERPRISE,PRICE_DISPUTE,LOW,Routine inquiry / order status check for DIST-CAL-ENTERPRISE,Standard operational correspondence regarding order fulfillment tracking and invoice reconciliation.,0.14
ZD-TK-1730,2025-10-28T15:27:00Z,NA-West,DIST-CAL-ENTERPRISE,FULFILLMENT_DELAY,LOW,Routine inquiry / order status check for DIST-CAL-ENTERPRISE,Standard operational correspondence regarding order fulfillment tracking and invoice reconciliation.,-0.19
ZD-TK-1731,2025-10-29T09:03:00Z,NA-East,DIST-COASTAL-WHOLESALE,FULFILLMENT_DELAY,LOW,Routine inquiry / order status check for DIST-COASTAL-WHOLESALE,Standard operational correspondence regarding order fulfillment tracking and invoice reconciliation.,0.27
ZD-TK-1732,2025-10-29T08:41:00Z,NA-East,DIST-TRI-STATE-OPS,PRODUCT_QUALITY,LOW,Routine inquiry / order status check for DIST-TRI-STATE-OPS,Standard operational correspondence regarding order fulfillment tracking and invoice reconciliation.,-0.23
ZD-TK-1733,2025-10-29T17:01:00Z,NA-Central,DIST-TEXAS-COMMERCIAL,FULFILLMENT_DELAY,LOW,Routine inquiry / order status check for DIST-TEXAS-COMMERCIAL,Standard operational correspondence regarding order fulfillment tracking and invoice reconciliation.,-0.16
ZD-TK-1734,2025-10-29T14:45:00Z,NA-Central,DIST-MIDWEST-DIRECT,PRODUCT_QUALITY,LOW,Routine inquiry / order status check for DIST-MIDWEST-DIRECT,Standard operational correspondence regarding order fulfillment tracking and invoice reconciliation.,0.16
ZD-TK-1735,2025-10-29T10:53:00Z,NA-West,DIST-PACIFIC-LOGISTICS,FULFILLMENT_DELAY,MEDIUM,Routine inquiry / order status check for DIST-PACIFIC-LOGISTICS,Standard operational correspondence regarding order fulfillment tracking and invoice reconciliation.,0.26
ZD-TK-1736,2025-10-29T16:07:00Z,NA-West,DIST-MOUNTAIN-PARTS,PRICE_DISPUTE,LOW,Routine inquiry / order status check for DIST-MOUNTAIN-PARTS,Standard operational correspondence regarding order fulfillment tracking and invoice reconciliation.,0.11
ZD-TK-1737,2025-10-30T10:16:00Z,NA-East,DIST-TRI-STATE-OPS,FULFILLMENT_DELAY,LOW,Routine inquiry / order status check for DIST-TRI-STATE-OPS,Standard operational correspondence regarding order fulfillment tracking and invoice reconciliation.,0.04
ZD-TK-1738,2025-10-30T09:42:00Z,NA-Central,DIST-GREATLAKES-SUPPLY,FULFILLMENT_DELAY,MEDIUM,Routine inquiry / order status check for DIST-GREATLAKES-SUPPLY,Standard operational correspondence regarding order fulfillment tracking and invoice reconciliation.,0.33
ZD-TK-1739,2025-10-30T13:23:00Z,NA-Central,DIST-TEXAS-COMMERCIAL,PRODUCT_QUALITY,MEDIUM,Routine inquiry / order status check for DIST-TEXAS-COMMERCIAL,Standard operational correspondence regarding order fulfillment tracking and invoice reconciliation.,-0.08
ZD-TK-1740,2025-10-30T16:51:00Z,NA-Central,DIST-TEXAS-COMMERCIAL,FULFILLMENT_DELAY,MEDIUM,Routine inquiry / order status check for DIST-TEXAS-COMMERCIAL,Standard operational correspondence regarding order fulfillment tracking and invoice reconciliation.,-0.04
ZD-TK-1741,2025-10-30T10:05:00Z,NA-West,DIST-MOUNTAIN-PARTS,FULFILLMENT_DELAY,MEDIUM,Routine inquiry / order status check for DIST-MOUNTAIN-PARTS,Standard operational correspondence regarding order fulfillment tracking and invoice reconciliation.,-0.06
ZD-TK-1742,2025-10-30T11:31:00Z,NA-West,DIST-PACIFIC-LOGISTICS,PRODUCT_QUALITY,MEDIUM,Routine inquiry / order status check for DIST-PACIFIC-LOGISTICS,Standard operational correspondence regarding order fulfillment tracking and invoice reconciliation.,0.11
ZD-TK-1743,2025-10-31T15:57:00Z,NA-East,DIST-COASTAL-WHOLESALE,PRICE_DISPUTE,MEDIUM,Routine inquiry / order status check for DIST-COASTAL-WHOLESALE,Standard operational correspondence regarding order fulfillment tracking and invoice reconciliation.,0.09
ZD-TK-1744,2025-10-31T12:23:00Z,NA-East,DIST-COASTAL-WHOLESALE,FULFILLMENT_DELAY,MEDIUM,Routine inquiry / order status check for DIST-COASTAL-WHOLESALE,Standard operational correspondence regarding order fulfillment tracking and invoice reconciliation.,-0.3
ZD-TK-1745,2025-10-31T10:24:00Z,NA-East,DIST-EMPIRE-IND,PRICE_DISPUTE,LOW,Routine inquiry / order status check for DIST-EMPIRE-IND,Standard operational correspondence regarding order fulfillment tracking and invoice reconciliation.,-0.27
ZD-TK-1746,2025-10-31T16:54:00Z,NA-Central,DIST-TEXAS-COMMERCIAL,PRODUCT_QUALITY,LOW,Routine inquiry / order status check for DIST-TEXAS-COMMERCIAL,Standard operational correspondence regarding order fulfillment tracking and invoice reconciliation.,-0.34
ZD-TK-1747,2025-10-31T10:47:00Z,NA-Central,DIST-MIDWEST-DIRECT,PRICE_DISPUTE,LOW,Routine inquiry / order status check for DIST-MIDWEST-DIRECT,Standard operational correspondence regarding order fulfillment tracking and invoice reconciliation.,-0.28
ZD-TK-1748,2025-10-31T13:02:00Z,NA-Central,DIST-GREATLAKES-SUPPLY,PRICE_DISPUTE,MEDIUM,Routine inquiry / order status check for DIST-GREATLAKES-SUPPLY,Standard operational correspondence regarding order fulfillment tracking and invoice reconciliation.,0.04
ZD-TK-1749,2025-10-31T08:09:00Z,NA-West,DIST-PACIFIC-LOGISTICS,PRICE_DISPUTE,LOW,Routine inquiry / order status check for DIST-PACIFIC-LOGISTICS,Standard operational correspondence regarding order fulfillment tracking and invoice reconciliation.,0.35
ZD-TK-1750,2025-10-31T08:09:00Z,NA-West,DIST-PACIFIC-LOGISTICS,PRODUCT_QUALITY,MEDIUM,Routine inquiry / order status check for DIST-PACIFIC-LOGISTICS,Standard operational correspondence regarding order fulfillment tracking and invoice reconciliation.,0.29
ZD-TK-1751,2025-11-01T12:23:00Z,NA-East,DIST-COASTAL-WHOLESALE,FULFILLMENT_DELAY,MEDIUM,Routine inquiry / order status check for DIST-COASTAL-WHOLESALE,Standard operational correspondence regarding order fulfillment tracking and invoice reconciliation.,-0.09
ZD-TK-1752,2025-11-01T12:00:00Z,NA-Central,DIST-TEXAS-COMMERCIAL,FULFILLMENT_DELAY,MEDIUM,Routine inquiry / order status check for DIST-TEXAS-COMMERCIAL,Standard operational correspondence regarding order fulfillment tracking and invoice reconciliation.,-0.05
ZD-TK-1753,2025-11-01T17:45:00Z,NA-Central,DIST-GREATLAKES-SUPPLY,PRODUCT_QUALITY,LOW,Routine inquiry / order status check for DIST-GREATLAKES-SUPPLY,Standard operational correspondence regarding order fulfillment tracking and invoice reconciliation.,0.23
ZD-TK-1754,2025-11-01T14:16:00Z,NA-West,DIST-CAL-ENTERPRISE,PRICE_DISPUTE,LOW,Routine inquiry / order status check for DIST-CAL-ENTERPRISE,Standard operational correspondence regarding order fulfillment tracking and invoice reconciliation.,-0.26
ZD-TK-1755,2025-11-01T14:35:00Z,NA-West,DIST-PACIFIC-LOGISTICS,FULFILLMENT_DELAY,LOW,Routine inquiry / order status check for DIST-PACIFIC-LOGISTICS,Standard operational correspondence regarding order fulfillment tracking and invoice reconciliation.,0.31
ZD-TK-1756,2025-11-02T16:44:00Z,NA-East,DIST-TRI-STATE-OPS,PRICE_DISPUTE,LOW,Routine inquiry / order status check for DIST-TRI-STATE-OPS,Standard operational correspondence regarding order fulfillment tracking and invoice reconciliation.,-0.11
ZD-TK-1757,2025-11-02T16:57:00Z,NA-Central,DIST-MIDWEST-DIRECT,PRODUCT_QUALITY,MEDIUM,Routine inquiry / order status check for DIST-MIDWEST-DIRECT,Standard operational correspondence regarding order fulfillment tracking and invoice reconciliation.,0.21
ZD-TK-1758,2025-11-02T14:08:00Z,NA-Central,DIST-TEXAS-COMMERCIAL,PRODUCT_QUALITY,LOW,Routine inquiry / order status check for DIST-TEXAS-COMMERCIAL,Standard operational correspondence regarding order fulfillment tracking and invoice reconciliation.,-0.11
ZD-TK-1759,2025-11-02T14:08:00Z,NA-Central,DIST-MIDWEST-DIRECT,PRODUCT_QUALITY,LOW,Routine inquiry / order status check for DIST-MIDWEST-DIRECT,Standard operational correspondence regarding order fulfillment tracking and invoice reconciliation.,-0.04
ZD-TK-1760,2025-11-02T15:44:00Z,NA-West,DIST-MOUNTAIN-PARTS,PRICE_DISPUTE,MEDIUM,Routine inquiry / order status check for DIST-MOUNTAIN-PARTS,Standard operational correspondence regarding order fulfillment tracking and invoice reconciliation.,0.13
ZD-TK-1761,2025-11-02T10:46:00Z,NA-West,DIST-CAL-ENTERPRISE,FULFILLMENT_DELAY,MEDIUM,Routine inquiry / order status check for DIST-CAL-ENTERPRISE,Standard operational correspondence regarding order fulfillment tracking and invoice reconciliation.,0.3
ZD-TK-1762,2025-11-03T17:25:00Z,NA-East,DIST-APEX-EAST,FULFILLMENT_DELAY,LOW,Routine inquiry / order status check for DIST-APEX-EAST,Standard operational correspondence regarding order fulfillment tracking and invoice reconciliation.,0.18
ZD-TK-1763,2025-11-03T10:51:00Z,NA-East,DIST-APEX-EAST,PRODUCT_QUALITY,MEDIUM,Routine inquiry / order status check for DIST-APEX-EAST,Standard operational correspondence regarding order fulfillment tracking and invoice reconciliation.,-0.08
ZD-TK-1764,2025-11-03T12:11:00Z,NA-East,DIST-SUNBELT-PARTS,PRODUCT_QUALITY,MEDIUM,Routine inquiry / order status check for DIST-SUNBELT-PARTS,Standard operational correspondence regarding order fulfillment tracking and invoice reconciliation.,0.02
ZD-TK-1765,2025-11-03T12:17:00Z,NA-Central,DIST-GREATLAKES-SUPPLY,FULFILLMENT_DELAY,LOW,Routine inquiry / order status check for DIST-GREATLAKES-SUPPLY,Standard operational correspondence regarding order fulfillment tracking and invoice reconciliation.,0.02
ZD-TK-1766,2025-11-03T10:27:00Z,NA-West,DIST-MOUNTAIN-PARTS,FULFILLMENT_DELAY,MEDIUM,Routine inquiry / order status check for DIST-MOUNTAIN-PARTS,Standard operational correspondence regarding order fulfillment tracking and invoice reconciliation.,-0.3
ZD-TK-1767,2025-11-04T12:40:00Z,NA-East,DIST-APEX-EAST,PRICE_DISPUTE,LOW,Routine inquiry / order status check for DIST-APEX-EAST,Standard operational correspondence regarding order fulfillment tracking and invoice reconciliation.,0.05
ZD-TK-1768,2025-11-04T16:45:00Z,NA-Central,DIST-MIDWEST-DIRECT,PRICE_DISPUTE,MEDIUM,Routine inquiry / order status check for DIST-MIDWEST-DIRECT,Standard operational correspondence regarding order fulfillment tracking and invoice reconciliation.,-0.15
ZD-TK-1769,2025-11-04T12:16:00Z,NA-Central,DIST-MIDWEST-DIRECT,PRICE_DISPUTE,LOW,Routine inquiry / order status check for DIST-MIDWEST-DIRECT,Standard operational correspondence regarding order fulfillment tracking and invoice reconciliation.,0.1
ZD-TK-1770,2025-11-04T15:32:00Z,NA-West,DIST-PACIFIC-LOGISTICS,FULFILLMENT_DELAY,MEDIUM,Routine inquiry / order status check for DIST-PACIFIC-LOGISTICS,Standard operational correspondence regarding order fulfillment tracking and invoice reconciliation.,-0.34
ZD-TK-1771,2025-11-04T09:08:00Z,NA-West,DIST-CAL-ENTERPRISE,FULFILLMENT_DELAY,MEDIUM,Routine inquiry / order status check for DIST-CAL-ENTERPRISE,Standard operational correspondence regarding order fulfillment tracking and invoice reconciliation.,0.08
ZD-TK-1772,2025-11-05T10:29:00Z,NA-East,DIST-COASTAL-WHOLESALE,FULFILLMENT_DELAY,MEDIUM,Routine inquiry / order status check for DIST-COASTAL-WHOLESALE,Standard operational correspondence regarding order fulfillment tracking and invoice reconciliation.,-0.05
ZD-TK-1773,2025-11-05T17:56:00Z,NA-East,DIST-COASTAL-WHOLESALE,PRICE_DISPUTE,MEDIUM,Routine inquiry / order status check for DIST-COASTAL-WHOLESALE,Standard operational correspondence regarding order fulfillment tracking and invoice reconciliation.,-0.11
ZD-TK-1774,2025-11-05T12:46:00Z,NA-Central,DIST-TEXAS-COMMERCIAL,PRODUCT_QUALITY,MEDIUM,Routine inquiry / order status check for DIST-TEXAS-COMMERCIAL,Standard operational correspondence regarding order fulfillment tracking and invoice reconciliation.,-0.2
ZD-TK-1775,2025-11-05T12:41:00Z,NA-Central,DIST-MIDWEST-DIRECT,PRODUCT_QUALITY,MEDIUM,Routine inquiry / order status check for DIST-MIDWEST-DIRECT,Standard operational correspondence regarding order fulfillment tracking and invoice reconciliation.,-0.1
ZD-TK-1776,2025-11-05T13:06:00Z,NA-West,DIST-MOUNTAIN-PARTS,PRODUCT_QUALITY,LOW,Routine inquiry / order status check for DIST-MOUNTAIN-PARTS,Standard operational correspondence regarding order fulfillment tracking and invoice reconciliation.,-0.25
ZD-TK-1777,2025-11-05T10:30:00Z,NA-West,DIST-MOUNTAIN-PARTS,PRICE_DISPUTE,MEDIUM,Routine inquiry / order status check for DIST-MOUNTAIN-PARTS,Standard operational correspondence regarding order fulfillment tracking and invoice reconciliation.,-0.26
ZD-TK-1778,2025-11-05T14:53:00Z,NA-West,DIST-PACIFIC-LOGISTICS,PRODUCT_QUALITY,LOW,Routine inquiry / order status check for DIST-PACIFIC-LOGISTICS,Standard operational correspondence regarding order fulfillment tracking and invoice reconciliation.,0.15
ZD-TK-1779,2025-11-06T14:58:00Z,NA-East,DIST-MIDATL-SUPPLY,PRICE_DISPUTE,LOW,Routine inquiry / order status check for DIST-MIDATL-SUPPLY,Standard operational correspondence regarding order fulfillment tracking and invoice reconciliation.,-0.12
ZD-TK-1780,2025-11-06T09:33:00Z,NA-Central,DIST-MIDWEST-DIRECT,FULFILLMENT_DELAY,LOW,Routine inquiry / order status check for DIST-MIDWEST-DIRECT,Standard operational correspondence regarding order fulfillment tracking and invoice reconciliation.,-0.34
ZD-TK-1781,2025-11-06T08:31:00Z,NA-Central,DIST-GREATLAKES-SUPPLY,PRODUCT_QUALITY,LOW,Routine inquiry / order status check for DIST-GREATLAKES-SUPPLY,Standard operational correspondence regarding order fulfillment tracking and invoice reconciliation.,0.16
ZD-TK-1782,2025-11-06T15:52:00Z,NA-West,DIST-PACIFIC-LOGISTICS,FULFILLMENT_DELAY,LOW,Routine inquiry / order status check for DIST-PACIFIC-LOGISTICS,Standard operational correspondence regarding order fulfillment tracking and invoice reconciliation.,-0.02
ZD-TK-1783,2025-11-06T10:04:00Z,NA-West,DIST-CAL-ENTERPRISE,PRICE_DISPUTE,MEDIUM,Routine inquiry / order status check for DIST-CAL-ENTERPRISE,Standard operational correspondence regarding order fulfillment tracking and invoice reconciliation.,0.21
ZD-TK-1784,2025-11-06T08:28:00Z,NA-West,DIST-MOUNTAIN-PARTS,FULFILLMENT_DELAY,MEDIUM,Routine inquiry / order status check for DIST-MOUNTAIN-PARTS,Standard operational correspondence regarding order fulfillment tracking and invoice reconciliation.,0.02
ZD-TK-1785,2025-11-07T13:30:00Z,NA-East,DIST-SUNBELT-PARTS,PRODUCT_QUALITY,MEDIUM,Routine inquiry / order status check for DIST-SUNBELT-PARTS,Standard operational correspondence regarding order fulfillment tracking and invoice reconciliation.,-0.13
ZD-TK-1786,2025-11-07T15:18:00Z,NA-East,DIST-TRI-STATE-OPS,FULFILLMENT_DELAY,LOW,Routine inquiry / order status check for DIST-TRI-STATE-OPS,Standard operational correspondence regarding order fulfillment tracking and invoice reconciliation.,-0.01
ZD-TK-1787,2025-11-07T14:33:00Z,NA-Central,DIST-GREATLAKES-SUPPLY,PRODUCT_QUALITY,MEDIUM,Routine inquiry / order status check for DIST-GREATLAKES-SUPPLY,Standard operational correspondence regarding order fulfillment tracking and invoice reconciliation.,-0.07
ZD-TK-1788,2025-11-07T12:44:00Z,NA-Central,DIST-MIDWEST-DIRECT,PRODUCT_QUALITY,LOW,Routine inquiry / order status check for DIST-MIDWEST-DIRECT,Standard operational correspondence regarding order fulfillment tracking and invoice reconciliation.,0.19
ZD-TK-1789,2025-11-07T12:33:00Z,NA-West,DIST-MOUNTAIN-PARTS,FULFILLMENT_DELAY,MEDIUM,Routine inquiry / order status check for DIST-MOUNTAIN-PARTS,Standard operational correspondence regarding order fulfillment tracking and invoice reconciliation.,0.15
ZD-TK-1790,2025-11-08T11:08:00Z,NA-East,DIST-EMPIRE-IND,PRODUCT_QUALITY,LOW,Routine inquiry / order status check for DIST-EMPIRE-IND,Standard operational correspondence regarding order fulfillment tracking and invoice reconciliation.,-0.2
ZD-TK-1791,2025-11-08T14:58:00Z,NA-East,DIST-SUNBELT-PARTS,FULFILLMENT_DELAY,MEDIUM,Routine inquiry / order status check for DIST-SUNBELT-PARTS,Standard operational correspondence regarding order fulfillment tracking and invoice reconciliation.,0.12
ZD-TK-1792,2025-11-08T14:26:00Z,NA-East,DIST-EMPIRE-IND,PRODUCT_QUALITY,LOW,Routine inquiry / order status check for DIST-EMPIRE-IND,Standard operational correspondence regarding order fulfillment tracking and invoice reconciliation.,0.31
ZD-TK-1793,2025-11-08T15:38:00Z,NA-Central,DIST-MIDWEST-DIRECT,FULFILLMENT_DELAY,MEDIUM,Routine inquiry / order status check for DIST-MIDWEST-DIRECT,Standard operational correspondence regarding order fulfillment tracking and invoice reconciliation.,0.02
ZD-TK-1794,2025-11-08T11:57:00Z,NA-Central,DIST-MIDWEST-DIRECT,PRICE_DISPUTE,MEDIUM,Routine inquiry / order status check for DIST-MIDWEST-DIRECT,Standard operational correspondence regarding order fulfillment tracking and invoice reconciliation.,-0.22
ZD-TK-1795,2025-11-08T12:19:00Z,NA-West,DIST-MOUNTAIN-PARTS,FULFILLMENT_DELAY,MEDIUM,Routine inquiry / order status check for DIST-MOUNTAIN-PARTS,Standard operational correspondence regarding order fulfillment tracking and invoice reconciliation.,-0.31
ZD-TK-1796,2025-11-08T08:17:00Z,NA-West,DIST-PACIFIC-LOGISTICS,PRICE_DISPUTE,MEDIUM,Routine inquiry / order status check for DIST-PACIFIC-LOGISTICS,Standard operational correspondence regarding order fulfillment tracking and invoice reconciliation.,-0.04
ZD-TK-1797,2025-11-08T08:38:00Z,NA-West,DIST-MOUNTAIN-PARTS,FULFILLMENT_DELAY,MEDIUM,Routine inquiry / order status check for DIST-MOUNTAIN-PARTS,Standard operational correspondence regarding order fulfillment tracking and invoice reconciliation.,0.24
ZD-TK-1798,2025-11-09T10:29:00Z,NA-East,DIST-SUNBELT-PARTS,PRODUCT_QUALITY,LOW,Routine inquiry / order status check for DIST-SUNBELT-PARTS,Standard operational correspondence regarding order fulfillment tracking and invoice reconciliation.,0.3
ZD-TK-1799,2025-11-09T16:48:00Z,NA-East,DIST-COASTAL-WHOLESALE,PRODUCT_QUALITY,LOW,Routine inquiry / order status check for DIST-COASTAL-WHOLESALE,Standard operational correspondence regarding order fulfillment tracking and invoice reconciliation.,0.03
ZD-TK-1800,2025-11-09T10:53:00Z,NA-East,DIST-SUNBELT-PARTS,PRICE_DISPUTE,MEDIUM,Routine inquiry / order status check for DIST-SUNBELT-PARTS,Standard operational correspondence regarding order fulfillment tracking and invoice reconciliation.,-0.23
ZD-TK-1801,2025-11-09T08:11:00Z,NA-Central,DIST-TEXAS-COMMERCIAL,PRODUCT_QUALITY,MEDIUM,Routine inquiry / order status check for DIST-TEXAS-COMMERCIAL,Standard operational correspondence regarding order fulfillment tracking and invoice reconciliation.,-0.2
ZD-TK-1802,2025-11-09T16:00:00Z,NA-West,DIST-MOUNTAIN-PARTS,PRICE_DISPUTE,LOW,Routine inquiry / order status check for DIST-MOUNTAIN-PARTS,Standard operational correspondence regarding order fulfillment tracking and invoice reconciliation.,-0.0
ZD-TK-1803,2025-11-09T16:30:00Z,NA-West,DIST-CAL-ENTERPRISE,FULFILLMENT_DELAY,MEDIUM,Routine inquiry / order status check for DIST-CAL-ENTERPRISE,Standard operational correspondence regarding order fulfillment tracking and invoice reconciliation.,-0.25
ZD-TK-1804,2025-11-09T08:17:00Z,NA-West,DIST-CAL-ENTERPRISE,PRODUCT_QUALITY,LOW,Routine inquiry / order status check for DIST-CAL-ENTERPRISE,Standard operational correspondence regarding order fulfillment tracking and invoice reconciliation.,0.3
ZD-TK-1805,2025-11-10T14:29:00Z,NA-East,DIST-COASTAL-WHOLESALE,PRODUCT_QUALITY,MEDIUM,Routine inquiry / order status check for DIST-COASTAL-WHOLESALE,Standard operational correspondence regarding order fulfillment tracking and invoice reconciliation.,0.22
ZD-TK-1806,2025-11-10T17:50:00Z,NA-East,DIST-EMPIRE-IND,PRICE_DISPUTE,MEDIUM,Routine inquiry / order status check for DIST-EMPIRE-IND,Standard operational correspondence regarding order fulfillment tracking and invoice reconciliation.,0.24
ZD-TK-1807,2025-11-10T10:56:00Z,NA-Central,DIST-TEXAS-COMMERCIAL,FULFILLMENT_DELAY,MEDIUM,Routine inquiry / order status check for DIST-TEXAS-COMMERCIAL,Standard operational correspondence regarding order fulfillment tracking and invoice reconciliation.,0.2
ZD-TK-1808,2025-11-10T09:22:00Z,NA-Central,DIST-MIDWEST-DIRECT,PRICE_DISPUTE,MEDIUM,Routine inquiry / order status check for DIST-MIDWEST-DIRECT,Standard operational correspondence regarding order fulfillment tracking and invoice reconciliation.,-0.16
ZD-TK-1809,2025-11-10T16:15:00Z,NA-Central,DIST-TEXAS-COMMERCIAL,FULFILLMENT_DELAY,MEDIUM,Routine inquiry / order status check for DIST-TEXAS-COMMERCIAL,Standard operational correspondence regarding order fulfillment tracking and invoice reconciliation.,0.29
ZD-TK-1810,2025-11-10T12:37:00Z,NA-West,DIST-PACIFIC-LOGISTICS,FULFILLMENT_DELAY,LOW,Routine inquiry / order status check for DIST-PACIFIC-LOGISTICS,Standard operational correspondence regarding order fulfillment tracking and invoice reconciliation.,0.23
ZD-TK-1811,2025-11-10T08:25:00Z,NA-West,DIST-CAL-ENTERPRISE,PRODUCT_QUALITY,LOW,Routine inquiry / order status check for DIST-CAL-ENTERPRISE,Standard operational correspondence regarding order fulfillment tracking and invoice reconciliation.,0.21
ZD-TK-1812,2025-11-10T11:36:00Z,NA-West,DIST-CAL-ENTERPRISE,FULFILLMENT_DELAY,MEDIUM,Routine inquiry / order status check for DIST-CAL-ENTERPRISE,Standard operational correspondence regarding order fulfillment tracking and invoice reconciliation.,-0.13
ZD-TK-1813,2025-11-11T09:32:00Z,NA-East,DIST-APEX-EAST,PRODUCT_QUALITY,MEDIUM,Routine inquiry / order status check for DIST-APEX-EAST,Standard operational correspondence regarding order fulfillment tracking and invoice reconciliation.,0.05
ZD-TK-1814,2025-11-11T13:27:00Z,NA-East,DIST-COASTAL-WHOLESALE,FULFILLMENT_DELAY,MEDIUM,Routine inquiry / order status check for DIST-COASTAL-WHOLESALE,Standard operational correspondence regarding order fulfillment tracking and invoice reconciliation.,-0.01
ZD-TK-1815,2025-11-11T08:26:00Z,NA-Central,DIST-GREATLAKES-SUPPLY,FULFILLMENT_DELAY,LOW,Routine inquiry / order status check for DIST-GREATLAKES-SUPPLY,Standard operational correspondence regarding order fulfillment tracking and invoice reconciliation.,0.33
ZD-TK-1816,2025-11-11T17:52:00Z,NA-West,DIST-PACIFIC-LOGISTICS,PRICE_DISPUTE,LOW,Routine inquiry / order status check for DIST-PACIFIC-LOGISTICS,Standard operational correspondence regarding order fulfillment tracking and invoice reconciliation.,0.01
ZD-TK-1817,2025-11-11T08:57:00Z,NA-West,DIST-PACIFIC-LOGISTICS,PRICE_DISPUTE,MEDIUM,Routine inquiry / order status check for DIST-PACIFIC-LOGISTICS,Standard operational correspondence regarding order fulfillment tracking and invoice reconciliation.,-0.16
ZD-TK-1818,2025-11-11T16:02:00Z,NA-West,DIST-PACIFIC-LOGISTICS,PRODUCT_QUALITY,LOW,Routine inquiry / order status check for DIST-PACIFIC-LOGISTICS,Standard operational correspondence regarding order fulfillment tracking and invoice reconciliation.,-0.28
ZD-TK-1819,2025-11-12T15:37:00Z,NA-East,DIST-COASTAL-WHOLESALE,FULFILLMENT_DELAY,MEDIUM,Routine inquiry / order status check for DIST-COASTAL-WHOLESALE,Standard operational correspondence regarding order fulfillment tracking and invoice reconciliation.,-0.27
ZD-TK-1820,2025-11-12T17:00:00Z,NA-East,DIST-COASTAL-WHOLESALE,PRODUCT_QUALITY,LOW,Routine inquiry / order status check for DIST-COASTAL-WHOLESALE,Standard operational correspondence regarding order fulfillment tracking and invoice reconciliation.,-0.13
ZD-TK-1821,2025-11-12T16:48:00Z,NA-East,DIST-COASTAL-WHOLESALE,PRICE_DISPUTE,MEDIUM,Routine inquiry / order status check for DIST-COASTAL-WHOLESALE,Standard operational correspondence regarding order fulfillment tracking and invoice reconciliation.,-0.22
ZD-TK-1822,2025-11-12T15:36:00Z,NA-Central,DIST-MIDWEST-DIRECT,PRICE_DISPUTE,MEDIUM,Routine inquiry / order status check for DIST-MIDWEST-DIRECT,Standard operational correspondence regarding order fulfillment tracking and invoice reconciliation.,-0.15
ZD-TK-1823,2025-11-12T17:31:00Z,NA-Central,DIST-MIDWEST-DIRECT,PRICE_DISPUTE,MEDIUM,Routine inquiry / order status check for DIST-MIDWEST-DIRECT,Standard operational correspondence regarding order fulfillment tracking and invoice reconciliation.,-0.18
ZD-TK-1824,2025-11-12T15:54:00Z,NA-West,DIST-PACIFIC-LOGISTICS,FULFILLMENT_DELAY,MEDIUM,Routine inquiry / order status check for DIST-PACIFIC-LOGISTICS,Standard operational correspondence regarding order fulfillment tracking and invoice reconciliation.,-0.28
ZD-TK-1825,2025-11-12T16:15:00Z,NA-West,DIST-MOUNTAIN-PARTS,PRICE_DISPUTE,MEDIUM,Routine inquiry / order status check for DIST-MOUNTAIN-PARTS,Standard operational correspondence regarding order fulfillment tracking and invoice reconciliation.,-0.15
ZD-TK-1826,2025-11-13T17:44:00Z,NA-East,DIST-SUNBELT-PARTS,PRICE_DISPUTE,MEDIUM,Routine inquiry / order status check for DIST-SUNBELT-PARTS,Standard operational correspondence regarding order fulfillment tracking and invoice reconciliation.,-0.25
ZD-TK-1827,2025-11-13T14:54:00Z,NA-Central,DIST-GREATLAKES-SUPPLY,FULFILLMENT_DELAY,LOW,Routine inquiry / order status check for DIST-GREATLAKES-SUPPLY,Standard operational correspondence regarding order fulfillment tracking and invoice reconciliation.,-0.03
ZD-TK-1828,2025-11-13T17:02:00Z,NA-Central,DIST-MIDWEST-DIRECT,PRICE_DISPUTE,LOW,Routine inquiry / order status check for DIST-MIDWEST-DIRECT,Standard operational correspondence regarding order fulfillment tracking and invoice reconciliation.,0.01
ZD-TK-1829,2025-11-13T14:01:00Z,NA-Central,DIST-TEXAS-COMMERCIAL,PRICE_DISPUTE,MEDIUM,Routine inquiry / order status check for DIST-TEXAS-COMMERCIAL,Standard operational correspondence regarding order fulfillment tracking and invoice reconciliation.,0.05
ZD-TK-1830,2025-11-13T16:11:00Z,NA-West,DIST-PACIFIC-LOGISTICS,PRICE_DISPUTE,LOW,Routine inquiry / order status check for DIST-PACIFIC-LOGISTICS,Standard operational correspondence regarding order fulfillment tracking and invoice reconciliation.,-0.2
ZD-TK-1831,2025-11-14T11:09:00Z,NA-East,DIST-SUNBELT-PARTS,PRICE_DISPUTE,MEDIUM,Routine inquiry / order status check for DIST-SUNBELT-PARTS,Standard operational correspondence regarding order fulfillment tracking and invoice reconciliation.,0.06
ZD-TK-1832,2025-11-14T12:18:00Z,NA-East,DIST-TRI-STATE-OPS,FULFILLMENT_DELAY,MEDIUM,Routine inquiry / order status check for DIST-TRI-STATE-OPS,Standard operational correspondence regarding order fulfillment tracking and invoice reconciliation.,0.18
ZD-TK-1833,2025-11-14T15:37:00Z,NA-Central,DIST-MIDWEST-DIRECT,FULFILLMENT_DELAY,LOW,Routine inquiry / order status check for DIST-MIDWEST-DIRECT,Standard operational correspondence regarding order fulfillment tracking and invoice reconciliation.,-0.14
ZD-TK-1834,2025-11-14T08:11:00Z,NA-West,DIST-PACIFIC-LOGISTICS,PRICE_DISPUTE,MEDIUM,Routine inquiry / order status check for DIST-PACIFIC-LOGISTICS,Standard operational correspondence regarding order fulfillment tracking and invoice reconciliation.,0.35
ZD-TK-1835,2025-11-14T12:30:00Z,NA-West,DIST-CAL-ENTERPRISE,FULFILLMENT_DELAY,LOW,Routine inquiry / order status check for DIST-CAL-ENTERPRISE,Standard operational correspondence regarding order fulfillment tracking and invoice reconciliation.,-0.15
ZD-TK-1836,2025-11-15T09:20:00Z,NA-East,DIST-MIDATL-SUPPLY,PRODUCT_QUALITY,LOW,Routine inquiry / order status check for DIST-MIDATL-SUPPLY,Standard operational correspondence regarding order fulfillment tracking and invoice reconciliation.,0.24
ZD-TK-1837,2025-11-15T16:09:00Z,NA-East,DIST-TRI-STATE-OPS,FULFILLMENT_DELAY,MEDIUM,Routine inquiry / order status check for DIST-TRI-STATE-OPS,Standard operational correspondence regarding order fulfillment tracking and invoice reconciliation.,0.05
ZD-TK-1838,2025-11-15T11:00:00Z,NA-Central,DIST-GREATLAKES-SUPPLY,FULFILLMENT_DELAY,MEDIUM,Routine inquiry / order status check for DIST-GREATLAKES-SUPPLY,Standard operational correspondence regarding order fulfillment tracking and invoice reconciliation.,0.04
ZD-TK-1839,2025-11-15T13:24:00Z,NA-Central,DIST-TEXAS-COMMERCIAL,FULFILLMENT_DELAY,MEDIUM,Routine inquiry / order status check for DIST-TEXAS-COMMERCIAL,Standard operational correspondence regarding order fulfillment tracking and invoice reconciliation.,0.1
ZD-TK-1840,2025-11-15T09:45:00Z,NA-West,DIST-PACIFIC-LOGISTICS,PRODUCT_QUALITY,MEDIUM,Routine inquiry / order status check for DIST-PACIFIC-LOGISTICS,Standard operational correspondence regarding order fulfillment tracking and invoice reconciliation.,-0.09
ZD-TK-1841,2025-11-16T13:21:00Z,NA-East,DIST-APEX-EAST,FULFILLMENT_DELAY,MEDIUM,Routine inquiry / order status check for DIST-APEX-EAST,Standard operational correspondence regarding order fulfillment tracking and invoice reconciliation.,0.17
ZD-TK-1842,2025-11-16T08:25:00Z,NA-East,DIST-EMPIRE-IND,FULFILLMENT_DELAY,MEDIUM,Routine inquiry / order status check for DIST-EMPIRE-IND,Standard operational correspondence regarding order fulfillment tracking and invoice reconciliation.,0.01
ZD-TK-1843,2025-11-16T08:12:00Z,NA-Central,DIST-MIDWEST-DIRECT,PRODUCT_QUALITY,MEDIUM,Routine inquiry / order status check for DIST-MIDWEST-DIRECT,Standard operational correspondence regarding order fulfillment tracking and invoice reconciliation.,0.23
ZD-TK-1844,2025-11-16T10:52:00Z,NA-West,DIST-PACIFIC-LOGISTICS,PRODUCT_QUALITY,LOW,Routine inquiry / order status check for DIST-PACIFIC-LOGISTICS,Standard operational correspondence regarding order fulfillment tracking and invoice reconciliation.,-0.12
ZD-TK-1845,2025-11-17T11:13:00Z,NA-East,DIST-EMPIRE-IND,FULFILLMENT_DELAY,MEDIUM,Routine inquiry / order status check for DIST-EMPIRE-IND,Standard operational correspondence regarding order fulfillment tracking and invoice reconciliation.,-0.22
ZD-TK-1846,2025-11-17T10:04:00Z,NA-East,DIST-COASTAL-WHOLESALE,FULFILLMENT_DELAY,MEDIUM,Routine inquiry / order status check for DIST-COASTAL-WHOLESALE,Standard operational correspondence regarding order fulfillment tracking and invoice reconciliation.,-0.07
ZD-TK-1847,2025-11-17T10:17:00Z,NA-East,DIST-EMPIRE-IND,PRODUCT_QUALITY,MEDIUM,Routine inquiry / order status check for DIST-EMPIRE-IND,Standard operational correspondence regarding order fulfillment tracking and invoice reconciliation.,0.1
ZD-TK-1848,2025-11-17T10:29:00Z,NA-Central,DIST-TEXAS-COMMERCIAL,FULFILLMENT_DELAY,LOW,Routine inquiry / order status check for DIST-TEXAS-COMMERCIAL,Standard operational correspondence regarding order fulfillment tracking and invoice reconciliation.,0.12
ZD-TK-1849,2025-11-17T12:29:00Z,NA-West,DIST-MOUNTAIN-PARTS,PRICE_DISPUTE,MEDIUM,Routine inquiry / order status check for DIST-MOUNTAIN-PARTS,Standard operational correspondence regarding order fulfillment tracking and invoice reconciliation.,-0.08
ZD-TK-1850,2025-11-17T16:11:00Z,NA-West,DIST-CAL-ENTERPRISE,PRODUCT_QUALITY,LOW,Routine inquiry / order status check for DIST-CAL-ENTERPRISE,Standard operational correspondence regarding order fulfillment tracking and invoice reconciliation.,-0.0
ZD-TK-1851,2025-11-18T10:39:00Z,NA-East,DIST-EMPIRE-IND,PRODUCT_QUALITY,LOW,Routine inquiry / order status check for DIST-EMPIRE-IND,Standard operational correspondence regarding order fulfillment tracking and invoice reconciliation.,0.23
ZD-TK-1852,2025-11-18T12:57:00Z,NA-Central,DIST-GREATLAKES-SUPPLY,PRODUCT_QUALITY,MEDIUM,Routine inquiry / order status check for DIST-GREATLAKES-SUPPLY,Standard operational correspondence regarding order fulfillment tracking and invoice reconciliation.,0.14
ZD-TK-1853,2025-11-18T09:09:00Z,NA-Central,DIST-TEXAS-COMMERCIAL,PRODUCT_QUALITY,MEDIUM,Routine inquiry / order status check for DIST-TEXAS-COMMERCIAL,Standard operational correspondence regarding order fulfillment tracking and invoice reconciliation.,-0.12
ZD-TK-1854,2025-11-18T16:00:00Z,NA-Central,DIST-TEXAS-COMMERCIAL,PRODUCT_QUALITY,MEDIUM,Routine inquiry / order status check for DIST-TEXAS-COMMERCIAL,Standard operational correspondence regarding order fulfillment tracking and invoice reconciliation.,-0.08
ZD-TK-1855,2025-11-18T08:50:00Z,NA-West,DIST-PACIFIC-LOGISTICS,PRODUCT_QUALITY,MEDIUM,Routine inquiry / order status check for DIST-PACIFIC-LOGISTICS,Standard operational correspondence regarding order fulfillment tracking and invoice reconciliation.,0.04
ZD-TK-1856,2025-11-19T11:05:00Z,NA-East,DIST-APEX-EAST,PRODUCT_QUALITY,MEDIUM,Routine inquiry / order status check for DIST-APEX-EAST,Standard operational correspondence regarding order fulfillment tracking and invoice reconciliation.,-0.34
ZD-TK-1857,2025-11-19T11:55:00Z,NA-Central,DIST-TEXAS-COMMERCIAL,PRICE_DISPUTE,LOW,Routine inquiry / order status check for DIST-TEXAS-COMMERCIAL,Standard operational correspondence regarding order fulfillment tracking and invoice reconciliation.,0.02
ZD-TK-1858,2025-11-19T08:16:00Z,NA-Central,DIST-GREATLAKES-SUPPLY,PRODUCT_QUALITY,MEDIUM,Routine inquiry / order status check for DIST-GREATLAKES-SUPPLY,Standard operational correspondence regarding order fulfillment tracking and invoice reconciliation.,-0.11
ZD-TK-1859,2025-11-19T11:09:00Z,NA-West,DIST-CAL-ENTERPRISE,PRODUCT_QUALITY,LOW,Routine inquiry / order status check for DIST-CAL-ENTERPRISE,Standard operational correspondence regarding order fulfillment tracking and invoice reconciliation.,-0.1
ZD-TK-1860,2025-11-20T10:18:00Z,NA-East,DIST-EMPIRE-IND,FULFILLMENT_DELAY,LOW,Routine inquiry / order status check for DIST-EMPIRE-IND,Standard operational correspondence regarding order fulfillment tracking and invoice reconciliation.,-0.12
ZD-TK-1861,2025-11-20T16:47:00Z,NA-East,DIST-EMPIRE-IND,PRICE_DISPUTE,LOW,Routine inquiry / order status check for DIST-EMPIRE-IND,Standard operational correspondence regarding order fulfillment tracking and invoice reconciliation.,0.02
ZD-TK-1862,2025-11-20T10:06:00Z,NA-East,DIST-TRI-STATE-OPS,FULFILLMENT_DELAY,LOW,Routine inquiry / order status check for DIST-TRI-STATE-OPS,Standard operational correspondence regarding order fulfillment tracking and invoice reconciliation.,-0.32
ZD-TK-1863,2025-11-20T10:01:00Z,NA-Central,DIST-MIDWEST-DIRECT,PRODUCT_QUALITY,LOW,Routine inquiry / order status check for DIST-MIDWEST-DIRECT,Standard operational correspondence regarding order fulfillment tracking and invoice reconciliation.,0.1
ZD-TK-1864,2025-11-20T10:05:00Z,NA-Central,DIST-MIDWEST-DIRECT,PRODUCT_QUALITY,MEDIUM,Routine inquiry / order status check for DIST-MIDWEST-DIRECT,Standard operational correspondence regarding order fulfillment tracking and invoice reconciliation.,0.21
ZD-TK-1865,2025-11-20T08:46:00Z,NA-Central,DIST-TEXAS-COMMERCIAL,FULFILLMENT_DELAY,LOW,Routine inquiry / order status check for DIST-TEXAS-COMMERCIAL,Standard operational correspondence regarding order fulfillment tracking and invoice reconciliation.,-0.02
ZD-TK-1866,2025-11-20T12:36:00Z,NA-West,DIST-CAL-ENTERPRISE,FULFILLMENT_DELAY,LOW,Routine inquiry / order status check for DIST-CAL-ENTERPRISE,Standard operational correspondence regarding order fulfillment tracking and invoice reconciliation.,0.04
ZD-TK-1867,2025-11-21T13:04:00Z,NA-East,DIST-SUNBELT-PARTS,PRODUCT_QUALITY,MEDIUM,Routine inquiry / order status check for DIST-SUNBELT-PARTS,Standard operational correspondence regarding order fulfillment tracking and invoice reconciliation.,0.11
ZD-TK-1868,2025-11-21T08:59:00Z,NA-Central,DIST-GREATLAKES-SUPPLY,PRICE_DISPUTE,MEDIUM,Routine inquiry / order status check for DIST-GREATLAKES-SUPPLY,Standard operational correspondence regarding order fulfillment tracking and invoice reconciliation.,0.28
ZD-TK-1869,2025-11-21T15:24:00Z,NA-Central,DIST-GREATLAKES-SUPPLY,PRODUCT_QUALITY,MEDIUM,Routine inquiry / order status check for DIST-GREATLAKES-SUPPLY,Standard operational correspondence regarding order fulfillment tracking and invoice reconciliation.,-0.14
ZD-TK-1870,2025-11-21T11:51:00Z,NA-West,DIST-CAL-ENTERPRISE,FULFILLMENT_DELAY,MEDIUM,Routine inquiry / order status check for DIST-CAL-ENTERPRISE,Standard operational correspondence regarding order fulfillment tracking and invoice reconciliation.,0.0
ZD-TK-1871,2025-11-21T08:20:00Z,NA-West,DIST-PACIFIC-LOGISTICS,PRICE_DISPUTE,LOW,Routine inquiry / order status check for DIST-PACIFIC-LOGISTICS,Standard operational correspondence regarding order fulfillment tracking and invoice reconciliation.,0.19
ZD-TK-1872,2025-11-22T15:14:00Z,NA-East,DIST-SUNBELT-PARTS,PRODUCT_QUALITY,LOW,Routine inquiry / order status check for DIST-SUNBELT-PARTS,Standard operational correspondence regarding order fulfillment tracking and invoice reconciliation.,0.0
ZD-TK-1873,2025-11-22T09:25:00Z,NA-East,DIST-EMPIRE-IND,PRICE_DISPUTE,MEDIUM,Routine inquiry / order status check for DIST-EMPIRE-IND,Standard operational correspondence regarding order fulfillment tracking and invoice reconciliation.,-0.04
ZD-TK-1874,2025-11-22T11:41:00Z,NA-East,DIST-APEX-EAST,FULFILLMENT_DELAY,LOW,Routine inquiry / order status check for DIST-APEX-EAST,Standard operational correspondence regarding order fulfillment tracking and invoice reconciliation.,0.06
ZD-TK-1875,2025-11-22T12:32:00Z,NA-Central,DIST-GREATLAKES-SUPPLY,PRICE_DISPUTE,LOW,Routine inquiry / order status check for DIST-GREATLAKES-SUPPLY,Standard operational correspondence regarding order fulfillment tracking and invoice reconciliation.,0.16
ZD-TK-1876,2025-11-22T15:15:00Z,NA-Central,DIST-TEXAS-COMMERCIAL,PRODUCT_QUALITY,LOW,Routine inquiry / order status check for DIST-TEXAS-COMMERCIAL,Standard operational correspondence regarding order fulfillment tracking and invoice reconciliation.,0.18
ZD-TK-1877,2025-11-22T09:43:00Z,NA-West,DIST-PACIFIC-LOGISTICS,PRODUCT_QUALITY,LOW,Routine inquiry / order status check for DIST-PACIFIC-LOGISTICS,Standard operational correspondence regarding order fulfillment tracking and invoice reconciliation.,0.02
ZD-TK-1878,2025-11-22T09:07:00Z,NA-West,DIST-PACIFIC-LOGISTICS,PRICE_DISPUTE,MEDIUM,Routine inquiry / order status check for DIST-PACIFIC-LOGISTICS,Standard operational correspondence regarding order fulfillment tracking and invoice reconciliation.,-0.17
ZD-TK-1879,2025-11-23T16:53:00Z,NA-East,DIST-APEX-EAST,PRICE_DISPUTE,MEDIUM,Routine inquiry / order status check for DIST-APEX-EAST,Standard operational correspondence regarding order fulfillment tracking and invoice reconciliation.,-0.11
ZD-TK-1880,2025-11-23T11:02:00Z,NA-Central,DIST-TEXAS-COMMERCIAL,FULFILLMENT_DELAY,LOW,Routine inquiry / order status check for DIST-TEXAS-COMMERCIAL,Standard operational correspondence regarding order fulfillment tracking and invoice reconciliation.,-0.13
ZD-TK-1881,2025-11-23T16:14:00Z,NA-Central,DIST-MIDWEST-DIRECT,PRICE_DISPUTE,LOW,Routine inquiry / order status check for DIST-MIDWEST-DIRECT,Standard operational correspondence regarding order fulfillment tracking and invoice reconciliation.,-0.28
ZD-TK-1882,2025-11-23T14:23:00Z,NA-West,DIST-PACIFIC-LOGISTICS,PRICE_DISPUTE,LOW,Routine inquiry / order status check for DIST-PACIFIC-LOGISTICS,Standard operational correspondence regarding order fulfillment tracking and invoice reconciliation.,0.15
ZD-TK-1883,2025-11-24T10:03:00Z,NA-East,DIST-MIDATL-SUPPLY,FULFILLMENT_DELAY,LOW,Routine inquiry / order status check for DIST-MIDATL-SUPPLY,Standard operational correspondence regarding order fulfillment tracking and invoice reconciliation.,0.06
ZD-TK-1884,2025-11-24T12:21:00Z,NA-Central,DIST-GREATLAKES-SUPPLY,PRICE_DISPUTE,LOW,Routine inquiry / order status check for DIST-GREATLAKES-SUPPLY,Standard operational correspondence regarding order fulfillment tracking and invoice reconciliation.,0.01
ZD-TK-1885,2025-11-24T15:08:00Z,NA-West,DIST-PACIFIC-LOGISTICS,PRODUCT_QUALITY,LOW,Routine inquiry / order status check for DIST-PACIFIC-LOGISTICS,Standard operational correspondence regarding order fulfillment tracking and invoice reconciliation.,0.16
ZD-TK-1886,2025-11-24T14:09:00Z,NA-West,DIST-MOUNTAIN-PARTS,PRICE_DISPUTE,LOW,Routine inquiry / order status check for DIST-MOUNTAIN-PARTS,Standard operational correspondence regarding order fulfillment tracking and invoice reconciliation.,-0.1
ZD-TK-1887,2025-11-25T10:58:00Z,NA-East,DIST-SUNBELT-PARTS,PRODUCT_QUALITY,LOW,Routine inquiry / order status check for DIST-SUNBELT-PARTS,Standard operational correspondence regarding order fulfillment tracking and invoice reconciliation.,-0.32
ZD-TK-1888,2025-11-25T16:45:00Z,NA-Central,DIST-TEXAS-COMMERCIAL,PRODUCT_QUALITY,LOW,Routine inquiry / order status check for DIST-TEXAS-COMMERCIAL,Standard operational correspondence regarding order fulfillment tracking and invoice reconciliation.,0.33
ZD-TK-1889,2025-11-25T16:35:00Z,NA-West,DIST-MOUNTAIN-PARTS,FULFILLMENT_DELAY,LOW,Routine inquiry / order status check for DIST-MOUNTAIN-PARTS,Standard operational correspondence regarding order fulfillment tracking and invoice reconciliation.,-0.28
ZD-TK-1890,2025-11-25T17:08:00Z,NA-West,DIST-MOUNTAIN-PARTS,PRICE_DISPUTE,LOW,Routine inquiry / order status check for DIST-MOUNTAIN-PARTS,Standard operational correspondence regarding order fulfillment tracking and invoice reconciliation.,-0.22
ZD-TK-1891,2025-11-26T15:38:00Z,NA-East,DIST-SUNBELT-PARTS,PRICE_DISPUTE,MEDIUM,Routine inquiry / order status check for DIST-SUNBELT-PARTS,Standard operational correspondence regarding order fulfillment tracking and invoice reconciliation.,0.02
ZD-TK-1892,2025-11-26T17:34:00Z,NA-Central,DIST-MIDWEST-DIRECT,FULFILLMENT_DELAY,LOW,Routine inquiry / order status check for DIST-MIDWEST-DIRECT,Standard operational correspondence regarding order fulfillment tracking and invoice reconciliation.,-0.25
ZD-TK-1893,2025-11-26T16:00:00Z,NA-Central,DIST-GREATLAKES-SUPPLY,PRODUCT_QUALITY,MEDIUM,Routine inquiry / order status check for DIST-GREATLAKES-SUPPLY,Standard operational correspondence regarding order fulfillment tracking and invoice reconciliation.,-0.29
ZD-TK-1894,2025-11-26T17:13:00Z,NA-Central,DIST-TEXAS-COMMERCIAL,PRICE_DISPUTE,LOW,Routine inquiry / order status check for DIST-TEXAS-COMMERCIAL,Standard operational correspondence regarding order fulfillment tracking and invoice reconciliation.,0.17
ZD-TK-1895,2025-11-26T14:11:00Z,NA-West,DIST-MOUNTAIN-PARTS,PRODUCT_QUALITY,LOW,Routine inquiry / order status check for DIST-MOUNTAIN-PARTS,Standard operational correspondence regarding order fulfillment tracking and invoice reconciliation.,0.04
ZD-TK-1896,2025-11-26T11:18:00Z,NA-West,DIST-PACIFIC-LOGISTICS,FULFILLMENT_DELAY,MEDIUM,Routine inquiry / order status check for DIST-PACIFIC-LOGISTICS,Standard operational correspondence regarding order fulfillment tracking and invoice reconciliation.,-0.2
ZD-TK-1897,2025-11-27T08:30:00Z,NA-East,DIST-COASTAL-WHOLESALE,FULFILLMENT_DELAY,LOW,Routine inquiry / order status check for DIST-COASTAL-WHOLESALE,Standard operational correspondence regarding order fulfillment tracking and invoice reconciliation.,-0.18
ZD-TK-1898,2025-11-27T15:15:00Z,NA-East,DIST-COASTAL-WHOLESALE,PRICE_DISPUTE,MEDIUM,Routine inquiry / order status check for DIST-COASTAL-WHOLESALE,Standard operational correspondence regarding order fulfillment tracking and invoice reconciliation.,0.13
ZD-TK-1899,2025-11-27T15:40:00Z,NA-Central,DIST-TEXAS-COMMERCIAL,PRICE_DISPUTE,LOW,Routine inquiry / order status check for DIST-TEXAS-COMMERCIAL,Standard operational correspondence regarding order fulfillment tracking and invoice reconciliation.,-0.01
ZD-TK-1900,2025-11-27T15:16:00Z,NA-West,DIST-PACIFIC-LOGISTICS,PRODUCT_QUALITY,LOW,Routine inquiry / order status check for DIST-PACIFIC-LOGISTICS,Standard operational correspondence regarding order fulfillment tracking and invoice reconciliation.,-0.23
ZD-TK-1901,2025-11-28T13:28:00Z,NA-East,DIST-COASTAL-WHOLESALE,PRODUCT_QUALITY,LOW,Routine inquiry / order status check for DIST-COASTAL-WHOLESALE,Standard operational correspondence regarding order fulfillment tracking and invoice reconciliation.,0.28
ZD-TK-1902,2025-11-28T17:06:00Z,NA-East,DIST-MIDATL-SUPPLY,FULFILLMENT_DELAY,LOW,Routine inquiry / order status check for DIST-MIDATL-SUPPLY,Standard operational correspondence regarding order fulfillment tracking and invoice reconciliation.,-0.3
ZD-TK-1903,2025-11-28T17:36:00Z,NA-East,DIST-TRI-STATE-OPS,PRICE_DISPUTE,MEDIUM,Routine inquiry / order status check for DIST-TRI-STATE-OPS,Standard operational correspondence regarding order fulfillment tracking and invoice reconciliation.,-0.09
ZD-TK-1904,2025-11-28T09:05:00Z,NA-Central,DIST-GREATLAKES-SUPPLY,FULFILLMENT_DELAY,LOW,Routine inquiry / order status check for DIST-GREATLAKES-SUPPLY,Standard operational correspondence regarding order fulfillment tracking and invoice reconciliation.,-0.19
ZD-TK-1905,2025-11-28T08:02:00Z,NA-Central,DIST-GREATLAKES-SUPPLY,FULFILLMENT_DELAY,LOW,Routine inquiry / order status check for DIST-GREATLAKES-SUPPLY,Standard operational correspondence regarding order fulfillment tracking and invoice reconciliation.,0.24
ZD-TK-1906,2025-11-28T13:56:00Z,NA-West,DIST-PACIFIC-LOGISTICS,FULFILLMENT_DELAY,MEDIUM,Routine inquiry / order status check for DIST-PACIFIC-LOGISTICS,Standard operational correspondence regarding order fulfillment tracking and invoice reconciliation.,0.19
ZD-TK-1907,2025-11-29T11:40:00Z,NA-East,DIST-TRI-STATE-OPS,PRICE_DISPUTE,LOW,Routine inquiry / order status check for DIST-TRI-STATE-OPS,Standard operational correspondence regarding order fulfillment tracking and invoice reconciliation.,0.0
ZD-TK-1908,2025-11-29T12:32:00Z,NA-Central,DIST-TEXAS-COMMERCIAL,PRODUCT_QUALITY,LOW,Routine inquiry / order status check for DIST-TEXAS-COMMERCIAL,Standard operational correspondence regarding order fulfillment tracking and invoice reconciliation.,-0.25
ZD-TK-1909,2025-11-29T14:51:00Z,NA-Central,DIST-TEXAS-COMMERCIAL,FULFILLMENT_DELAY,MEDIUM,Routine inquiry / order status check for DIST-TEXAS-COMMERCIAL,Standard operational correspondence regarding order fulfillment tracking and invoice reconciliation.,0.22
ZD-TK-1910,2025-11-29T11:49:00Z,NA-West,DIST-CAL-ENTERPRISE,PRODUCT_QUALITY,MEDIUM,Routine inquiry / order status check for DIST-CAL-ENTERPRISE,Standard operational correspondence regarding order fulfillment tracking and invoice reconciliation.,0.23
ZD-TK-1911,2025-11-29T08:02:00Z,NA-West,DIST-CAL-ENTERPRISE,PRODUCT_QUALITY,MEDIUM,Routine inquiry / order status check for DIST-CAL-ENTERPRISE,Standard operational correspondence regarding order fulfillment tracking and invoice reconciliation.,-0.23
ZD-TK-1912,2025-11-29T14:41:00Z,NA-West,DIST-CAL-ENTERPRISE,FULFILLMENT_DELAY,LOW,Routine inquiry / order status check for DIST-CAL-ENTERPRISE,Standard operational correspondence regarding order fulfillment tracking and invoice reconciliation.,-0.04
ZD-TK-1913,2025-11-30T10:01:00Z,NA-East,DIST-SUNBELT-PARTS,FULFILLMENT_DELAY,MEDIUM,Routine inquiry / order status check for DIST-SUNBELT-PARTS,Standard operational correspondence regarding order fulfillment tracking and invoice reconciliation.,-0.09
ZD-TK-1914,2025-11-30T14:22:00Z,NA-East,DIST-APEX-EAST,PRODUCT_QUALITY,MEDIUM,Routine inquiry / order status check for DIST-APEX-EAST,Standard operational correspondence regarding order fulfillment tracking and invoice reconciliation.,0.16
ZD-TK-1915,2025-11-30T11:40:00Z,NA-East,DIST-COASTAL-WHOLESALE,PRODUCT_QUALITY,MEDIUM,Routine inquiry / order status check for DIST-COASTAL-WHOLESALE,Standard operational correspondence regarding order fulfillment tracking and invoice reconciliation.,0.34
ZD-TK-1916,2025-11-30T11:37:00Z,NA-Central,DIST-GREATLAKES-SUPPLY,PRICE_DISPUTE,MEDIUM,Routine inquiry / order status check for DIST-GREATLAKES-SUPPLY,Standard operational correspondence regarding order fulfillment tracking and invoice reconciliation.,0.28
ZD-TK-1917,2025-11-30T15:35:00Z,NA-Central,DIST-MIDWEST-DIRECT,PRODUCT_QUALITY,MEDIUM,Routine inquiry / order status check for DIST-MIDWEST-DIRECT,Standard operational correspondence regarding order fulfillment tracking and invoice reconciliation.,-0.06
ZD-TK-1918,2025-11-30T11:38:00Z,NA-Central,DIST-GREATLAKES-SUPPLY,PRICE_DISPUTE,LOW,Routine inquiry / order status check for DIST-GREATLAKES-SUPPLY,Standard operational correspondence regarding order fulfillment tracking and invoice reconciliation.,0.21
ZD-TK-1919,2025-11-30T13:08:00Z,NA-West,DIST-CAL-ENTERPRISE,FULFILLMENT_DELAY,MEDIUM,Routine inquiry / order status check for DIST-CAL-ENTERPRISE,Standard operational correspondence regarding order fulfillment tracking and invoice reconciliation.,-0.24
ZD-TK-1920,2025-11-30T11:07:00Z,NA-West,DIST-MOUNTAIN-PARTS,FULFILLMENT_DELAY,LOW,Routine inquiry / order status check for DIST-MOUNTAIN-PARTS,Standard operational correspondence regarding order fulfillment tracking and invoice reconciliation.,0.22
ZD-TK-1921,2025-11-30T16:39:00Z,NA-West,DIST-PACIFIC-LOGISTICS,PRICE_DISPUTE,LOW,Routine inquiry / order status check for DIST-PACIFIC-LOGISTICS,Standard operational correspondence regarding order fulfillment tracking and invoice reconciliation.,-0.25
ZD-TK-1922,2025-12-01T14:48:00Z,NA-East,DIST-APEX-EAST,PRODUCT_QUALITY,MEDIUM,Routine inquiry / order status check for DIST-APEX-EAST,Standard operational correspondence regarding order fulfillment tracking and invoice reconciliation.,0.16
ZD-TK-1923,2025-12-01T10:54:00Z,NA-Central,DIST-MIDWEST-DIRECT,PRODUCT_QUALITY,MEDIUM,Routine inquiry / order status check for DIST-MIDWEST-DIRECT,Standard operational correspondence regarding order fulfillment tracking and invoice reconciliation.,0.35
ZD-TK-1924,2025-12-01T12:00:00Z,NA-Central,DIST-MIDWEST-DIRECT,PRICE_DISPUTE,MEDIUM,Routine inquiry / order status check for DIST-MIDWEST-DIRECT,Standard operational correspondence regarding order fulfillment tracking and invoice reconciliation.,0.03
ZD-TK-1925,2025-12-01T12:32:00Z,NA-Central,DIST-GREATLAKES-SUPPLY,FULFILLMENT_DELAY,LOW,Routine inquiry / order status check for DIST-GREATLAKES-SUPPLY,Standard operational correspondence regarding order fulfillment tracking and invoice reconciliation.,0.05
ZD-TK-1926,2025-12-01T11:29:00Z,NA-West,DIST-PACIFIC-LOGISTICS,PRICE_DISPUTE,LOW,Routine inquiry / order status check for DIST-PACIFIC-LOGISTICS,Standard operational correspondence regarding order fulfillment tracking and invoice reconciliation.,-0.22
ZD-TK-1927,2025-12-01T17:10:00Z,NA-West,DIST-MOUNTAIN-PARTS,PRICE_DISPUTE,MEDIUM,Routine inquiry / order status check for DIST-MOUNTAIN-PARTS,Standard operational correspondence regarding order fulfillment tracking and invoice reconciliation.,0.34
ZD-TK-1928,2025-12-02T13:11:00Z,NA-East,DIST-COASTAL-WHOLESALE,FULFILLMENT_DELAY,LOW,Routine inquiry / order status check for DIST-COASTAL-WHOLESALE,Standard operational correspondence regarding order fulfillment tracking and invoice reconciliation.,0.32
ZD-TK-1929,2025-12-02T08:19:00Z,NA-Central,DIST-GREATLAKES-SUPPLY,PRODUCT_QUALITY,MEDIUM,Routine inquiry / order status check for DIST-GREATLAKES-SUPPLY,Standard operational correspondence regarding order fulfillment tracking and invoice reconciliation.,-0.06
ZD-TK-1930,2025-12-02T11:16:00Z,NA-West,DIST-PACIFIC-LOGISTICS,FULFILLMENT_DELAY,MEDIUM,Routine inquiry / order status check for DIST-PACIFIC-LOGISTICS,Standard operational correspondence regarding order fulfillment tracking and invoice reconciliation.,-0.24
ZD-TK-1931,2025-12-02T15:03:00Z,NA-West,DIST-MOUNTAIN-PARTS,PRICE_DISPUTE,LOW,Routine inquiry / order status check for DIST-MOUNTAIN-PARTS,Standard operational correspondence regarding order fulfillment tracking and invoice reconciliation.,-0.07
ZD-TK-1932,2025-12-03T15:30:00Z,NA-East,DIST-TRI-STATE-OPS,PRODUCT_QUALITY,MEDIUM,Routine inquiry / order status check for DIST-TRI-STATE-OPS,Standard operational correspondence regarding order fulfillment tracking and invoice reconciliation.,-0.17
ZD-TK-1933,2025-12-03T13:18:00Z,NA-Central,DIST-TEXAS-COMMERCIAL,FULFILLMENT_DELAY,MEDIUM,Routine inquiry / order status check for DIST-TEXAS-COMMERCIAL,Standard operational correspondence regarding order fulfillment tracking and invoice reconciliation.,-0.15
ZD-TK-1934,2025-12-03T14:26:00Z,NA-Central,DIST-TEXAS-COMMERCIAL,FULFILLMENT_DELAY,MEDIUM,Routine inquiry / order status check for DIST-TEXAS-COMMERCIAL,Standard operational correspondence regarding order fulfillment tracking and invoice reconciliation.,-0.05
ZD-TK-1935,2025-12-03T11:02:00Z,NA-West,DIST-MOUNTAIN-PARTS,PRICE_DISPUTE,MEDIUM,Routine inquiry / order status check for DIST-MOUNTAIN-PARTS,Standard operational correspondence regarding order fulfillment tracking and invoice reconciliation.,-0.33
ZD-TK-1936,2025-12-03T17:27:00Z,NA-West,DIST-MOUNTAIN-PARTS,FULFILLMENT_DELAY,MEDIUM,Routine inquiry / order status check for DIST-MOUNTAIN-PARTS,Standard operational correspondence regarding order fulfillment tracking and invoice reconciliation.,0.15
ZD-TK-1937,2025-12-04T13:55:00Z,NA-East,DIST-EMPIRE-IND,FULFILLMENT_DELAY,LOW,Routine inquiry / order status check for DIST-EMPIRE-IND,Standard operational correspondence regarding order fulfillment tracking and invoice reconciliation.,0.18
ZD-TK-1938,2025-12-04T17:05:00Z,NA-Central,DIST-TEXAS-COMMERCIAL,PRODUCT_QUALITY,LOW,Routine inquiry / order status check for DIST-TEXAS-COMMERCIAL,Standard operational correspondence regarding order fulfillment tracking and invoice reconciliation.,0.28
ZD-TK-1939,2025-12-04T16:35:00Z,NA-Central,DIST-MIDWEST-DIRECT,PRODUCT_QUALITY,LOW,Routine inquiry / order status check for DIST-MIDWEST-DIRECT,Standard operational correspondence regarding order fulfillment tracking and invoice reconciliation.,0.05
ZD-TK-1940,2025-12-04T17:16:00Z,NA-West,DIST-MOUNTAIN-PARTS,PRICE_DISPUTE,MEDIUM,Routine inquiry / order status check for DIST-MOUNTAIN-PARTS,Standard operational correspondence regarding order fulfillment tracking and invoice reconciliation.,0.34
ZD-TK-1941,2025-12-04T14:00:00Z,NA-West,DIST-CAL-ENTERPRISE,PRODUCT_QUALITY,MEDIUM,Routine inquiry / order status check for DIST-CAL-ENTERPRISE,Standard operational correspondence regarding order fulfillment tracking and invoice reconciliation.,0.1
ZD-TK-1942,2025-12-04T11:56:00Z,NA-West,DIST-PACIFIC-LOGISTICS,PRICE_DISPUTE,MEDIUM,Routine inquiry / order status check for DIST-PACIFIC-LOGISTICS,Standard operational correspondence regarding order fulfillment tracking and invoice reconciliation.,0.23
ZD-TK-1943,2025-12-05T08:47:00Z,NA-East,DIST-TRI-STATE-OPS,PRICE_DISPUTE,MEDIUM,Routine inquiry / order status check for DIST-TRI-STATE-OPS,Standard operational correspondence regarding order fulfillment tracking and invoice reconciliation.,0.24
ZD-TK-1944,2025-12-05T14:40:00Z,NA-Central,DIST-TEXAS-COMMERCIAL,PRICE_DISPUTE,LOW,Routine inquiry / order status check for DIST-TEXAS-COMMERCIAL,Standard operational correspondence regarding order fulfillment tracking and invoice reconciliation.,0.28
ZD-TK-1945,2025-12-05T13:21:00Z,NA-Central,DIST-TEXAS-COMMERCIAL,FULFILLMENT_DELAY,MEDIUM,Routine inquiry / order status check for DIST-TEXAS-COMMERCIAL,Standard operational correspondence regarding order fulfillment tracking and invoice reconciliation.,-0.05
ZD-TK-1946,2025-12-05T17:25:00Z,NA-West,DIST-MOUNTAIN-PARTS,PRICE_DISPUTE,LOW,Routine inquiry / order status check for DIST-MOUNTAIN-PARTS,Standard operational correspondence regarding order fulfillment tracking and invoice reconciliation.,-0.31
ZD-TK-1947,2025-12-06T17:48:00Z,NA-East,DIST-APEX-EAST,PRICE_DISPUTE,MEDIUM,Routine inquiry / order status check for DIST-APEX-EAST,Standard operational correspondence regarding order fulfillment tracking and invoice reconciliation.,0.02
ZD-TK-1948,2025-12-06T12:55:00Z,NA-Central,DIST-GREATLAKES-SUPPLY,FULFILLMENT_DELAY,LOW,Routine inquiry / order status check for DIST-GREATLAKES-SUPPLY,Standard operational correspondence regarding order fulfillment tracking and invoice reconciliation.,0.23
ZD-TK-1949,2025-12-06T08:16:00Z,NA-Central,DIST-GREATLAKES-SUPPLY,PRICE_DISPUTE,MEDIUM,Routine inquiry / order status check for DIST-GREATLAKES-SUPPLY,Standard operational correspondence regarding order fulfillment tracking and invoice reconciliation.,-0.05
ZD-TK-1950,2025-12-06T11:51:00Z,NA-Central,DIST-MIDWEST-DIRECT,PRODUCT_QUALITY,MEDIUM,Routine inquiry / order status check for DIST-MIDWEST-DIRECT,Standard operational correspondence regarding order fulfillment tracking and invoice reconciliation.,0.14
ZD-TK-1951,2025-12-06T11:49:00Z,NA-West,DIST-PACIFIC-LOGISTICS,FULFILLMENT_DELAY,LOW,Routine inquiry / order status check for DIST-PACIFIC-LOGISTICS,Standard operational correspondence regarding order fulfillment tracking and invoice reconciliation.,0.12
ZD-TK-1952,2025-12-07T11:14:00Z,NA-East,DIST-TRI-STATE-OPS,PRICE_DISPUTE,MEDIUM,Routine inquiry / order status check for DIST-TRI-STATE-OPS,Standard operational correspondence regarding order fulfillment tracking and invoice reconciliation.,-0.3
ZD-TK-1953,2025-12-07T15:12:00Z,NA-East,DIST-MIDATL-SUPPLY,PRICE_DISPUTE,MEDIUM,Routine inquiry / order status check for DIST-MIDATL-SUPPLY,Standard operational correspondence regarding order fulfillment tracking and invoice reconciliation.,-0.08
ZD-TK-1954,2025-12-07T12:45:00Z,NA-East,DIST-APEX-EAST,PRICE_DISPUTE,MEDIUM,Routine inquiry / order status check for DIST-APEX-EAST,Standard operational correspondence regarding order fulfillment tracking and invoice reconciliation.,0.35
ZD-TK-1955,2025-12-07T17:18:00Z,NA-Central,DIST-GREATLAKES-SUPPLY,FULFILLMENT_DELAY,MEDIUM,Routine inquiry / order status check for DIST-GREATLAKES-SUPPLY,Standard operational correspondence regarding order fulfillment tracking and invoice reconciliation.,-0.07
ZD-TK-1956,2025-12-07T12:23:00Z,NA-Central,DIST-MIDWEST-DIRECT,FULFILLMENT_DELAY,MEDIUM,Routine inquiry / order status check for DIST-MIDWEST-DIRECT,Standard operational correspondence regarding order fulfillment tracking and invoice reconciliation.,-0.25
ZD-TK-1957,2025-12-07T08:02:00Z,NA-West,DIST-CAL-ENTERPRISE,FULFILLMENT_DELAY,LOW,Routine inquiry / order status check for DIST-CAL-ENTERPRISE,Standard operational correspondence regarding order fulfillment tracking and invoice reconciliation.,0.17
ZD-TK-1958,2025-12-07T08:40:00Z,NA-West,DIST-CAL-ENTERPRISE,PRODUCT_QUALITY,LOW,Routine inquiry / order status check for DIST-CAL-ENTERPRISE,Standard operational correspondence regarding order fulfillment tracking and invoice reconciliation.,0.27
ZD-TK-1959,2025-12-07T11:42:00Z,NA-West,DIST-MOUNTAIN-PARTS,PRICE_DISPUTE,LOW,Routine inquiry / order status check for DIST-MOUNTAIN-PARTS,Standard operational correspondence regarding order fulfillment tracking and invoice reconciliation.,0.13
ZD-TK-1960,2025-12-08T14:34:00Z,NA-East,DIST-SUNBELT-PARTS,PRICE_DISPUTE,LOW,Routine inquiry / order status check for DIST-SUNBELT-PARTS,Standard operational correspondence regarding order fulfillment tracking and invoice reconciliation.,0.13
ZD-TK-1961,2025-12-08T13:37:00Z,NA-Central,DIST-MIDWEST-DIRECT,PRODUCT_QUALITY,LOW,Routine inquiry / order status check for DIST-MIDWEST-DIRECT,Standard operational correspondence regarding order fulfillment tracking and invoice reconciliation.,-0.25
ZD-TK-1962,2025-12-08T17:56:00Z,NA-West,DIST-PACIFIC-LOGISTICS,PRODUCT_QUALITY,MEDIUM,Routine inquiry / order status check for DIST-PACIFIC-LOGISTICS,Standard operational correspondence regarding order fulfillment tracking and invoice reconciliation.,-0.31
ZD-TK-1963,2025-12-08T08:00:00Z,NA-West,DIST-MOUNTAIN-PARTS,PRICE_DISPUTE,LOW,Routine inquiry / order status check for DIST-MOUNTAIN-PARTS,Standard operational correspondence regarding order fulfillment tracking and invoice reconciliation.,-0.15
ZD-TK-1964,2025-12-09T10:09:00Z,NA-East,DIST-EMPIRE-IND,FULFILLMENT_DELAY,LOW,Routine inquiry / order status check for DIST-EMPIRE-IND,Standard operational correspondence regarding order fulfillment tracking and invoice reconciliation.,0.22
ZD-TK-1965,2025-12-09T11:37:00Z,NA-East,DIST-EMPIRE-IND,PRICE_DISPUTE,MEDIUM,Routine inquiry / order status check for DIST-EMPIRE-IND,Standard operational correspondence regarding order fulfillment tracking and invoice reconciliation.,-0.11
ZD-TK-1966,2025-12-09T14:04:00Z,NA-East,DIST-COASTAL-WHOLESALE,PRODUCT_QUALITY,LOW,Routine inquiry / order status check for DIST-COASTAL-WHOLESALE,Standard operational correspondence regarding order fulfillment tracking and invoice reconciliation.,0.2
ZD-TK-1967,2025-12-09T10:06:00Z,NA-Central,DIST-TEXAS-COMMERCIAL,FULFILLMENT_DELAY,MEDIUM,Routine inquiry / order status check for DIST-TEXAS-COMMERCIAL,Standard operational correspondence regarding order fulfillment tracking and invoice reconciliation.,0.32
ZD-TK-1968,2025-12-09T11:59:00Z,NA-Central,DIST-TEXAS-COMMERCIAL,PRICE_DISPUTE,MEDIUM,Routine inquiry / order status check for DIST-TEXAS-COMMERCIAL,Standard operational correspondence regarding order fulfillment tracking and invoice reconciliation.,0.03
ZD-TK-1969,2025-12-09T16:19:00Z,NA-Central,DIST-GREATLAKES-SUPPLY,PRICE_DISPUTE,MEDIUM,Routine inquiry / order status check for DIST-GREATLAKES-SUPPLY,Standard operational correspondence regarding order fulfillment tracking and invoice reconciliation.,0.13
ZD-TK-1970,2025-12-09T09:01:00Z,NA-West,DIST-PACIFIC-LOGISTICS,PRODUCT_QUALITY,LOW,Routine inquiry / order status check for DIST-PACIFIC-LOGISTICS,Standard operational correspondence regarding order fulfillment tracking and invoice reconciliation.,0.13
ZD-TK-1971,2025-12-10T16:01:00Z,NA-East,DIST-TRI-STATE-OPS,PRODUCT_QUALITY,MEDIUM,Routine inquiry / order status check for DIST-TRI-STATE-OPS,Standard operational correspondence regarding order fulfillment tracking and invoice reconciliation.,-0.14
ZD-TK-1972,2025-12-10T10:53:00Z,NA-Central,DIST-MIDWEST-DIRECT,PRICE_DISPUTE,LOW,Routine inquiry / order status check for DIST-MIDWEST-DIRECT,Standard operational correspondence regarding order fulfillment tracking and invoice reconciliation.,-0.21
ZD-TK-1973,2025-12-10T10:12:00Z,NA-Central,DIST-MIDWEST-DIRECT,FULFILLMENT_DELAY,LOW,Routine inquiry / order status check for DIST-MIDWEST-DIRECT,Standard operational correspondence regarding order fulfillment tracking and invoice reconciliation.,0.19
ZD-TK-1974,2025-12-10T12:28:00Z,NA-Central,DIST-MIDWEST-DIRECT,FULFILLMENT_DELAY,LOW,Routine inquiry / order status check for DIST-MIDWEST-DIRECT,Standard operational correspondence regarding order fulfillment tracking and invoice reconciliation.,0.34
ZD-TK-1975,2025-12-10T14:53:00Z,NA-West,DIST-MOUNTAIN-PARTS,PRODUCT_QUALITY,MEDIUM,Routine inquiry / order status check for DIST-MOUNTAIN-PARTS,Standard operational correspondence regarding order fulfillment tracking and invoice reconciliation.,-0.02
ZD-TK-1976,2025-12-11T15:36:00Z,NA-East,DIST-COASTAL-WHOLESALE,PRICE_DISPUTE,MEDIUM,Routine inquiry / order status check for DIST-COASTAL-WHOLESALE,Standard operational correspondence regarding order fulfillment tracking and invoice reconciliation.,0.29
ZD-TK-1977,2025-12-11T16:49:00Z,NA-East,DIST-SUNBELT-PARTS,FULFILLMENT_DELAY,MEDIUM,Routine inquiry / order status check for DIST-SUNBELT-PARTS,Standard operational correspondence regarding order fulfillment tracking and invoice reconciliation.,0.01
ZD-TK-1978,2025-12-11T08:15:00Z,NA-Central,DIST-GREATLAKES-SUPPLY,PRICE_DISPUTE,MEDIUM,Routine inquiry / order status check for DIST-GREATLAKES-SUPPLY,Standard operational correspondence regarding order fulfillment tracking and invoice reconciliation.,0.24
ZD-TK-1979,2025-12-11T14:54:00Z,NA-West,DIST-MOUNTAIN-PARTS,PRODUCT_QUALITY,MEDIUM,Routine inquiry / order status check for DIST-MOUNTAIN-PARTS,Standard operational correspondence regarding order fulfillment tracking and invoice reconciliation.,0.28
ZD-TK-1980,2025-12-11T15:32:00Z,NA-West,DIST-PACIFIC-LOGISTICS,PRICE_DISPUTE,LOW,Routine inquiry / order status check for DIST-PACIFIC-LOGISTICS,Standard operational correspondence regarding order fulfillment tracking and invoice reconciliation.,0.0
ZD-TK-1981,2025-12-11T11:45:00Z,NA-West,DIST-CAL-ENTERPRISE,PRODUCT_QUALITY,MEDIUM,Routine inquiry / order status check for DIST-CAL-ENTERPRISE,Standard operational correspondence regarding order fulfillment tracking and invoice reconciliation.,0.08
ZD-TK-1982,2025-12-12T17:45:00Z,NA-East,DIST-MIDATL-SUPPLY,PRICE_DISPUTE,MEDIUM,Routine inquiry / order status check for DIST-MIDATL-SUPPLY,Standard operational correspondence regarding order fulfillment tracking and invoice reconciliation.,0.33
ZD-TK-1983,2025-12-12T13:01:00Z,NA-Central,DIST-TEXAS-COMMERCIAL,PRICE_DISPUTE,LOW,Routine inquiry / order status check for DIST-TEXAS-COMMERCIAL,Standard operational correspondence regarding order fulfillment tracking and invoice reconciliation.,-0.31
ZD-TK-1984,2025-12-12T15:53:00Z,NA-West,DIST-CAL-ENTERPRISE,FULFILLMENT_DELAY,LOW,Routine inquiry / order status check for DIST-CAL-ENTERPRISE,Standard operational correspondence regarding order fulfillment tracking and invoice reconciliation.,0.18
ZD-TK-1985,2025-12-12T14:23:00Z,NA-West,DIST-MOUNTAIN-PARTS,PRICE_DISPUTE,MEDIUM,Routine inquiry / order status check for DIST-MOUNTAIN-PARTS,Standard operational correspondence regarding order fulfillment tracking and invoice reconciliation.,0.12
ZD-TK-1986,2025-12-12T12:14:00Z,NA-West,DIST-PACIFIC-LOGISTICS,FULFILLMENT_DELAY,MEDIUM,Routine inquiry / order status check for DIST-PACIFIC-LOGISTICS,Standard operational correspondence regarding order fulfillment tracking and invoice reconciliation.,0.09
ZD-TK-1987,2025-12-13T11:09:00Z,NA-East,DIST-APEX-EAST,PRICE_DISPUTE,LOW,Routine inquiry / order status check for DIST-APEX-EAST,Standard operational correspondence regarding order fulfillment tracking and invoice reconciliation.,-0.21
ZD-TK-1988,2025-12-13T13:22:00Z,NA-Central,DIST-MIDWEST-DIRECT,PRODUCT_QUALITY,LOW,Routine inquiry / order status check for DIST-MIDWEST-DIRECT,Standard operational correspondence regarding order fulfillment tracking and invoice reconciliation.,0.08
ZD-TK-1989,2025-12-13T11:20:00Z,NA-Central,DIST-GREATLAKES-SUPPLY,FULFILLMENT_DELAY,LOW,Routine inquiry / order status check for DIST-GREATLAKES-SUPPLY,Standard operational correspondence regarding order fulfillment tracking and invoice reconciliation.,-0.03
ZD-TK-1990,2025-12-13T11:16:00Z,NA-Central,DIST-GREATLAKES-SUPPLY,FULFILLMENT_DELAY,LOW,Routine inquiry / order status check for DIST-GREATLAKES-SUPPLY,Standard operational correspondence regarding order fulfillment tracking and invoice reconciliation.,0.35
ZD-TK-1991,2025-12-13T08:44:00Z,NA-West,DIST-PACIFIC-LOGISTICS,FULFILLMENT_DELAY,LOW,Routine inquiry / order status check for DIST-PACIFIC-LOGISTICS,Standard operational correspondence regarding order fulfillment tracking and invoice reconciliation.,-0.23
ZD-TK-1992,2025-12-13T08:30:00Z,NA-West,DIST-MOUNTAIN-PARTS,FULFILLMENT_DELAY,LOW,Routine inquiry / order status check for DIST-MOUNTAIN-PARTS,Standard operational correspondence regarding order fulfillment tracking and invoice reconciliation.,0.08
ZD-TK-1993,2025-12-14T12:07:00Z,NA-East,DIST-COASTAL-WHOLESALE,FULFILLMENT_DELAY,LOW,Routine inquiry / order status check for DIST-COASTAL-WHOLESALE,Standard operational correspondence regarding order fulfillment tracking and invoice reconciliation.,-0.16
ZD-TK-1994,2025-12-14T10:22:00Z,NA-East,DIST-TRI-STATE-OPS,FULFILLMENT_DELAY,MEDIUM,Routine inquiry / order status check for DIST-TRI-STATE-OPS,Standard operational correspondence regarding order fulfillment tracking and invoice reconciliation.,-0.02
ZD-TK-1995,2025-12-14T11:07:00Z,NA-East,DIST-APEX-EAST,PRICE_DISPUTE,MEDIUM,Routine inquiry / order status check for DIST-APEX-EAST,Standard operational correspondence regarding order fulfillment tracking and invoice reconciliation.,0.05
ZD-TK-1996,2025-12-14T16:06:00Z,NA-Central,DIST-TEXAS-COMMERCIAL,PRICE_DISPUTE,MEDIUM,Routine inquiry / order status check for DIST-TEXAS-COMMERCIAL,Standard operational correspondence regarding order fulfillment tracking and invoice reconciliation.,-0.05
ZD-TK-1997,2025-12-14T16:01:00Z,NA-West,DIST-PACIFIC-LOGISTICS,FULFILLMENT_DELAY,MEDIUM,Routine inquiry / order status check for DIST-PACIFIC-LOGISTICS,Standard operational correspondence regarding order fulfillment tracking and invoice reconciliation.,-0.09
ZD-TK-1998,2025-12-14T09:23:00Z,NA-West,DIST-CAL-ENTERPRISE,FULFILLMENT_DELAY,MEDIUM,Routine inquiry / order status check for DIST-CAL-ENTERPRISE,Standard operational correspondence regarding order fulfillment tracking and invoice reconciliation.,-0.11
ZD-TK-1999,2025-12-14T13:16:00Z,NA-West,DIST-MOUNTAIN-PARTS,PRODUCT_QUALITY,MEDIUM,Routine inquiry / order status check for DIST-MOUNTAIN-PARTS,Standard operational correspondence regarding order fulfillment tracking and invoice reconciliation.,0.26
ZD-TK-2000,2025-12-15T17:59:00Z,NA-East,DIST-MIDATL-SUPPLY,PRICE_DISPUTE,LOW,Routine inquiry / order status check for DIST-MIDATL-SUPPLY,Standard operational correspondence regarding order fulfillment tracking and invoice reconciliation.,0.07
ZD-TK-2001,2025-12-15T14:28:00Z,NA-Central,DIST-TEXAS-COMMERCIAL,PRICE_DISPUTE,LOW,Routine inquiry / order status check for DIST-TEXAS-COMMERCIAL,Standard operational correspondence regarding order fulfillment tracking and invoice reconciliation.,-0.31
ZD-TK-2002,2025-12-15T16:22:00Z,NA-Central,DIST-TEXAS-COMMERCIAL,FULFILLMENT_DELAY,MEDIUM,Routine inquiry / order status check for DIST-TEXAS-COMMERCIAL,Standard operational correspondence regarding order fulfillment tracking and invoice reconciliation.,0.34
ZD-TK-2003,2025-12-15T09:43:00Z,NA-West,DIST-CAL-ENTERPRISE,FULFILLMENT_DELAY,LOW,Routine inquiry / order status check for DIST-CAL-ENTERPRISE,Standard operational correspondence regarding order fulfillment tracking and invoice reconciliation.,-0.32
ZD-TK-2004,2025-12-15T13:12:00Z,NA-West,DIST-PACIFIC-LOGISTICS,PRODUCT_QUALITY,LOW,Routine inquiry / order status check for DIST-PACIFIC-LOGISTICS,Standard operational correspondence regarding order fulfillment tracking and invoice reconciliation.,0.18
ZD-TK-2005,2025-12-15T15:28:00Z,NA-West,DIST-CAL-ENTERPRISE,PRODUCT_QUALITY,LOW,Routine inquiry / order status check for DIST-CAL-ENTERPRISE,Standard operational correspondence regarding order fulfillment tracking and invoice reconciliation.,-0.09
ZD-TK-2006,2025-12-16T08:50:00Z,NA-East,DIST-APEX-EAST,FULFILLMENT_DELAY,LOW,Routine inquiry / order status check for DIST-APEX-EAST,Standard operational correspondence regarding order fulfillment tracking and invoice reconciliation.,-0.14
ZD-TK-2007,2025-12-16T08:06:00Z,NA-East,DIST-COASTAL-WHOLESALE,FULFILLMENT_DELAY,LOW,Routine inquiry / order status check for DIST-COASTAL-WHOLESALE,Standard operational correspondence regarding order fulfillment tracking and invoice reconciliation.,0.34
ZD-TK-2008,2025-12-16T08:10:00Z,NA-Central,DIST-MIDWEST-DIRECT,PRICE_DISPUTE,LOW,Routine inquiry / order status check for DIST-MIDWEST-DIRECT,Standard operational correspondence regarding order fulfillment tracking and invoice reconciliation.,0.27
ZD-TK-2009,2025-12-16T14:04:00Z,NA-Central,DIST-MIDWEST-DIRECT,PRODUCT_QUALITY,MEDIUM,Routine inquiry / order status check for DIST-MIDWEST-DIRECT,Standard operational correspondence regarding order fulfillment tracking and invoice reconciliation.,-0.32
ZD-TK-2010,2025-12-16T15:06:00Z,NA-West,DIST-CAL-ENTERPRISE,PRICE_DISPUTE,LOW,Routine inquiry / order status check for DIST-CAL-ENTERPRISE,Standard operational correspondence regarding order fulfillment tracking and invoice reconciliation.,0.02
ZD-TK-2011,2025-12-16T14:04:00Z,NA-West,DIST-PACIFIC-LOGISTICS,PRICE_DISPUTE,MEDIUM,Routine inquiry / order status check for DIST-PACIFIC-LOGISTICS,Standard operational correspondence regarding order fulfillment tracking and invoice reconciliation.,-0.18
ZD-TK-2012,2025-12-17T13:57:00Z,NA-East,DIST-SUNBELT-PARTS,PRICE_DISPUTE,LOW,Routine inquiry / order status check for DIST-SUNBELT-PARTS,Standard operational correspondence regarding order fulfillment tracking and invoice reconciliation.,0.26
ZD-TK-2013,2025-12-17T12:46:00Z,NA-East,DIST-MIDATL-SUPPLY,PRODUCT_QUALITY,MEDIUM,Routine inquiry / order status check for DIST-MIDATL-SUPPLY,Standard operational correspondence regarding order fulfillment tracking and invoice reconciliation.,-0.3
ZD-TK-2014,2025-12-17T08:58:00Z,NA-East,DIST-APEX-EAST,PRICE_DISPUTE,MEDIUM,Routine inquiry / order status check for DIST-APEX-EAST,Standard operational correspondence regarding order fulfillment tracking and invoice reconciliation.,0.3
ZD-TK-2015,2025-12-17T09:03:00Z,NA-Central,DIST-GREATLAKES-SUPPLY,PRICE_DISPUTE,LOW,Routine inquiry / order status check for DIST-GREATLAKES-SUPPLY,Standard operational correspondence regarding order fulfillment tracking and invoice reconciliation.,0.15
ZD-TK-2016,2025-12-17T15:22:00Z,NA-West,DIST-MOUNTAIN-PARTS,PRODUCT_QUALITY,LOW,Routine inquiry / order status check for DIST-MOUNTAIN-PARTS,Standard operational correspondence regarding order fulfillment tracking and invoice reconciliation.,0.24
ZD-TK-2017,2025-12-17T17:22:00Z,NA-West,DIST-MOUNTAIN-PARTS,PRODUCT_QUALITY,LOW,Routine inquiry / order status check for DIST-MOUNTAIN-PARTS,Standard operational correspondence regarding order fulfillment tracking and invoice reconciliation.,0.27
ZD-TK-2018,2025-12-18T08:36:00Z,NA-East,DIST-COASTAL-WHOLESALE,FULFILLMENT_DELAY,MEDIUM,Routine inquiry / order status check for DIST-COASTAL-WHOLESALE,Standard operational correspondence regarding order fulfillment tracking and invoice reconciliation.,0.18
ZD-TK-2019,2025-12-18T10:57:00Z,NA-Central,DIST-MIDWEST-DIRECT,PRICE_DISPUTE,MEDIUM,Routine inquiry / order status check for DIST-MIDWEST-DIRECT,Standard operational correspondence regarding order fulfillment tracking and invoice reconciliation.,0.01
ZD-TK-2020,2025-12-18T10:50:00Z,NA-Central,DIST-MIDWEST-DIRECT,PRICE_DISPUTE,MEDIUM,Routine inquiry / order status check for DIST-MIDWEST-DIRECT,Standard operational correspondence regarding order fulfillment tracking and invoice reconciliation.,-0.07
ZD-TK-2021,2025-12-18T16:12:00Z,NA-West,DIST-MOUNTAIN-PARTS,FULFILLMENT_DELAY,LOW,Routine inquiry / order status check for DIST-MOUNTAIN-PARTS,Standard operational correspondence regarding order fulfillment tracking and invoice reconciliation.,0.31
ZD-TK-2022,2025-12-18T09:35:00Z,NA-West,DIST-PACIFIC-LOGISTICS,PRICE_DISPUTE,MEDIUM,Routine inquiry / order status check for DIST-PACIFIC-LOGISTICS,Standard operational correspondence regarding order fulfillment tracking and invoice reconciliation.,0.28
ZD-TK-2023,2025-12-19T11:04:00Z,NA-East,DIST-MIDATL-SUPPLY,PRICE_DISPUTE,LOW,Routine inquiry / order status check for DIST-MIDATL-SUPPLY,Standard operational correspondence regarding order fulfillment tracking and invoice reconciliation.,0.01
ZD-TK-2024,2025-12-19T11:05:00Z,NA-East,DIST-TRI-STATE-OPS,PRICE_DISPUTE,LOW,Routine inquiry / order status check for DIST-TRI-STATE-OPS,Standard operational correspondence regarding order fulfillment tracking and invoice reconciliation.,0.26
ZD-TK-2025,2025-12-19T13:45:00Z,NA-Central,DIST-TEXAS-COMMERCIAL,PRODUCT_QUALITY,MEDIUM,Routine inquiry / order status check for DIST-TEXAS-COMMERCIAL,Standard operational correspondence regarding order fulfillment tracking and invoice reconciliation.,0.3
ZD-TK-2026,2025-12-19T15:10:00Z,NA-West,DIST-MOUNTAIN-PARTS,PRICE_DISPUTE,MEDIUM,Routine inquiry / order status check for DIST-MOUNTAIN-PARTS,Standard operational correspondence regarding order fulfillment tracking and invoice reconciliation.,-0.16
ZD-TK-2027,2025-12-19T12:16:00Z,NA-West,DIST-PACIFIC-LOGISTICS,PRICE_DISPUTE,MEDIUM,Routine inquiry / order status check for DIST-PACIFIC-LOGISTICS,Standard operational correspondence regarding order fulfillment tracking and invoice reconciliation.,0.05
ZD-TK-2028,2025-12-19T16:39:00Z,NA-West,DIST-CAL-ENTERPRISE,PRODUCT_QUALITY,MEDIUM,Routine inquiry / order status check for DIST-CAL-ENTERPRISE,Standard operational correspondence regarding order fulfillment tracking and invoice reconciliation.,-0.24
ZD-TK-2029,2025-12-20T11:51:00Z,NA-East,DIST-APEX-EAST,FULFILLMENT_DELAY,LOW,Routine inquiry / order status check for DIST-APEX-EAST,Standard operational correspondence regarding order fulfillment tracking and invoice reconciliation.,0.17
ZD-TK-2030,2025-12-20T09:51:00Z,NA-East,DIST-EMPIRE-IND,PRICE_DISPUTE,LOW,Routine inquiry / order status check for DIST-EMPIRE-IND,Standard operational correspondence regarding order fulfillment tracking and invoice reconciliation.,-0.25
ZD-TK-2031,2025-12-20T11:17:00Z,NA-Central,DIST-TEXAS-COMMERCIAL,FULFILLMENT_DELAY,MEDIUM,Routine inquiry / order status check for DIST-TEXAS-COMMERCIAL,Standard operational correspondence regarding order fulfillment tracking and invoice reconciliation.,0.14
ZD-TK-2032,2025-12-20T08:26:00Z,NA-Central,DIST-MIDWEST-DIRECT,FULFILLMENT_DELAY,MEDIUM,Routine inquiry / order status check for DIST-MIDWEST-DIRECT,Standard operational correspondence regarding order fulfillment tracking and invoice reconciliation.,-0.06
ZD-TK-2033,2025-12-20T14:22:00Z,NA-Central,DIST-MIDWEST-DIRECT,PRICE_DISPUTE,LOW,Routine inquiry / order status check for DIST-MIDWEST-DIRECT,Standard operational correspondence regarding order fulfillment tracking and invoice reconciliation.,-0.22
ZD-TK-2034,2025-12-20T16:52:00Z,NA-West,DIST-PACIFIC-LOGISTICS,FULFILLMENT_DELAY,LOW,Routine inquiry / order status check for DIST-PACIFIC-LOGISTICS,Standard operational correspondence regarding order fulfillment tracking and invoice reconciliation.,-0.2
ZD-TK-2035,2025-12-21T16:18:00Z,NA-East,DIST-MIDATL-SUPPLY,PRICE_DISPUTE,LOW,Routine inquiry / order status check for DIST-MIDATL-SUPPLY,Standard operational correspondence regarding order fulfillment tracking and invoice reconciliation.,0.3
ZD-TK-2036,2025-12-21T15:25:00Z,NA-East,DIST-TRI-STATE-OPS,FULFILLMENT_DELAY,LOW,Routine inquiry / order status check for DIST-TRI-STATE-OPS,Standard operational correspondence regarding order fulfillment tracking and invoice reconciliation.,-0.21
ZD-TK-2037,2025-12-21T14:38:00Z,NA-Central,DIST-TEXAS-COMMERCIAL,FULFILLMENT_DELAY,LOW,Routine inquiry / order status check for DIST-TEXAS-COMMERCIAL,Standard operational correspondence regarding order fulfillment tracking and invoice reconciliation.,0.08
ZD-TK-2038,2025-12-21T08:46:00Z,NA-Central,DIST-TEXAS-COMMERCIAL,PRODUCT_QUALITY,LOW,Routine inquiry / order status check for DIST-TEXAS-COMMERCIAL,Standard operational correspondence regarding order fulfillment tracking and invoice reconciliation.,-0.31
ZD-TK-2039,2025-12-21T10:56:00Z,NA-West,DIST-CAL-ENTERPRISE,PRODUCT_QUALITY,MEDIUM,Routine inquiry / order status check for DIST-CAL-ENTERPRISE,Standard operational correspondence regarding order fulfillment tracking and invoice reconciliation.,-0.01
ZD-TK-2040,2025-12-21T09:04:00Z,NA-West,DIST-CAL-ENTERPRISE,FULFILLMENT_DELAY,MEDIUM,Routine inquiry / order status check for DIST-CAL-ENTERPRISE,Standard operational correspondence regarding order fulfillment tracking and invoice reconciliation.,0.2
ZD-TK-2041,2025-12-22T16:33:00Z,NA-East,DIST-TRI-STATE-OPS,FULFILLMENT_DELAY,MEDIUM,Routine inquiry / order status check for DIST-TRI-STATE-OPS,Standard operational correspondence regarding order fulfillment tracking and invoice reconciliation.,0.17
ZD-TK-2042,2025-12-22T15:18:00Z,NA-East,DIST-TRI-STATE-OPS,FULFILLMENT_DELAY,MEDIUM,Routine inquiry / order status check for DIST-TRI-STATE-OPS,Standard operational correspondence regarding order fulfillment tracking and invoice reconciliation.,0.07
ZD-TK-2043,2025-12-22T16:24:00Z,NA-Central,DIST-GREATLAKES-SUPPLY,FULFILLMENT_DELAY,MEDIUM,Routine inquiry / order status check for DIST-GREATLAKES-SUPPLY,Standard operational correspondence regarding order fulfillment tracking and invoice reconciliation.,-0.25
ZD-TK-2044,2025-12-22T10:26:00Z,NA-Central,DIST-GREATLAKES-SUPPLY,PRICE_DISPUTE,MEDIUM,Routine inquiry / order status check for DIST-GREATLAKES-SUPPLY,Standard operational correspondence regarding order fulfillment tracking and invoice reconciliation.,-0.27
ZD-TK-2045,2025-12-22T15:19:00Z,NA-West,DIST-PACIFIC-LOGISTICS,PRICE_DISPUTE,MEDIUM,Routine inquiry / order status check for DIST-PACIFIC-LOGISTICS,Standard operational correspondence regarding order fulfillment tracking and invoice reconciliation.,-0.13
ZD-TK-2046,2025-12-23T15:41:00Z,NA-East,DIST-APEX-EAST,PRODUCT_QUALITY,LOW,Routine inquiry / order status check for DIST-APEX-EAST,Standard operational correspondence regarding order fulfillment tracking and invoice reconciliation.,0.02
ZD-TK-2047,2025-12-23T15:44:00Z,NA-East,DIST-COASTAL-WHOLESALE,PRICE_DISPUTE,MEDIUM,Routine inquiry / order status check for DIST-COASTAL-WHOLESALE,Standard operational correspondence regarding order fulfillment tracking and invoice reconciliation.,-0.16
ZD-TK-2048,2025-12-23T17:58:00Z,NA-Central,DIST-GREATLAKES-SUPPLY,PRICE_DISPUTE,LOW,Routine inquiry / order status check for DIST-GREATLAKES-SUPPLY,Standard operational correspondence regarding order fulfillment tracking and invoice reconciliation.,-0.3
ZD-TK-2049,2025-12-23T12:12:00Z,NA-Central,DIST-GREATLAKES-SUPPLY,PRICE_DISPUTE,MEDIUM,Routine inquiry / order status check for DIST-GREATLAKES-SUPPLY,Standard operational correspondence regarding order fulfillment tracking and invoice reconciliation.,-0.09
ZD-TK-2050,2025-12-23T11:31:00Z,NA-West,DIST-CAL-ENTERPRISE,PRICE_DISPUTE,MEDIUM,Routine inquiry / order status check for DIST-CAL-ENTERPRISE,Standard operational correspondence regarding order fulfillment tracking and invoice reconciliation.,-0.13
ZD-TK-2051,2025-12-24T11:45:00Z,NA-East,DIST-COASTAL-WHOLESALE,PRODUCT_QUALITY,LOW,Routine inquiry / order status check for DIST-COASTAL-WHOLESALE,Standard operational correspondence regarding order fulfillment tracking and invoice reconciliation.,0.09
ZD-TK-2052,2025-12-24T13:37:00Z,NA-Central,DIST-TEXAS-COMMERCIAL,PRODUCT_QUALITY,LOW,Routine inquiry / order status check for DIST-TEXAS-COMMERCIAL,Standard operational correspondence regarding order fulfillment tracking and invoice reconciliation.,0.07
ZD-TK-2053,2025-12-24T08:38:00Z,NA-Central,DIST-MIDWEST-DIRECT,FULFILLMENT_DELAY,MEDIUM,Routine inquiry / order status check for DIST-MIDWEST-DIRECT,Standard operational correspondence regarding order fulfillment tracking and invoice reconciliation.,-0.25
ZD-TK-2054,2025-12-24T09:55:00Z,NA-Central,DIST-GREATLAKES-SUPPLY,PRICE_DISPUTE,MEDIUM,Routine inquiry / order status check for DIST-GREATLAKES-SUPPLY,Standard operational correspondence regarding order fulfillment tracking and invoice reconciliation.,-0.25
ZD-TK-2055,2025-12-24T09:01:00Z,NA-West,DIST-PACIFIC-LOGISTICS,PRODUCT_QUALITY,MEDIUM,Routine inquiry / order status check for DIST-PACIFIC-LOGISTICS,Standard operational correspondence regarding order fulfillment tracking and invoice reconciliation.,0.32
ZD-TK-2056,2025-12-25T10:03:00Z,NA-East,DIST-APEX-EAST,PRICE_DISPUTE,LOW,Routine inquiry / order status check for DIST-APEX-EAST,Standard operational correspondence regarding order fulfillment tracking and invoice reconciliation.,-0.13
ZD-TK-2057,2025-12-25T15:58:00Z,NA-East,DIST-MIDATL-SUPPLY,PRICE_DISPUTE,LOW,Routine inquiry / order status check for DIST-MIDATL-SUPPLY,Standard operational correspondence regarding order fulfillment tracking and invoice reconciliation.,-0.31
ZD-TK-2058,2025-12-25T16:53:00Z,NA-Central,DIST-TEXAS-COMMERCIAL,PRODUCT_QUALITY,LOW,Routine inquiry / order status check for DIST-TEXAS-COMMERCIAL,Standard operational correspondence regarding order fulfillment tracking and invoice reconciliation.,0.01
ZD-TK-2059,2025-12-25T16:58:00Z,NA-West,DIST-MOUNTAIN-PARTS,PRICE_DISPUTE,MEDIUM,Routine inquiry / order status check for DIST-MOUNTAIN-PARTS,Standard operational correspondence regarding order fulfillment tracking and invoice reconciliation.,-0.22
ZD-TK-2060,2025-12-26T15:18:00Z,NA-East,DIST-APEX-EAST,FULFILLMENT_DELAY,LOW,Routine inquiry / order status check for DIST-APEX-EAST,Standard operational correspondence regarding order fulfillment tracking and invoice reconciliation.,0.28
ZD-TK-2061,2025-12-26T11:44:00Z,NA-East,DIST-EMPIRE-IND,FULFILLMENT_DELAY,LOW,Routine inquiry / order status check for DIST-EMPIRE-IND,Standard operational correspondence regarding order fulfillment tracking and invoice reconciliation.,-0.27
ZD-TK-2062,2025-12-26T15:19:00Z,NA-Central,DIST-GREATLAKES-SUPPLY,PRODUCT_QUALITY,MEDIUM,Routine inquiry / order status check for DIST-GREATLAKES-SUPPLY,Standard operational correspondence regarding order fulfillment tracking and invoice reconciliation.,-0.04
ZD-TK-2063,2025-12-26T12:00:00Z,NA-West,DIST-CAL-ENTERPRISE,FULFILLMENT_DELAY,MEDIUM,Routine inquiry / order status check for DIST-CAL-ENTERPRISE,Standard operational correspondence regarding order fulfillment tracking and invoice reconciliation.,-0.27
ZD-TK-2064,2025-12-27T14:39:00Z,NA-East,DIST-EMPIRE-IND,PRODUCT_QUALITY,MEDIUM,Routine inquiry / order status check for DIST-EMPIRE-IND,Standard operational correspondence regarding order fulfillment tracking and invoice reconciliation.,0.18
ZD-TK-2065,2025-12-27T14:18:00Z,NA-East,DIST-APEX-EAST,FULFILLMENT_DELAY,MEDIUM,Routine inquiry / order status check for DIST-APEX-EAST,Standard operational correspondence regarding order fulfillment tracking and invoice reconciliation.,-0.04
ZD-TK-2066,2025-12-27T13:59:00Z,NA-Central,DIST-TEXAS-COMMERCIAL,FULFILLMENT_DELAY,MEDIUM,Routine inquiry / order status check for DIST-TEXAS-COMMERCIAL,Standard operational correspondence regarding order fulfillment tracking and invoice reconciliation.,0.31
ZD-TK-2067,2025-12-27T13:52:00Z,NA-West,DIST-CAL-ENTERPRISE,PRODUCT_QUALITY,LOW,Routine inquiry / order status check for DIST-CAL-ENTERPRISE,Standard operational correspondence regarding order fulfillment tracking and invoice reconciliation.,0.02
ZD-TK-2068,2025-12-27T17:17:00Z,NA-West,DIST-PACIFIC-LOGISTICS,PRICE_DISPUTE,LOW,Routine inquiry / order status check for DIST-PACIFIC-LOGISTICS,Standard operational correspondence regarding order fulfillment tracking and invoice reconciliation.,-0.25
ZD-TK-2069,2025-12-28T15:14:00Z,NA-East,DIST-MIDATL-SUPPLY,PRODUCT_QUALITY,LOW,Routine inquiry / order status check for DIST-MIDATL-SUPPLY,Standard operational correspondence regarding order fulfillment tracking and invoice reconciliation.,0.34
ZD-TK-2070,2025-12-28T13:57:00Z,NA-East,DIST-SUNBELT-PARTS,FULFILLMENT_DELAY,LOW,Routine inquiry / order status check for DIST-SUNBELT-PARTS,Standard operational correspondence regarding order fulfillment tracking and invoice reconciliation.,-0.27
ZD-TK-2071,2025-12-28T11:16:00Z,NA-East,DIST-TRI-STATE-OPS,FULFILLMENT_DELAY,LOW,Routine inquiry / order status check for DIST-TRI-STATE-OPS,Standard operational correspondence regarding order fulfillment tracking and invoice reconciliation.,-0.21
ZD-TK-2072,2025-12-28T08:05:00Z,NA-Central,DIST-TEXAS-COMMERCIAL,PRODUCT_QUALITY,MEDIUM,Routine inquiry / order status check for DIST-TEXAS-COMMERCIAL,Standard operational correspondence regarding order fulfillment tracking and invoice reconciliation.,0.31
ZD-TK-2073,2025-12-28T14:00:00Z,NA-Central,DIST-TEXAS-COMMERCIAL,PRICE_DISPUTE,MEDIUM,Routine inquiry / order status check for DIST-TEXAS-COMMERCIAL,Standard operational correspondence regarding order fulfillment tracking and invoice reconciliation.,-0.09
ZD-TK-2074,2025-12-28T13:29:00Z,NA-West,DIST-PACIFIC-LOGISTICS,PRODUCT_QUALITY,LOW,Routine inquiry / order status check for DIST-PACIFIC-LOGISTICS,Standard operational correspondence regarding order fulfillment tracking and invoice reconciliation.,0.23
ZD-TK-2075,2025-12-29T14:32:00Z,NA-East,DIST-COASTAL-WHOLESALE,PRODUCT_QUALITY,MEDIUM,Routine inquiry / order status check for DIST-COASTAL-WHOLESALE,Standard operational correspondence regarding order fulfillment tracking and invoice reconciliation.,-0.01
ZD-TK-2076,2025-12-29T15:22:00Z,NA-East,DIST-SUNBELT-PARTS,PRICE_DISPUTE,LOW,Routine inquiry / order status check for DIST-SUNBELT-PARTS,Standard operational correspondence regarding order fulfillment tracking and invoice reconciliation.,0.35
ZD-TK-2077,2025-12-29T14:52:00Z,NA-East,DIST-APEX-EAST,FULFILLMENT_DELAY,MEDIUM,Routine inquiry / order status check for DIST-APEX-EAST,Standard operational correspondence regarding order fulfillment tracking and invoice reconciliation.,0.09
ZD-TK-2078,2025-12-29T17:49:00Z,NA-Central,DIST-GREATLAKES-SUPPLY,FULFILLMENT_DELAY,MEDIUM,Routine inquiry / order status check for DIST-GREATLAKES-SUPPLY,Standard operational correspondence regarding order fulfillment tracking and invoice reconciliation.,0.31
ZD-TK-2079,2025-12-29T13:20:00Z,NA-Central,DIST-TEXAS-COMMERCIAL,PRODUCT_QUALITY,LOW,Routine inquiry / order status check for DIST-TEXAS-COMMERCIAL,Standard operational correspondence regarding order fulfillment tracking and invoice reconciliation.,-0.13
ZD-TK-2080,2025-12-29T17:10:00Z,NA-West,DIST-CAL-ENTERPRISE,FULFILLMENT_DELAY,MEDIUM,Routine inquiry / order status check for DIST-CAL-ENTERPRISE,Standard operational correspondence regarding order fulfillment tracking and invoice reconciliation.,-0.15
ZD-TK-2081,2025-12-29T16:13:00Z,NA-West,DIST-MOUNTAIN-PARTS,PRICE_DISPUTE,MEDIUM,Routine inquiry / order status check for DIST-MOUNTAIN-PARTS,Standard operational correspondence regarding order fulfillment tracking and invoice reconciliation.,0.21
ZD-TK-2082,2025-12-30T14:01:00Z,NA-East,DIST-MIDATL-SUPPLY,PRICE_DISPUTE,MEDIUM,Routine inquiry / order status check for DIST-MIDATL-SUPPLY,Standard operational correspondence regarding order fulfillment tracking and invoice reconciliation.,0.16
ZD-TK-2083,2025-12-30T09:27:00Z,NA-East,DIST-EMPIRE-IND,FULFILLMENT_DELAY,MEDIUM,Routine inquiry / order status check for DIST-EMPIRE-IND,Standard operational correspondence regarding order fulfillment tracking and invoice reconciliation.,-0.29
ZD-TK-2084,2025-12-30T09:55:00Z,NA-Central,DIST-MIDWEST-DIRECT,FULFILLMENT_DELAY,LOW,Routine inquiry / order status check for DIST-MIDWEST-DIRECT,Standard operational correspondence regarding order fulfillment tracking and invoice reconciliation.,0.14
ZD-TK-2085,2025-12-30T13:44:00Z,NA-Central,DIST-MIDWEST-DIRECT,PRICE_DISPUTE,LOW,Routine inquiry / order status check for DIST-MIDWEST-DIRECT,Standard operational correspondence regarding order fulfillment tracking and invoice reconciliation.,-0.19
ZD-TK-2086,2025-12-30T09:17:00Z,NA-West,DIST-CAL-ENTERPRISE,FULFILLMENT_DELAY,LOW,Routine inquiry / order status check for DIST-CAL-ENTERPRISE,Standard operational correspondence regarding order fulfillment tracking and invoice reconciliation.,-0.25
ZD-TK-2087,2025-12-30T11:00:00Z,NA-West,DIST-CAL-ENTERPRISE,PRICE_DISPUTE,LOW,Routine inquiry / order status check for DIST-CAL-ENTERPRISE,Standard operational correspondence regarding order fulfillment tracking and invoice reconciliation.,0.01
ZD-TK-2088,2025-12-30T14:11:00Z,NA-West,DIST-MOUNTAIN-PARTS,PRICE_DISPUTE,LOW,Routine inquiry / order status check for DIST-MOUNTAIN-PARTS,Standard operational correspondence regarding order fulfillment tracking and invoice reconciliation.,0.07
ZD-TK-2089,2025-12-31T17:26:00Z,NA-East,DIST-APEX-EAST,PRODUCT_QUALITY,MEDIUM,Routine inquiry / order status check for DIST-APEX-EAST,Standard operational correspondence regarding order fulfillment tracking and invoice reconciliation.,-0.28
ZD-TK-2090,2025-12-31T13:26:00Z,NA-East,DIST-MIDATL-SUPPLY,FULFILLMENT_DELAY,LOW,Routine inquiry / order status check for DIST-MIDATL-SUPPLY,Standard operational correspondence regarding order fulfillment tracking and invoice reconciliation.,0.29
ZD-TK-2091,2025-12-31T13:51:00Z,NA-Central,DIST-GREATLAKES-SUPPLY,PRICE_DISPUTE,MEDIUM,Routine inquiry / order status check for DIST-GREATLAKES-SUPPLY,Standard operational correspondence regarding order fulfillment tracking and invoice reconciliation.,-0.1
ZD-TK-2092,2025-12-31T14:02:00Z,NA-Central,DIST-TEXAS-COMMERCIAL,FULFILLMENT_DELAY,LOW,Routine inquiry / order status check for DIST-TEXAS-COMMERCIAL,Standard operational correspondence regarding order fulfillment tracking and invoice reconciliation.,-0.12
ZD-TK-2093,2025-12-31T12:47:00Z,NA-West,DIST-PACIFIC-LOGISTICS,FULFILLMENT_DELAY,LOW,Routine inquiry / order status check for DIST-PACIFIC-LOGISTICS,Standard operational correspondence regarding order fulfillment tracking and invoice reconciliation.,0.09
ZD-TK-2094,2026-01-01T15:13:00Z,NA-East,DIST-SUNBELT-PARTS,PRODUCT_QUALITY,LOW,Routine inquiry / order status check for DIST-SUNBELT-PARTS,Standard operational correspondence regarding order fulfillment tracking and invoice reconciliation.,-0.22
ZD-TK-2095,2026-01-01T14:18:00Z,NA-East,DIST-MIDATL-SUPPLY,FULFILLMENT_DELAY,LOW,Routine inquiry / order status check for DIST-MIDATL-SUPPLY,Standard operational correspondence regarding order fulfillment tracking and invoice reconciliation.,-0.04
ZD-TK-2096,2026-01-01T08:14:00Z,NA-Central,DIST-GREATLAKES-SUPPLY,PRICE_DISPUTE,LOW,Routine inquiry / order status check for DIST-GREATLAKES-SUPPLY,Standard operational correspondence regarding order fulfillment tracking and invoice reconciliation.,-0.15
ZD-TK-2097,2026-01-01T12:44:00Z,NA-Central,DIST-MIDWEST-DIRECT,PRICE_DISPUTE,LOW,Routine inquiry / order status check for DIST-MIDWEST-DIRECT,Standard operational correspondence regarding order fulfillment tracking and invoice reconciliation.,0.06
ZD-TK-2098,2026-01-01T08:41:00Z,NA-Central,DIST-GREATLAKES-SUPPLY,FULFILLMENT_DELAY,MEDIUM,Routine inquiry / order status check for DIST-GREATLAKES-SUPPLY,Standard operational correspondence regarding order fulfillment tracking and invoice reconciliation.,-0.2
ZD-TK-2099,2026-01-01T17:33:00Z,NA-West,DIST-CAL-ENTERPRISE,PRODUCT_QUALITY,MEDIUM,Routine inquiry / order status check for DIST-CAL-ENTERPRISE,Standard operational correspondence regarding order fulfillment tracking and invoice reconciliation.,-0.18
ZD-TK-2100,2026-01-02T11:45:00Z,NA-East,DIST-TRI-STATE-OPS,PRICE_DISPUTE,MEDIUM,Routine inquiry / order status check for DIST-TRI-STATE-OPS,Standard operational correspondence regarding order fulfillment tracking and invoice reconciliation.,-0.23
ZD-TK-2101,2026-01-02T08:27:00Z,NA-Central,DIST-MIDWEST-DIRECT,PRODUCT_QUALITY,MEDIUM,Routine inquiry / order status check for DIST-MIDWEST-DIRECT,Standard operational correspondence regarding order fulfillment tracking and invoice reconciliation.,0.07
ZD-TK-2102,2026-01-02T17:26:00Z,NA-Central,DIST-GREATLAKES-SUPPLY,PRODUCT_QUALITY,LOW,Routine inquiry / order status check for DIST-GREATLAKES-SUPPLY,Standard operational correspondence regarding order fulfillment tracking and invoice reconciliation.,0.16
ZD-TK-2103,2026-01-02T14:47:00Z,NA-Central,DIST-TEXAS-COMMERCIAL,FULFILLMENT_DELAY,MEDIUM,Routine inquiry / order status check for DIST-TEXAS-COMMERCIAL,Standard operational correspondence regarding order fulfillment tracking and invoice reconciliation.,-0.23
ZD-TK-2104,2026-01-02T11:26:00Z,NA-West,DIST-PACIFIC-LOGISTICS,FULFILLMENT_DELAY,MEDIUM,Routine inquiry / order status check for DIST-PACIFIC-LOGISTICS,Standard operational correspondence regarding order fulfillment tracking and invoice reconciliation.,-0.31
ZD-TK-2105,2026-01-02T12:58:00Z,NA-West,DIST-PACIFIC-LOGISTICS,PRICE_DISPUTE,MEDIUM,Routine inquiry / order status check for DIST-PACIFIC-LOGISTICS,Standard operational correspondence regarding order fulfillment tracking and invoice reconciliation.,0.2
ZD-TK-2106,2026-01-02T15:46:00Z,NA-West,DIST-MOUNTAIN-PARTS,PRICE_DISPUTE,MEDIUM,Routine inquiry / order status check for DIST-MOUNTAIN-PARTS,Standard operational correspondence regarding order fulfillment tracking and invoice reconciliation.,0.19
ZD-TK-2107,2026-01-03T17:35:00Z,NA-East,DIST-MIDATL-SUPPLY,FULFILLMENT_DELAY,LOW,Routine inquiry / order status check for DIST-MIDATL-SUPPLY,Standard operational correspondence regarding order fulfillment tracking and invoice reconciliation.,0.33
ZD-TK-2108,2026-01-03T09:15:00Z,NA-East,DIST-COASTAL-WHOLESALE,PRICE_DISPUTE,MEDIUM,Routine inquiry / order status check for DIST-COASTAL-WHOLESALE,Standard operational correspondence regarding order fulfillment tracking and invoice reconciliation.,-0.12
ZD-TK-2109,2026-01-03T16:14:00Z,NA-East,DIST-MIDATL-SUPPLY,FULFILLMENT_DELAY,LOW,Routine inquiry / order status check for DIST-MIDATL-SUPPLY,Standard operational correspondence regarding order fulfillment tracking and invoice reconciliation.,-0.21
ZD-TK-2110,2026-01-03T08:28:00Z,NA-Central,DIST-GREATLAKES-SUPPLY,FULFILLMENT_DELAY,LOW,Routine inquiry / order status check for DIST-GREATLAKES-SUPPLY,Standard operational correspondence regarding order fulfillment tracking and invoice reconciliation.,-0.02
ZD-TK-2111,2026-01-03T15:17:00Z,NA-West,DIST-MOUNTAIN-PARTS,PRICE_DISPUTE,LOW,Routine inquiry / order status check for DIST-MOUNTAIN-PARTS,Standard operational correspondence regarding order fulfillment tracking and invoice reconciliation.,-0.12
ZD-TK-2112,2026-01-03T16:21:00Z,NA-West,DIST-MOUNTAIN-PARTS,FULFILLMENT_DELAY,LOW,Routine inquiry / order status check for DIST-MOUNTAIN-PARTS,Standard operational correspondence regarding order fulfillment tracking and invoice reconciliation.,0.16
ZD-TK-2113,2026-01-03T16:41:00Z,NA-West,DIST-PACIFIC-LOGISTICS,FULFILLMENT_DELAY,LOW,Routine inquiry / order status check for DIST-PACIFIC-LOGISTICS,Standard operational correspondence regarding order fulfillment tracking and invoice reconciliation.,-0.04
ZD-TK-2114,2026-01-04T12:36:00Z,NA-East,DIST-APEX-EAST,FULFILLMENT_DELAY,MEDIUM,Routine inquiry / order status check for DIST-APEX-EAST,Standard operational correspondence regarding order fulfillment tracking and invoice reconciliation.,0.19
ZD-TK-2115,2026-01-04T16:09:00Z,NA-Central,DIST-TEXAS-COMMERCIAL,PRODUCT_QUALITY,LOW,Routine inquiry / order status check for DIST-TEXAS-COMMERCIAL,Standard operational correspondence regarding order fulfillment tracking and invoice reconciliation.,0.12
ZD-TK-2116,2026-01-04T12:08:00Z,NA-West,DIST-PACIFIC-LOGISTICS,PRICE_DISPUTE,LOW,Routine inquiry / order status check for DIST-PACIFIC-LOGISTICS,Standard operational correspondence regarding order fulfillment tracking and invoice reconciliation.,0.25
ZD-TK-2117,2026-01-05T09:26:00Z,NA-East,DIST-TRI-STATE-OPS,FULFILLMENT_DELAY,MEDIUM,Routine inquiry / order status check for DIST-TRI-STATE-OPS,Standard operational correspondence regarding order fulfillment tracking and invoice reconciliation.,0.16
ZD-TK-2118,2026-01-05T17:41:00Z,NA-Central,DIST-GREATLAKES-SUPPLY,PRICE_DISPUTE,LOW,Routine inquiry / order status check for DIST-GREATLAKES-SUPPLY,Standard operational correspondence regarding order fulfillment tracking and invoice reconciliation.,-0.13
ZD-TK-2119,2026-01-05T12:09:00Z,NA-West,DIST-CAL-ENTERPRISE,PRICE_DISPUTE,MEDIUM,Routine inquiry / order status check for DIST-CAL-ENTERPRISE,Standard operational correspondence regarding order fulfillment tracking and invoice reconciliation.,-0.28
ZD-TK-2120,2026-01-05T11:59:00Z,NA-West,DIST-CAL-ENTERPRISE,PRICE_DISPUTE,LOW,Routine inquiry / order status check for DIST-CAL-ENTERPRISE,Standard operational correspondence regarding order fulfillment tracking and invoice reconciliation.,0.1
ZD-TK-2121,2026-01-05T09:13:00Z,NA-West,DIST-MOUNTAIN-PARTS,FULFILLMENT_DELAY,MEDIUM,Routine inquiry / order status check for DIST-MOUNTAIN-PARTS,Standard operational correspondence regarding order fulfillment tracking and invoice reconciliation.,-0.26
ZD-TK-2122,2026-01-06T08:54:00Z,NA-East,DIST-SUNBELT-PARTS,FULFILLMENT_DELAY,MEDIUM,Routine inquiry / order status check for DIST-SUNBELT-PARTS,Standard operational correspondence regarding order fulfillment tracking and invoice reconciliation.,-0.0
ZD-TK-2123,2026-01-06T12:02:00Z,NA-Central,DIST-GREATLAKES-SUPPLY,PRICE_DISPUTE,LOW,Routine inquiry / order status check for DIST-GREATLAKES-SUPPLY,Standard operational correspondence regarding order fulfillment tracking and invoice reconciliation.,0.28
ZD-TK-2124,2026-01-06T09:53:00Z,NA-Central,DIST-GREATLAKES-SUPPLY,PRICE_DISPUTE,LOW,Routine inquiry / order status check for DIST-GREATLAKES-SUPPLY,Standard operational correspondence regarding order fulfillment tracking and invoice reconciliation.,-0.27
ZD-TK-2125,2026-01-06T15:32:00Z,NA-West,DIST-MOUNTAIN-PARTS,PRODUCT_QUALITY,LOW,Routine inquiry / order status check for DIST-MOUNTAIN-PARTS,Standard operational correspondence regarding order fulfillment tracking and invoice reconciliation.,-0.02
ZD-TK-2126,2026-01-06T13:05:00Z,NA-West,DIST-MOUNTAIN-PARTS,PRODUCT_QUALITY,LOW,Routine inquiry / order status check for DIST-MOUNTAIN-PARTS,Standard operational correspondence regarding order fulfillment tracking and invoice reconciliation.,0.3
ZD-TK-2127,2026-01-07T11:22:00Z,NA-East,DIST-MIDATL-SUPPLY,PRODUCT_QUALITY,MEDIUM,Routine inquiry / order status check for DIST-MIDATL-SUPPLY,Standard operational correspondence regarding order fulfillment tracking and invoice reconciliation.,-0.12
ZD-TK-2128,2026-01-07T16:37:00Z,NA-East,DIST-APEX-EAST,FULFILLMENT_DELAY,LOW,Routine inquiry / order status check for DIST-APEX-EAST,Standard operational correspondence regarding order fulfillment tracking and invoice reconciliation.,-0.3
ZD-TK-2129,2026-01-07T11:40:00Z,NA-Central,DIST-MIDWEST-DIRECT,FULFILLMENT_DELAY,LOW,Routine inquiry / order status check for DIST-MIDWEST-DIRECT,Standard operational correspondence regarding order fulfillment tracking and invoice reconciliation.,0.35
ZD-TK-2130,2026-01-07T14:57:00Z,NA-West,DIST-CAL-ENTERPRISE,FULFILLMENT_DELAY,MEDIUM,Routine inquiry / order status check for DIST-CAL-ENTERPRISE,Standard operational correspondence regarding order fulfillment tracking and invoice reconciliation.,-0.04
ZD-TK-2131,2026-01-08T11:17:00Z,NA-East,DIST-COASTAL-WHOLESALE,PRODUCT_QUALITY,MEDIUM,Routine inquiry / order status check for DIST-COASTAL-WHOLESALE,Standard operational correspondence regarding order fulfillment tracking and invoice reconciliation.,0.27
ZD-TK-2132,2026-01-08T14:39:00Z,NA-Central,DIST-TEXAS-COMMERCIAL,FULFILLMENT_DELAY,MEDIUM,Routine inquiry / order status check for DIST-TEXAS-COMMERCIAL,Standard operational correspondence regarding order fulfillment tracking and invoice reconciliation.,0.06
ZD-TK-2133,2026-01-08T13:20:00Z,NA-West,DIST-CAL-ENTERPRISE,PRODUCT_QUALITY,MEDIUM,Routine inquiry / order status check for DIST-CAL-ENTERPRISE,Standard operational correspondence regarding order fulfillment tracking and invoice reconciliation.,-0.35
ZD-TK-2134,2026-01-08T15:47:00Z,NA-West,DIST-CAL-ENTERPRISE,PRODUCT_QUALITY,MEDIUM,Routine inquiry / order status check for DIST-CAL-ENTERPRISE,Standard operational correspondence regarding order fulfillment tracking and invoice reconciliation.,0.28
ZD-TK-2135,2026-01-09T17:13:00Z,NA-East,DIST-APEX-EAST,PRICE_DISPUTE,LOW,Routine inquiry / order status check for DIST-APEX-EAST,Standard operational correspondence regarding order fulfillment tracking and invoice reconciliation.,0.11
ZD-TK-2136,2026-01-09T17:25:00Z,NA-East,DIST-SUNBELT-PARTS,PRODUCT_QUALITY,LOW,Routine inquiry / order status check for DIST-SUNBELT-PARTS,Standard operational correspondence regarding order fulfillment tracking and invoice reconciliation.,-0.31
ZD-TK-2137,2026-01-09T10:27:00Z,NA-Central,DIST-GREATLAKES-SUPPLY,FULFILLMENT_DELAY,MEDIUM,Routine inquiry / order status check for DIST-GREATLAKES-SUPPLY,Standard operational correspondence regarding order fulfillment tracking and invoice reconciliation.,-0.13
ZD-TK-2138,2026-01-09T13:57:00Z,NA-Central,DIST-MIDWEST-DIRECT,PRODUCT_QUALITY,LOW,Routine inquiry / order status check for DIST-MIDWEST-DIRECT,Standard operational correspondence regarding order fulfillment tracking and invoice reconciliation.,0.24
ZD-TK-2139,2026-01-09T11:59:00Z,NA-West,DIST-PACIFIC-LOGISTICS,FULFILLMENT_DELAY,LOW,Routine inquiry / order status check for DIST-PACIFIC-LOGISTICS,Standard operational correspondence regarding order fulfillment tracking and invoice reconciliation.,-0.13
ZD-TK-2140,2026-01-09T09:44:00Z,NA-West,DIST-CAL-ENTERPRISE,FULFILLMENT_DELAY,LOW,Routine inquiry / order status check for DIST-CAL-ENTERPRISE,Standard operational correspondence regarding order fulfillment tracking and invoice reconciliation.,0.13
ZD-TK-2141,2026-01-09T10:35:00Z,NA-West,DIST-PACIFIC-LOGISTICS,PRODUCT_QUALITY,LOW,Routine inquiry / order status check for DIST-PACIFIC-LOGISTICS,Standard operational correspondence regarding order fulfillment tracking and invoice reconciliation.,0.13
ZD-TK-2142,2026-01-10T17:31:00Z,NA-East,DIST-TRI-STATE-OPS,PRICE_DISPUTE,LOW,Routine inquiry / order status check for DIST-TRI-STATE-OPS,Standard operational correspondence regarding order fulfillment tracking and invoice reconciliation.,0.33
ZD-TK-2143,2026-01-10T10:58:00Z,NA-East,DIST-EMPIRE-IND,PRODUCT_QUALITY,MEDIUM,Routine inquiry / order status check for DIST-EMPIRE-IND,Standard operational correspondence regarding order fulfillment tracking and invoice reconciliation.,0.33
ZD-TK-2144,2026-01-10T15:13:00Z,NA-Central,DIST-GREATLAKES-SUPPLY,PRICE_DISPUTE,MEDIUM,Routine inquiry / order status check for DIST-GREATLAKES-SUPPLY,Standard operational correspondence regarding order fulfillment tracking and invoice reconciliation.,0.31
ZD-TK-2145,2026-01-10T16:15:00Z,NA-Central,DIST-TEXAS-COMMERCIAL,PRICE_DISPUTE,MEDIUM,Routine inquiry / order status check for DIST-TEXAS-COMMERCIAL,Standard operational correspondence regarding order fulfillment tracking and invoice reconciliation.,0.32
ZD-TK-2146,2026-01-10T10:23:00Z,NA-West,DIST-PACIFIC-LOGISTICS,FULFILLMENT_DELAY,MEDIUM,Routine inquiry / order status check for DIST-PACIFIC-LOGISTICS,Standard operational correspondence regarding order fulfillment tracking and invoice reconciliation.,0.18
ZD-TK-2147,2026-01-10T08:59:00Z,NA-West,DIST-MOUNTAIN-PARTS,PRODUCT_QUALITY,MEDIUM,Routine inquiry / order status check for DIST-MOUNTAIN-PARTS,Standard operational correspondence regarding order fulfillment tracking and invoice reconciliation.,-0.34
ZD-TK-2148,2026-01-11T10:41:00Z,NA-East,DIST-EMPIRE-IND,FULFILLMENT_DELAY,LOW,Routine inquiry / order status check for DIST-EMPIRE-IND,Standard operational correspondence regarding order fulfillment tracking and invoice reconciliation.,-0.02
ZD-TK-2149,2026-01-11T17:19:00Z,NA-East,DIST-COASTAL-WHOLESALE,PRICE_DISPUTE,MEDIUM,Routine inquiry / order status check for DIST-COASTAL-WHOLESALE,Standard operational correspondence regarding order fulfillment tracking and invoice reconciliation.,-0.27
ZD-TK-2150,2026-01-11T15:05:00Z,NA-Central,DIST-MIDWEST-DIRECT,PRICE_DISPUTE,LOW,Routine inquiry / order status check for DIST-MIDWEST-DIRECT,Standard operational correspondence regarding order fulfillment tracking and invoice reconciliation.,0.22
ZD-TK-2151,2026-01-11T16:46:00Z,NA-Central,DIST-MIDWEST-DIRECT,PRICE_DISPUTE,MEDIUM,Routine inquiry / order status check for DIST-MIDWEST-DIRECT,Standard operational correspondence regarding order fulfillment tracking and invoice reconciliation.,0.33
ZD-TK-2152,2026-01-11T11:17:00Z,NA-West,DIST-CAL-ENTERPRISE,FULFILLMENT_DELAY,MEDIUM,Routine inquiry / order status check for DIST-CAL-ENTERPRISE,Standard operational correspondence regarding order fulfillment tracking and invoice reconciliation.,0.26
ZD-TK-2153,2026-01-11T08:02:00Z,NA-West,DIST-MOUNTAIN-PARTS,FULFILLMENT_DELAY,MEDIUM,Routine inquiry / order status check for DIST-MOUNTAIN-PARTS,Standard operational correspondence regarding order fulfillment tracking and invoice reconciliation.,-0.24
ZD-TK-2154,2026-01-11T08:23:00Z,NA-West,DIST-PACIFIC-LOGISTICS,PRICE_DISPUTE,LOW,Routine inquiry / order status check for DIST-PACIFIC-LOGISTICS,Standard operational correspondence regarding order fulfillment tracking and invoice reconciliation.,0.34
ZD-TK-2155,2026-01-12T15:43:00Z,NA-East,DIST-COASTAL-WHOLESALE,PRICE_DISPUTE,MEDIUM,Routine inquiry / order status check for DIST-COASTAL-WHOLESALE,Standard operational correspondence regarding order fulfillment tracking and invoice reconciliation.,0.13
ZD-TK-2156,2026-01-12T08:15:00Z,NA-East,DIST-COASTAL-WHOLESALE,FULFILLMENT_DELAY,MEDIUM,Routine inquiry / order status check for DIST-COASTAL-WHOLESALE,Standard operational correspondence regarding order fulfillment tracking and invoice reconciliation.,-0.1
ZD-TK-2157,2026-01-12T08:31:00Z,NA-East,DIST-SUNBELT-PARTS,PRICE_DISPUTE,LOW,Routine inquiry / order status check for DIST-SUNBELT-PARTS,Standard operational correspondence regarding order fulfillment tracking and invoice reconciliation.,0.09
ZD-TK-2158,2026-01-12T09:28:00Z,NA-Central,DIST-GREATLAKES-SUPPLY,PRICE_DISPUTE,LOW,Routine inquiry / order status check for DIST-GREATLAKES-SUPPLY,Standard operational correspondence regarding order fulfillment tracking and invoice reconciliation.,0.02
ZD-TK-2159,2026-01-12T15:50:00Z,NA-Central,DIST-GREATLAKES-SUPPLY,PRODUCT_QUALITY,MEDIUM,Routine inquiry / order status check for DIST-GREATLAKES-SUPPLY,Standard operational correspondence regarding order fulfillment tracking and invoice reconciliation.,-0.19
ZD-TK-2160,2026-01-12T12:06:00Z,NA-Central,DIST-MIDWEST-DIRECT,PRICE_DISPUTE,MEDIUM,Routine inquiry / order status check for DIST-MIDWEST-DIRECT,Standard operational correspondence regarding order fulfillment tracking and invoice reconciliation.,-0.14
ZD-TK-2161,2026-01-12T09:10:00Z,NA-West,DIST-PACIFIC-LOGISTICS,PRODUCT_QUALITY,LOW,Routine inquiry / order status check for DIST-PACIFIC-LOGISTICS,Standard operational correspondence regarding order fulfillment tracking and invoice reconciliation.,-0.12
ZD-TK-2162,2026-01-12T13:38:00Z,NA-West,DIST-MOUNTAIN-PARTS,FULFILLMENT_DELAY,MEDIUM,Routine inquiry / order status check for DIST-MOUNTAIN-PARTS,Standard operational correspondence regarding order fulfillment tracking and invoice reconciliation.,0.23
ZD-TK-2163,2026-01-12T13:14:00Z,NA-West,DIST-MOUNTAIN-PARTS,PRICE_DISPUTE,MEDIUM,Routine inquiry / order status check for DIST-MOUNTAIN-PARTS,Standard operational correspondence regarding order fulfillment tracking and invoice reconciliation.,0.07
ZD-TK-2164,2026-01-13T12:51:00Z,NA-East,DIST-SUNBELT-PARTS,FULFILLMENT_DELAY,MEDIUM,Routine inquiry / order status check for DIST-SUNBELT-PARTS,Standard operational correspondence regarding order fulfillment tracking and invoice reconciliation.,0.35
ZD-TK-2165,2026-01-13T15:41:00Z,NA-East,DIST-COASTAL-WHOLESALE,PRICE_DISPUTE,LOW,Routine inquiry / order status check for DIST-COASTAL-WHOLESALE,Standard operational correspondence regarding order fulfillment tracking and invoice reconciliation.,0.29
ZD-TK-2166,2026-01-13T13:26:00Z,NA-Central,DIST-MIDWEST-DIRECT,PRICE_DISPUTE,MEDIUM,Routine inquiry / order status check for DIST-MIDWEST-DIRECT,Standard operational correspondence regarding order fulfillment tracking and invoice reconciliation.,0.24
ZD-TK-2167,2026-01-13T11:59:00Z,NA-Central,DIST-GREATLAKES-SUPPLY,FULFILLMENT_DELAY,MEDIUM,Routine inquiry / order status check for DIST-GREATLAKES-SUPPLY,Standard operational correspondence regarding order fulfillment tracking and invoice reconciliation.,0.19
ZD-TK-2168,2026-01-13T12:48:00Z,NA-Central,DIST-GREATLAKES-SUPPLY,PRICE_DISPUTE,LOW,Routine inquiry / order status check for DIST-GREATLAKES-SUPPLY,Standard operational correspondence regarding order fulfillment tracking and invoice reconciliation.,0.02
ZD-TK-2169,2026-01-13T11:02:00Z,NA-West,DIST-PACIFIC-LOGISTICS,FULFILLMENT_DELAY,LOW,Routine inquiry / order status check for DIST-PACIFIC-LOGISTICS,Standard operational correspondence regarding order fulfillment tracking and invoice reconciliation.,0.02
ZD-TK-2170,2026-01-13T14:52:00Z,NA-West,DIST-CAL-ENTERPRISE,PRICE_DISPUTE,MEDIUM,Routine inquiry / order status check for DIST-CAL-ENTERPRISE,Standard operational correspondence regarding order fulfillment tracking and invoice reconciliation.,-0.12
ZD-TK-2171,2026-01-14T13:48:00Z,NA-East,DIST-COASTAL-WHOLESALE,FULFILLMENT_DELAY,MEDIUM,Routine inquiry / order status check for DIST-COASTAL-WHOLESALE,Standard operational correspondence regarding order fulfillment tracking and invoice reconciliation.,0.31
ZD-TK-2172,2026-01-14T13:56:00Z,NA-Central,DIST-MIDWEST-DIRECT,FULFILLMENT_DELAY,LOW,Routine inquiry / order status check for DIST-MIDWEST-DIRECT,Standard operational correspondence regarding order fulfillment tracking and invoice reconciliation.,-0.29
ZD-TK-2173,2026-01-14T13:00:00Z,NA-West,DIST-PACIFIC-LOGISTICS,PRODUCT_QUALITY,MEDIUM,Routine inquiry / order status check for DIST-PACIFIC-LOGISTICS,Standard operational correspondence regarding order fulfillment tracking and invoice reconciliation.,0.17
ZD-TK-2174,2026-01-14T13:16:00Z,NA-West,DIST-PACIFIC-LOGISTICS,FULFILLMENT_DELAY,LOW,Routine inquiry / order status check for DIST-PACIFIC-LOGISTICS,Standard operational correspondence regarding order fulfillment tracking and invoice reconciliation.,-0.16
ZD-TK-2175,2026-01-15T09:49:00Z,NA-East,DIST-MIDATL-SUPPLY,FULFILLMENT_DELAY,MEDIUM,Routine inquiry / order status check for DIST-MIDATL-SUPPLY,Standard operational correspondence regarding order fulfillment tracking and invoice reconciliation.,0.34
ZD-TK-2176,2026-01-15T09:32:00Z,NA-Central,DIST-TEXAS-COMMERCIAL,FULFILLMENT_DELAY,LOW,Routine inquiry / order status check for DIST-TEXAS-COMMERCIAL,Standard operational correspondence regarding order fulfillment tracking and invoice reconciliation.,0.31
ZD-TK-2177,2026-01-15T13:48:00Z,NA-Central,DIST-TEXAS-COMMERCIAL,FULFILLMENT_DELAY,MEDIUM,Routine inquiry / order status check for DIST-TEXAS-COMMERCIAL,Standard operational correspondence regarding order fulfillment tracking and invoice reconciliation.,0.04
ZD-TK-2178,2026-01-15T16:38:00Z,NA-Central,DIST-GREATLAKES-SUPPLY,PRODUCT_QUALITY,LOW,Routine inquiry / order status check for DIST-GREATLAKES-SUPPLY,Standard operational correspondence regarding order fulfillment tracking and invoice reconciliation.,0.05
ZD-TK-2179,2026-01-15T17:31:00Z,NA-West,DIST-PACIFIC-LOGISTICS,PRICE_DISPUTE,LOW,Routine inquiry / order status check for DIST-PACIFIC-LOGISTICS,Standard operational correspondence regarding order fulfillment tracking and invoice reconciliation.,-0.23
ZD-TK-2180,2026-01-15T08:54:00Z,NA-West,DIST-CAL-ENTERPRISE,PRICE_DISPUTE,MEDIUM,Routine inquiry / order status check for DIST-CAL-ENTERPRISE,Standard operational correspondence regarding order fulfillment tracking and invoice reconciliation.,0.15
ZD-TK-2181,2026-01-16T08:07:00Z,NA-East,DIST-TRI-STATE-OPS,PRICE_DISPUTE,MEDIUM,Routine inquiry / order status check for DIST-TRI-STATE-OPS,Standard operational correspondence regarding order fulfillment tracking and invoice reconciliation.,0.02
ZD-TK-2182,2026-01-16T11:05:00Z,NA-East,DIST-APEX-EAST,PRODUCT_QUALITY,LOW,Routine inquiry / order status check for DIST-APEX-EAST,Standard operational correspondence regarding order fulfillment tracking and invoice reconciliation.,0.24
ZD-TK-2183,2026-01-16T17:03:00Z,NA-East,DIST-SUNBELT-PARTS,FULFILLMENT_DELAY,LOW,Routine inquiry / order status check for DIST-SUNBELT-PARTS,Standard operational correspondence regarding order fulfillment tracking and invoice reconciliation.,0.31
ZD-TK-2184,2026-01-16T16:46:00Z,NA-Central,DIST-GREATLAKES-SUPPLY,PRODUCT_QUALITY,MEDIUM,Routine inquiry / order status check for DIST-GREATLAKES-SUPPLY,Standard operational correspondence regarding order fulfillment tracking and invoice reconciliation.,0.1
ZD-TK-2185,2026-01-16T08:00:00Z,NA-Central,DIST-GREATLAKES-SUPPLY,PRICE_DISPUTE,LOW,Routine inquiry / order status check for DIST-GREATLAKES-SUPPLY,Standard operational correspondence regarding order fulfillment tracking and invoice reconciliation.,-0.11
ZD-TK-2186,2026-01-16T14:51:00Z,NA-Central,DIST-TEXAS-COMMERCIAL,FULFILLMENT_DELAY,MEDIUM,Routine inquiry / order status check for DIST-TEXAS-COMMERCIAL,Standard operational correspondence regarding order fulfillment tracking and invoice reconciliation.,-0.0
ZD-TK-2187,2026-01-16T08:46:00Z,NA-West,DIST-PACIFIC-LOGISTICS,PRODUCT_QUALITY,LOW,Routine inquiry / order status check for DIST-PACIFIC-LOGISTICS,Standard operational correspondence regarding order fulfillment tracking and invoice reconciliation.,0.29
ZD-TK-2188,2026-01-16T13:30:00Z,NA-West,DIST-CAL-ENTERPRISE,FULFILLMENT_DELAY,LOW,Routine inquiry / order status check for DIST-CAL-ENTERPRISE,Standard operational correspondence regarding order fulfillment tracking and invoice reconciliation.,0.06
ZD-TK-2189,2026-01-17T14:33:00Z,NA-East,DIST-EMPIRE-IND,PRICE_DISPUTE,LOW,Routine inquiry / order status check for DIST-EMPIRE-IND,Standard operational correspondence regarding order fulfillment tracking and invoice reconciliation.,-0.26
ZD-TK-2190,2026-01-17T11:25:00Z,NA-East,DIST-COASTAL-WHOLESALE,PRODUCT_QUALITY,LOW,Routine inquiry / order status check for DIST-COASTAL-WHOLESALE,Standard operational correspondence regarding order fulfillment tracking and invoice reconciliation.,0.22
ZD-TK-2191,2026-01-17T17:21:00Z,NA-East,DIST-TRI-STATE-OPS,FULFILLMENT_DELAY,LOW,Routine inquiry / order status check for DIST-TRI-STATE-OPS,Standard operational correspondence regarding order fulfillment tracking and invoice reconciliation.,0.22
ZD-TK-2192,2026-01-17T09:27:00Z,NA-Central,DIST-MIDWEST-DIRECT,PRODUCT_QUALITY,MEDIUM,Routine inquiry / order status check for DIST-MIDWEST-DIRECT,Standard operational correspondence regarding order fulfillment tracking and invoice reconciliation.,-0.03
ZD-TK-2193,2026-01-17T14:11:00Z,NA-West,DIST-MOUNTAIN-PARTS,FULFILLMENT_DELAY,LOW,Routine inquiry / order status check for DIST-MOUNTAIN-PARTS,Standard operational correspondence regarding order fulfillment tracking and invoice reconciliation.,0.27
ZD-TK-2194,2026-01-18T13:39:00Z,NA-East,DIST-APEX-EAST,PRODUCT_QUALITY,MEDIUM,Routine inquiry / order status check for DIST-APEX-EAST,Standard operational correspondence regarding order fulfillment tracking and invoice reconciliation.,0.15
ZD-TK-2195,2026-01-18T14:27:00Z,NA-Central,DIST-MIDWEST-DIRECT,PRODUCT_QUALITY,MEDIUM,Routine inquiry / order status check for DIST-MIDWEST-DIRECT,Standard operational correspondence regarding order fulfillment tracking and invoice reconciliation.,0.03
ZD-TK-2196,2026-01-18T14:50:00Z,NA-West,DIST-MOUNTAIN-PARTS,PRICE_DISPUTE,MEDIUM,Routine inquiry / order status check for DIST-MOUNTAIN-PARTS,Standard operational correspondence regarding order fulfillment tracking and invoice reconciliation.,0.0
ZD-TK-2197,2026-01-18T12:41:00Z,NA-West,DIST-CAL-ENTERPRISE,PRICE_DISPUTE,MEDIUM,Routine inquiry / order status check for DIST-CAL-ENTERPRISE,Standard operational correspondence regarding order fulfillment tracking and invoice reconciliation.,0.12
ZD-TK-2198,2026-01-18T08:42:00Z,NA-West,DIST-PACIFIC-LOGISTICS,PRODUCT_QUALITY,LOW,Routine inquiry / order status check for DIST-PACIFIC-LOGISTICS,Standard operational correspondence regarding order fulfillment tracking and invoice reconciliation.,-0.0
ZD-TK-2199,2026-01-19T10:49:00Z,NA-East,DIST-MIDATL-SUPPLY,PRODUCT_QUALITY,LOW,Routine inquiry / order status check for DIST-MIDATL-SUPPLY,Standard operational correspondence regarding order fulfillment tracking and invoice reconciliation.,-0.23
ZD-TK-2200,2026-01-19T15:28:00Z,NA-East,DIST-TRI-STATE-OPS,FULFILLMENT_DELAY,LOW,Routine inquiry / order status check for DIST-TRI-STATE-OPS,Standard operational correspondence regarding order fulfillment tracking and invoice reconciliation.,0.32
ZD-TK-2201,2026-01-19T09:06:00Z,NA-Central,DIST-TEXAS-COMMERCIAL,PRICE_DISPUTE,LOW,Routine inquiry / order status check for DIST-TEXAS-COMMERCIAL,Standard operational correspondence regarding order fulfillment tracking and invoice reconciliation.,0.15
ZD-TK-2202,2026-01-19T15:21:00Z,NA-Central,DIST-MIDWEST-DIRECT,FULFILLMENT_DELAY,MEDIUM,Routine inquiry / order status check for DIST-MIDWEST-DIRECT,Standard operational correspondence regarding order fulfillment tracking and invoice reconciliation.,0.21
ZD-TK-2203,2026-01-19T12:22:00Z,NA-Central,DIST-TEXAS-COMMERCIAL,FULFILLMENT_DELAY,MEDIUM,Routine inquiry / order status check for DIST-TEXAS-COMMERCIAL,Standard operational correspondence regarding order fulfillment tracking and invoice reconciliation.,0.32
ZD-TK-2204,2026-01-19T09:50:00Z,NA-West,DIST-MOUNTAIN-PARTS,PRICE_DISPUTE,LOW,Routine inquiry / order status check for DIST-MOUNTAIN-PARTS,Standard operational correspondence regarding order fulfillment tracking and invoice reconciliation.,0.05
ZD-TK-2205,2026-01-20T08:10:00Z,NA-East,DIST-SUNBELT-PARTS,PRICE_DISPUTE,LOW,Routine inquiry / order status check for DIST-SUNBELT-PARTS,Standard operational correspondence regarding order fulfillment tracking and invoice reconciliation.,-0.05
ZD-TK-2206,2026-01-20T14:24:00Z,NA-East,DIST-APEX-EAST,FULFILLMENT_DELAY,MEDIUM,Routine inquiry / order status check for DIST-APEX-EAST,Standard operational correspondence regarding order fulfillment tracking and invoice reconciliation.,-0.19
ZD-TK-2207,2026-01-20T13:01:00Z,NA-Central,DIST-GREATLAKES-SUPPLY,PRICE_DISPUTE,LOW,Routine inquiry / order status check for DIST-GREATLAKES-SUPPLY,Standard operational correspondence regarding order fulfillment tracking and invoice reconciliation.,0.34
ZD-TK-2208,2026-01-20T15:48:00Z,NA-Central,DIST-TEXAS-COMMERCIAL,PRICE_DISPUTE,MEDIUM,Routine inquiry / order status check for DIST-TEXAS-COMMERCIAL,Standard operational correspondence regarding order fulfillment tracking and invoice reconciliation.,0.28
ZD-TK-2209,2026-01-20T08:26:00Z,NA-Central,DIST-MIDWEST-DIRECT,PRICE_DISPUTE,LOW,Routine inquiry / order status check for DIST-MIDWEST-DIRECT,Standard operational correspondence regarding order fulfillment tracking and invoice reconciliation.,-0.07
ZD-TK-2210,2026-01-20T16:10:00Z,NA-West,DIST-MOUNTAIN-PARTS,PRODUCT_QUALITY,MEDIUM,Routine inquiry / order status check for DIST-MOUNTAIN-PARTS,Standard operational correspondence regarding order fulfillment tracking and invoice reconciliation.,-0.34
ZD-TK-2211,2026-01-20T13:32:00Z,NA-West,DIST-MOUNTAIN-PARTS,PRODUCT_QUALITY,MEDIUM,Routine inquiry / order status check for DIST-MOUNTAIN-PARTS,Standard operational correspondence regarding order fulfillment tracking and invoice reconciliation.,0.06
ZD-TK-2212,2026-01-20T17:04:00Z,NA-West,DIST-CAL-ENTERPRISE,PRICE_DISPUTE,MEDIUM,Routine inquiry / order status check for DIST-CAL-ENTERPRISE,Standard operational correspondence regarding order fulfillment tracking and invoice reconciliation.,-0.05
ZD-TK-2213,2026-01-21T08:04:00Z,NA-East,DIST-SUNBELT-PARTS,PRODUCT_QUALITY,LOW,Routine inquiry / order status check for DIST-SUNBELT-PARTS,Standard operational correspondence regarding order fulfillment tracking and invoice reconciliation.,-0.02
ZD-TK-2214,2026-01-21T08:44:00Z,NA-East,DIST-MIDATL-SUPPLY,PRICE_DISPUTE,LOW,Routine inquiry / order status check for DIST-MIDATL-SUPPLY,Standard operational correspondence regarding order fulfillment tracking and invoice reconciliation.,-0.34
ZD-TK-2215,2026-01-21T15:45:00Z,NA-Central,DIST-MIDWEST-DIRECT,PRODUCT_QUALITY,LOW,Routine inquiry / order status check for DIST-MIDWEST-DIRECT,Standard operational correspondence regarding order fulfillment tracking and invoice reconciliation.,-0.02
ZD-TK-2216,2026-01-21T11:29:00Z,NA-Central,DIST-TEXAS-COMMERCIAL,PRICE_DISPUTE,MEDIUM,Routine inquiry / order status check for DIST-TEXAS-COMMERCIAL,Standard operational correspondence regarding order fulfillment tracking and invoice reconciliation.,-0.31
ZD-TK-2217,2026-01-21T15:26:00Z,NA-West,DIST-MOUNTAIN-PARTS,PRODUCT_QUALITY,MEDIUM,Routine inquiry / order status check for DIST-MOUNTAIN-PARTS,Standard operational correspondence regarding order fulfillment tracking and invoice reconciliation.,-0.16
ZD-TK-2218,2026-01-22T08:03:00Z,NA-East,DIST-SUNBELT-PARTS,FULFILLMENT_DELAY,LOW,Routine inquiry / order status check for DIST-SUNBELT-PARTS,Standard operational correspondence regarding order fulfillment tracking and invoice reconciliation.,-0.17
ZD-TK-2219,2026-01-22T15:31:00Z,NA-East,DIST-EMPIRE-IND,FULFILLMENT_DELAY,MEDIUM,Routine inquiry / order status check for DIST-EMPIRE-IND,Standard operational correspondence regarding order fulfillment tracking and invoice reconciliation.,0.23
ZD-TK-2220,2026-01-22T17:07:00Z,NA-Central,DIST-MIDWEST-DIRECT,PRICE_DISPUTE,MEDIUM,Routine inquiry / order status check for DIST-MIDWEST-DIRECT,Standard operational correspondence regarding order fulfillment tracking and invoice reconciliation.,-0.18
ZD-TK-2221,2026-01-22T16:20:00Z,NA-Central,DIST-MIDWEST-DIRECT,FULFILLMENT_DELAY,LOW,Routine inquiry / order status check for DIST-MIDWEST-DIRECT,Standard operational correspondence regarding order fulfillment tracking and invoice reconciliation.,0.09
ZD-TK-2222,2026-01-22T15:35:00Z,NA-Central,DIST-MIDWEST-DIRECT,FULFILLMENT_DELAY,MEDIUM,Routine inquiry / order status check for DIST-MIDWEST-DIRECT,Standard operational correspondence regarding order fulfillment tracking and invoice reconciliation.,0.27
ZD-TK-2223,2026-01-22T15:33:00Z,NA-West,DIST-MOUNTAIN-PARTS,PRICE_DISPUTE,LOW,Routine inquiry / order status check for DIST-MOUNTAIN-PARTS,Standard operational correspondence regarding order fulfillment tracking and invoice reconciliation.,-0.11
ZD-TK-2224,2026-01-23T17:55:00Z,NA-East,DIST-MIDATL-SUPPLY,FULFILLMENT_DELAY,MEDIUM,Routine inquiry / order status check for DIST-MIDATL-SUPPLY,Standard operational correspondence regarding order fulfillment tracking and invoice reconciliation.,-0.07
ZD-TK-2225,2026-01-23T15:26:00Z,NA-East,DIST-EMPIRE-IND,FULFILLMENT_DELAY,LOW,Routine inquiry / order status check for DIST-EMPIRE-IND,Standard operational correspondence regarding order fulfillment tracking and invoice reconciliation.,0.16
ZD-TK-2226,2026-01-23T17:13:00Z,NA-Central,DIST-MIDWEST-DIRECT,PRICE_DISPUTE,LOW,Routine inquiry / order status check for DIST-MIDWEST-DIRECT,Standard operational correspondence regarding order fulfillment tracking and invoice reconciliation.,0.16
ZD-TK-2227,2026-01-23T16:16:00Z,NA-West,DIST-CAL-ENTERPRISE,PRODUCT_QUALITY,LOW,Routine inquiry / order status check for DIST-CAL-ENTERPRISE,Standard operational correspondence regarding order fulfillment tracking and invoice reconciliation.,-0.0
ZD-TK-2228,2026-01-23T08:36:00Z,NA-West,DIST-PACIFIC-LOGISTICS,PRODUCT_QUALITY,MEDIUM,Routine inquiry / order status check for DIST-PACIFIC-LOGISTICS,Standard operational correspondence regarding order fulfillment tracking and invoice reconciliation.,-0.05
ZD-TK-2229,2026-01-24T17:20:00Z,NA-East,DIST-TRI-STATE-OPS,PRICE_DISPUTE,MEDIUM,Routine inquiry / order status check for DIST-TRI-STATE-OPS,Standard operational correspondence regarding order fulfillment tracking and invoice reconciliation.,0.31
ZD-TK-2230,2026-01-24T15:15:00Z,NA-East,DIST-EMPIRE-IND,PRODUCT_QUALITY,LOW,Routine inquiry / order status check for DIST-EMPIRE-IND,Standard operational correspondence regarding order fulfillment tracking and invoice reconciliation.,-0.03
ZD-TK-2231,2026-01-24T17:12:00Z,NA-East,DIST-MIDATL-SUPPLY,PRICE_DISPUTE,LOW,Routine inquiry / order status check for DIST-MIDATL-SUPPLY,Standard operational correspondence regarding order fulfillment tracking and invoice reconciliation.,0.27
ZD-TK-2232,2026-01-24T16:18:00Z,NA-Central,DIST-GREATLAKES-SUPPLY,PRICE_DISPUTE,LOW,Routine inquiry / order status check for DIST-GREATLAKES-SUPPLY,Standard operational correspondence regarding order fulfillment tracking and invoice reconciliation.,0.16
ZD-TK-2233,2026-01-24T12:12:00Z,NA-West,DIST-MOUNTAIN-PARTS,FULFILLMENT_DELAY,MEDIUM,Routine inquiry / order status check for DIST-MOUNTAIN-PARTS,Standard operational correspondence regarding order fulfillment tracking and invoice reconciliation.,0.17
ZD-TK-2234,2026-01-24T13:18:00Z,NA-West,DIST-MOUNTAIN-PARTS,PRICE_DISPUTE,LOW,Routine inquiry / order status check for DIST-MOUNTAIN-PARTS,Standard operational correspondence regarding order fulfillment tracking and invoice reconciliation.,-0.32
ZD-TK-2235,2026-01-24T16:28:00Z,NA-West,DIST-PACIFIC-LOGISTICS,PRICE_DISPUTE,MEDIUM,Routine inquiry / order status check for DIST-PACIFIC-LOGISTICS,Standard operational correspondence regarding order fulfillment tracking and invoice reconciliation.,0.08
ZD-TK-2236,2026-01-25T13:40:00Z,NA-East,DIST-COASTAL-WHOLESALE,PRICE_DISPUTE,LOW,Routine inquiry / order status check for DIST-COASTAL-WHOLESALE,Standard operational correspondence regarding order fulfillment tracking and invoice reconciliation.,0.13
ZD-TK-2237,2026-01-25T08:12:00Z,NA-East,DIST-APEX-EAST,PRODUCT_QUALITY,LOW,Routine inquiry / order status check for DIST-APEX-EAST,Standard operational correspondence regarding order fulfillment tracking and invoice reconciliation.,-0.06
ZD-TK-2238,2026-01-25T17:25:00Z,NA-East,DIST-COASTAL-WHOLESALE,FULFILLMENT_DELAY,MEDIUM,Routine inquiry / order status check for DIST-COASTAL-WHOLESALE,Standard operational correspondence regarding order fulfillment tracking and invoice reconciliation.,0.09
ZD-TK-2239,2026-01-25T09:45:00Z,NA-Central,DIST-GREATLAKES-SUPPLY,PRODUCT_QUALITY,LOW,Routine inquiry / order status check for DIST-GREATLAKES-SUPPLY,Standard operational correspondence regarding order fulfillment tracking and invoice reconciliation.,0.32
ZD-TK-2240,2026-01-25T08:48:00Z,NA-West,DIST-CAL-ENTERPRISE,FULFILLMENT_DELAY,MEDIUM,Routine inquiry / order status check for DIST-CAL-ENTERPRISE,Standard operational correspondence regarding order fulfillment tracking and invoice reconciliation.,0.21
ZD-TK-2241,2026-01-25T11:43:00Z,NA-West,DIST-CAL-ENTERPRISE,PRODUCT_QUALITY,LOW,Routine inquiry / order status check for DIST-CAL-ENTERPRISE,Standard operational correspondence regarding order fulfillment tracking and invoice reconciliation.,0.1
ZD-TK-2242,2026-01-26T10:31:00Z,NA-East,DIST-APEX-EAST,PRICE_DISPUTE,LOW,Routine inquiry / order status check for DIST-APEX-EAST,Standard operational correspondence regarding order fulfillment tracking and invoice reconciliation.,0.12
ZD-TK-2243,2026-01-26T09:52:00Z,NA-Central,DIST-MIDWEST-DIRECT,PRICE_DISPUTE,MEDIUM,Routine inquiry / order status check for DIST-MIDWEST-DIRECT,Standard operational correspondence regarding order fulfillment tracking and invoice reconciliation.,-0.16
ZD-TK-2244,2026-01-26T17:14:00Z,NA-West,DIST-PACIFIC-LOGISTICS,PRODUCT_QUALITY,LOW,Routine inquiry / order status check for DIST-PACIFIC-LOGISTICS,Standard operational correspondence regarding order fulfillment tracking and invoice reconciliation.,0.08
ZD-TK-2245,2026-01-26T08:30:00Z,NA-West,DIST-PACIFIC-LOGISTICS,PRODUCT_QUALITY,MEDIUM,Routine inquiry / order status check for DIST-PACIFIC-LOGISTICS,Standard operational correspondence regarding order fulfillment tracking and invoice reconciliation.,0.17
ZD-TK-2246,2026-01-27T17:52:00Z,NA-East,DIST-COASTAL-WHOLESALE,PRODUCT_QUALITY,MEDIUM,Routine inquiry / order status check for DIST-COASTAL-WHOLESALE,Standard operational correspondence regarding order fulfillment tracking and invoice reconciliation.,-0.22
ZD-TK-2247,2026-01-27T15:43:00Z,NA-East,DIST-APEX-EAST,FULFILLMENT_DELAY,LOW,Routine inquiry / order status check for DIST-APEX-EAST,Standard operational correspondence regarding order fulfillment tracking and invoice reconciliation.,-0.14
ZD-TK-2248,2026-01-27T15:10:00Z,NA-East,DIST-COASTAL-WHOLESALE,FULFILLMENT_DELAY,LOW,Routine inquiry / order status check for DIST-COASTAL-WHOLESALE,Standard operational correspondence regarding order fulfillment tracking and invoice reconciliation.,-0.34
ZD-TK-2249,2026-01-27T17:02:00Z,NA-Central,DIST-TEXAS-COMMERCIAL,PRODUCT_QUALITY,LOW,Routine inquiry / order status check for DIST-TEXAS-COMMERCIAL,Standard operational correspondence regarding order fulfillment tracking and invoice reconciliation.,0.14
ZD-TK-2250,2026-01-27T10:23:00Z,NA-Central,DIST-TEXAS-COMMERCIAL,PRICE_DISPUTE,LOW,Routine inquiry / order status check for DIST-TEXAS-COMMERCIAL,Standard operational correspondence regarding order fulfillment tracking and invoice reconciliation.,-0.13
ZD-TK-2251,2026-01-27T12:14:00Z,NA-Central,DIST-GREATLAKES-SUPPLY,PRICE_DISPUTE,LOW,Routine inquiry / order status check for DIST-GREATLAKES-SUPPLY,Standard operational correspondence regarding order fulfillment tracking and invoice reconciliation.,-0.08
ZD-TK-2252,2026-01-27T16:57:00Z,NA-West,DIST-CAL-ENTERPRISE,FULFILLMENT_DELAY,MEDIUM,Routine inquiry / order status check for DIST-CAL-ENTERPRISE,Standard operational correspondence regarding order fulfillment tracking and invoice reconciliation.,-0.24
ZD-TK-2253,2026-01-27T08:40:00Z,NA-West,DIST-MOUNTAIN-PARTS,PRODUCT_QUALITY,LOW,Routine inquiry / order status check for DIST-MOUNTAIN-PARTS,Standard operational correspondence regarding order fulfillment tracking and invoice reconciliation.,0.02
ZD-TK-2254,2026-01-27T15:51:00Z,NA-West,DIST-CAL-ENTERPRISE,PRODUCT_QUALITY,LOW,Routine inquiry / order status check for DIST-CAL-ENTERPRISE,Standard operational correspondence regarding order fulfillment tracking and invoice reconciliation.,-0.12
ZD-TK-2255,2026-01-28T11:15:00Z,NA-East,DIST-SUNBELT-PARTS,PRODUCT_QUALITY,MEDIUM,Routine inquiry / order status check for DIST-SUNBELT-PARTS,Standard operational correspondence regarding order fulfillment tracking and invoice reconciliation.,-0.21
ZD-TK-2256,2026-01-28T16:17:00Z,NA-East,DIST-EMPIRE-IND,FULFILLMENT_DELAY,MEDIUM,Routine inquiry / order status check for DIST-EMPIRE-IND,Standard operational correspondence regarding order fulfillment tracking and invoice reconciliation.,-0.06
ZD-TK-2257,2026-01-28T11:03:00Z,NA-Central,DIST-GREATLAKES-SUPPLY,PRICE_DISPUTE,LOW,Routine inquiry / order status check for DIST-GREATLAKES-SUPPLY,Standard operational correspondence regarding order fulfillment tracking and invoice reconciliation.,0.34
ZD-TK-2258,2026-01-28T09:34:00Z,NA-West,DIST-MOUNTAIN-PARTS,PRICE_DISPUTE,MEDIUM,Routine inquiry / order status check for DIST-MOUNTAIN-PARTS,Standard operational correspondence regarding order fulfillment tracking and invoice reconciliation.,0.04
ZD-TK-2259,2026-01-29T17:29:00Z,NA-East,DIST-APEX-EAST,FULFILLMENT_DELAY,LOW,Routine inquiry / order status check for DIST-APEX-EAST,Standard operational correspondence regarding order fulfillment tracking and invoice reconciliation.,0.2
ZD-TK-2260,2026-01-29T14:54:00Z,NA-East,DIST-APEX-EAST,FULFILLMENT_DELAY,MEDIUM,Routine inquiry / order status check for DIST-APEX-EAST,Standard operational correspondence regarding order fulfillment tracking and invoice reconciliation.,-0.09
ZD-TK-2261,2026-01-29T13:43:00Z,NA-Central,DIST-MIDWEST-DIRECT,PRODUCT_QUALITY,LOW,Routine inquiry / order status check for DIST-MIDWEST-DIRECT,Standard operational correspondence regarding order fulfillment tracking and invoice reconciliation.,0.08
ZD-TK-2262,2026-01-29T13:36:00Z,NA-Central,DIST-MIDWEST-DIRECT,FULFILLMENT_DELAY,MEDIUM,Routine inquiry / order status check for DIST-MIDWEST-DIRECT,Standard operational correspondence regarding order fulfillment tracking and invoice reconciliation.,-0.18
ZD-TK-2263,2026-01-29T14:15:00Z,NA-West,DIST-MOUNTAIN-PARTS,FULFILLMENT_DELAY,MEDIUM,Routine inquiry / order status check for DIST-MOUNTAIN-PARTS,Standard operational correspondence regarding order fulfillment tracking and invoice reconciliation.,0.05
ZD-TK-2264,2026-01-29T15:31:00Z,NA-West,DIST-CAL-ENTERPRISE,FULFILLMENT_DELAY,MEDIUM,Routine inquiry / order status check for DIST-CAL-ENTERPRISE,Standard operational correspondence regarding order fulfillment tracking and invoice reconciliation.,-0.31
ZD-TK-2265,2026-01-29T14:01:00Z,NA-West,DIST-MOUNTAIN-PARTS,PRICE_DISPUTE,LOW,Routine inquiry / order status check for DIST-MOUNTAIN-PARTS,Standard operational correspondence regarding order fulfillment tracking and invoice reconciliation.,0.26
ZD-TK-2266,2026-01-30T12:47:00Z,NA-East,DIST-EMPIRE-IND,PRICE_DISPUTE,LOW,Routine inquiry / order status check for DIST-EMPIRE-IND,Standard operational correspondence regarding order fulfillment tracking and invoice reconciliation.,-0.08
ZD-TK-2267,2026-01-30T13:15:00Z,NA-East,DIST-COASTAL-WHOLESALE,FULFILLMENT_DELAY,MEDIUM,Routine inquiry / order status check for DIST-COASTAL-WHOLESALE,Standard operational correspondence regarding order fulfillment tracking and invoice reconciliation.,0.04
ZD-TK-2268,2026-01-30T12:49:00Z,NA-East,DIST-TRI-STATE-OPS,PRODUCT_QUALITY,MEDIUM,Routine inquiry / order status check for DIST-TRI-STATE-OPS,Standard operational correspondence regarding order fulfillment tracking and invoice reconciliation.,-0.14
ZD-TK-2269,2026-01-30T13:45:00Z,NA-Central,DIST-GREATLAKES-SUPPLY,PRODUCT_QUALITY,LOW,Routine inquiry / order status check for DIST-GREATLAKES-SUPPLY,Standard operational correspondence regarding order fulfillment tracking and invoice reconciliation.,-0.04
ZD-TK-2270,2026-01-30T17:17:00Z,NA-West,DIST-CAL-ENTERPRISE,FULFILLMENT_DELAY,MEDIUM,Routine inquiry / order status check for DIST-CAL-ENTERPRISE,Standard operational correspondence regarding order fulfillment tracking and invoice reconciliation.,0.21
ZD-TK-2271,2026-01-30T09:03:00Z,NA-West,DIST-MOUNTAIN-PARTS,PRICE_DISPUTE,MEDIUM,Routine inquiry / order status check for DIST-MOUNTAIN-PARTS,Standard operational correspondence regarding order fulfillment tracking and invoice reconciliation.,0.06
ZD-TK-2272,2026-01-31T09:46:00Z,NA-East,DIST-COASTAL-WHOLESALE,PRICE_DISPUTE,MEDIUM,Routine inquiry / order status check for DIST-COASTAL-WHOLESALE,Standard operational correspondence regarding order fulfillment tracking and invoice reconciliation.,0.24
ZD-TK-2273,2026-01-31T09:06:00Z,NA-East,DIST-APEX-EAST,FULFILLMENT_DELAY,MEDIUM,Routine inquiry / order status check for DIST-APEX-EAST,Standard operational correspondence regarding order fulfillment tracking and invoice reconciliation.,-0.22
ZD-TK-2274,2026-01-31T16:27:00Z,NA-East,DIST-EMPIRE-IND,FULFILLMENT_DELAY,LOW,Routine inquiry / order status check for DIST-EMPIRE-IND,Standard operational correspondence regarding order fulfillment tracking and invoice reconciliation.,0.31
ZD-TK-2275,2026-01-31T08:04:00Z,NA-Central,DIST-MIDWEST-DIRECT,PRODUCT_QUALITY,MEDIUM,Routine inquiry / order status check for DIST-MIDWEST-DIRECT,Standard operational correspondence regarding order fulfillment tracking and invoice reconciliation.,-0.12
ZD-TK-2276,2026-01-31T09:04:00Z,NA-Central,DIST-MIDWEST-DIRECT,FULFILLMENT_DELAY,MEDIUM,Routine inquiry / order status check for DIST-MIDWEST-DIRECT,Standard operational correspondence regarding order fulfillment tracking and invoice reconciliation.,0.24
ZD-TK-2277,2026-01-31T15:21:00Z,NA-Central,DIST-TEXAS-COMMERCIAL,PRICE_DISPUTE,LOW,Routine inquiry / order status check for DIST-TEXAS-COMMERCIAL,Standard operational correspondence regarding order fulfillment tracking and invoice reconciliation.,-0.26
ZD-TK-2278,2026-01-31T17:29:00Z,NA-West,DIST-PACIFIC-LOGISTICS,FULFILLMENT_DELAY,LOW,Routine inquiry / order status check for DIST-PACIFIC-LOGISTICS,Standard operational correspondence regarding order fulfillment tracking and invoice reconciliation.,-0.1
ZD-TK-2279,2026-02-01T15:21:00Z,NA-East,DIST-SUNBELT-PARTS,PRODUCT_QUALITY,LOW,Routine inquiry / order status check for DIST-SUNBELT-PARTS,Standard operational correspondence regarding order fulfillment tracking and invoice reconciliation.,-0.02
ZD-TK-2280,2026-02-01T17:58:00Z,NA-East,DIST-TRI-STATE-OPS,FULFILLMENT_DELAY,LOW,Routine inquiry / order status check for DIST-TRI-STATE-OPS,Standard operational correspondence regarding order fulfillment tracking and invoice reconciliation.,-0.27
ZD-TK-2281,2026-02-01T13:16:00Z,NA-East,DIST-EMPIRE-IND,FULFILLMENT_DELAY,MEDIUM,Routine inquiry / order status check for DIST-EMPIRE-IND,Standard operational correspondence regarding order fulfillment tracking and invoice reconciliation.,-0.27
ZD-TK-2282,2026-02-01T15:05:00Z,NA-Central,DIST-TEXAS-COMMERCIAL,FULFILLMENT_DELAY,LOW,Routine inquiry / order status check for DIST-TEXAS-COMMERCIAL,Standard operational correspondence regarding order fulfillment tracking and invoice reconciliation.,-0.13
ZD-TK-2283,2026-02-01T12:05:00Z,NA-West,DIST-CAL-ENTERPRISE,FULFILLMENT_DELAY,LOW,Routine inquiry / order status check for DIST-CAL-ENTERPRISE,Standard operational correspondence regarding order fulfillment tracking and invoice reconciliation.,-0.01
ZD-TK-2284,2026-02-01T15:12:00Z,NA-West,DIST-MOUNTAIN-PARTS,PRICE_DISPUTE,MEDIUM,Routine inquiry / order status check for DIST-MOUNTAIN-PARTS,Standard operational correspondence regarding order fulfillment tracking and invoice reconciliation.,0.08
ZD-TK-2285,2026-02-01T14:43:00Z,NA-West,DIST-PACIFIC-LOGISTICS,PRODUCT_QUALITY,LOW,Routine inquiry / order status check for DIST-PACIFIC-LOGISTICS,Standard operational correspondence regarding order fulfillment tracking and invoice reconciliation.,-0.06
ZD-TK-2286,2026-02-02T08:37:00Z,NA-East,DIST-COASTAL-WHOLESALE,PRICE_DISPUTE,MEDIUM,Routine inquiry / order status check for DIST-COASTAL-WHOLESALE,Standard operational correspondence regarding order fulfillment tracking and invoice reconciliation.,0.07
ZD-TK-2287,2026-02-02T10:14:00Z,NA-Central,DIST-GREATLAKES-SUPPLY,PRICE_DISPUTE,LOW,Routine inquiry / order status check for DIST-GREATLAKES-SUPPLY,Standard operational correspondence regarding order fulfillment tracking and invoice reconciliation.,0.29
ZD-TK-2288,2026-02-02T14:05:00Z,NA-Central,DIST-MIDWEST-DIRECT,PRICE_DISPUTE,MEDIUM,Routine inquiry / order status check for DIST-MIDWEST-DIRECT,Standard operational correspondence regarding order fulfillment tracking and invoice reconciliation.,0.24
ZD-TK-2289,2026-02-02T14:27:00Z,NA-Central,DIST-TEXAS-COMMERCIAL,PRODUCT_QUALITY,MEDIUM,Routine inquiry / order status check for DIST-TEXAS-COMMERCIAL,Standard operational correspondence regarding order fulfillment tracking and invoice reconciliation.,-0.03
ZD-TK-2290,2026-02-02T08:01:00Z,NA-West,DIST-CAL-ENTERPRISE,FULFILLMENT_DELAY,MEDIUM,Routine inquiry / order status check for DIST-CAL-ENTERPRISE,Standard operational correspondence regarding order fulfillment tracking and invoice reconciliation.,0.18
ZD-TK-2291,2026-02-02T09:50:00Z,NA-West,DIST-MOUNTAIN-PARTS,PRODUCT_QUALITY,LOW,Routine inquiry / order status check for DIST-MOUNTAIN-PARTS,Standard operational correspondence regarding order fulfillment tracking and invoice reconciliation.,-0.03
ZD-TK-2292,2026-02-02T10:49:00Z,NA-West,DIST-MOUNTAIN-PARTS,PRICE_DISPUTE,LOW,Routine inquiry / order status check for DIST-MOUNTAIN-PARTS,Standard operational correspondence regarding order fulfillment tracking and invoice reconciliation.,-0.33
ZD-TK-2293,2026-02-03T17:13:00Z,NA-East,DIST-COASTAL-WHOLESALE,PRODUCT_QUALITY,MEDIUM,Routine inquiry / order status check for DIST-COASTAL-WHOLESALE,Standard operational correspondence regarding order fulfillment tracking and invoice reconciliation.,-0.12
ZD-TK-2294,2026-02-03T10:36:00Z,NA-East,DIST-MIDATL-SUPPLY,PRICE_DISPUTE,MEDIUM,Routine inquiry / order status check for DIST-MIDATL-SUPPLY,Standard operational correspondence regarding order fulfillment tracking and invoice reconciliation.,-0.27
ZD-TK-2295,2026-02-03T11:48:00Z,NA-East,DIST-MIDATL-SUPPLY,PRICE_DISPUTE,LOW,Routine inquiry / order status check for DIST-MIDATL-SUPPLY,Standard operational correspondence regarding order fulfillment tracking and invoice reconciliation.,-0.22
ZD-TK-2296,2026-02-03T10:57:00Z,NA-Central,DIST-TEXAS-COMMERCIAL,PRODUCT_QUALITY,LOW,Routine inquiry / order status check for DIST-TEXAS-COMMERCIAL,Standard operational correspondence regarding order fulfillment tracking and invoice reconciliation.,0.03
ZD-TK-2297,2026-02-03T08:06:00Z,NA-Central,DIST-TEXAS-COMMERCIAL,FULFILLMENT_DELAY,LOW,Routine inquiry / order status check for DIST-TEXAS-COMMERCIAL,Standard operational correspondence regarding order fulfillment tracking and invoice reconciliation.,0.17
ZD-TK-2298,2026-02-03T17:26:00Z,NA-West,DIST-PACIFIC-LOGISTICS,PRODUCT_QUALITY,MEDIUM,Routine inquiry / order status check for DIST-PACIFIC-LOGISTICS,Standard operational correspondence regarding order fulfillment tracking and invoice reconciliation.,0.03
ZD-TK-2299,2026-02-03T12:13:00Z,NA-West,DIST-PACIFIC-LOGISTICS,PRODUCT_QUALITY,MEDIUM,Routine inquiry / order status check for DIST-PACIFIC-LOGISTICS,Standard operational correspondence regarding order fulfillment tracking and invoice reconciliation.,-0.26
ZD-TK-2300,2026-02-04T12:08:00Z,NA-East,DIST-APEX-EAST,PRICE_DISPUTE,MEDIUM,Routine inquiry / order status check for DIST-APEX-EAST,Standard operational correspondence regarding order fulfillment tracking and invoice reconciliation.,0.16
ZD-TK-2301,2026-02-04T11:37:00Z,NA-East,DIST-EMPIRE-IND,FULFILLMENT_DELAY,LOW,Routine inquiry / order status check for DIST-EMPIRE-IND,Standard operational correspondence regarding order fulfillment tracking and invoice reconciliation.,-0.11
ZD-TK-2302,2026-02-04T14:12:00Z,NA-Central,DIST-TEXAS-COMMERCIAL,FULFILLMENT_DELAY,MEDIUM,Routine inquiry / order status check for DIST-TEXAS-COMMERCIAL,Standard operational correspondence regarding order fulfillment tracking and invoice reconciliation.,-0.25
ZD-TK-2303,2026-02-04T12:15:00Z,NA-Central,DIST-TEXAS-COMMERCIAL,PRICE_DISPUTE,LOW,Routine inquiry / order status check for DIST-TEXAS-COMMERCIAL,Standard operational correspondence regarding order fulfillment tracking and invoice reconciliation.,-0.29
ZD-TK-2304,2026-02-04T15:10:00Z,NA-Central,DIST-TEXAS-COMMERCIAL,PRICE_DISPUTE,MEDIUM,Routine inquiry / order status check for DIST-TEXAS-COMMERCIAL,Standard operational correspondence regarding order fulfillment tracking and invoice reconciliation.,0.08
ZD-TK-2305,2026-02-04T09:18:00Z,NA-West,DIST-PACIFIC-LOGISTICS,PRODUCT_QUALITY,LOW,Routine inquiry / order status check for DIST-PACIFIC-LOGISTICS,Standard operational correspondence regarding order fulfillment tracking and invoice reconciliation.,0.33
ZD-TK-2306,2026-02-04T09:02:00Z,NA-West,DIST-MOUNTAIN-PARTS,PRODUCT_QUALITY,MEDIUM,Routine inquiry / order status check for DIST-MOUNTAIN-PARTS,Standard operational correspondence regarding order fulfillment tracking and invoice reconciliation.,-0.06
ZD-TK-2307,2026-02-05T17:34:00Z,NA-East,DIST-TRI-STATE-OPS,PRODUCT_QUALITY,MEDIUM,Routine inquiry / order status check for DIST-TRI-STATE-OPS,Standard operational correspondence regarding order fulfillment tracking and invoice reconciliation.,-0.27
ZD-TK-2308,2026-02-05T15:02:00Z,NA-East,DIST-APEX-EAST,PRODUCT_QUALITY,LOW,Routine inquiry / order status check for DIST-APEX-EAST,Standard operational correspondence regarding order fulfillment tracking and invoice reconciliation.,0.07
ZD-TK-2309,2026-02-05T16:57:00Z,NA-East,DIST-EMPIRE-IND,FULFILLMENT_DELAY,LOW,Routine inquiry / order status check for DIST-EMPIRE-IND,Standard operational correspondence regarding order fulfillment tracking and invoice reconciliation.,-0.2
ZD-TK-2310,2026-02-05T12:18:00Z,NA-Central,DIST-GREATLAKES-SUPPLY,FULFILLMENT_DELAY,LOW,Routine inquiry / order status check for DIST-GREATLAKES-SUPPLY,Standard operational correspondence regarding order fulfillment tracking and invoice reconciliation.,-0.31
ZD-TK-2311,2026-02-05T12:21:00Z,NA-Central,DIST-GREATLAKES-SUPPLY,FULFILLMENT_DELAY,MEDIUM,Routine inquiry / order status check for DIST-GREATLAKES-SUPPLY,Standard operational correspondence regarding order fulfillment tracking and invoice reconciliation.,0.08
ZD-TK-2312,2026-02-05T13:22:00Z,NA-Central,DIST-TEXAS-COMMERCIAL,FULFILLMENT_DELAY,LOW,Routine inquiry / order status check for DIST-TEXAS-COMMERCIAL,Standard operational correspondence regarding order fulfillment tracking and invoice reconciliation.,-0.05
ZD-TK-2313,2026-02-05T16:48:00Z,NA-West,DIST-PACIFIC-LOGISTICS,PRODUCT_QUALITY,MEDIUM,Routine inquiry / order status check for DIST-PACIFIC-LOGISTICS,Standard operational correspondence regarding order fulfillment tracking and invoice reconciliation.,-0.32
ZD-TK-2314,2026-02-05T14:40:00Z,NA-West,DIST-PACIFIC-LOGISTICS,PRODUCT_QUALITY,LOW,Routine inquiry / order status check for DIST-PACIFIC-LOGISTICS,Standard operational correspondence regarding order fulfillment tracking and invoice reconciliation.,0.34
ZD-TK-2315,2026-02-05T11:16:00Z,NA-West,DIST-PACIFIC-LOGISTICS,PRODUCT_QUALITY,MEDIUM,Routine inquiry / order status check for DIST-PACIFIC-LOGISTICS,Standard operational correspondence regarding order fulfillment tracking and invoice reconciliation.,-0.11
ZD-TK-2316,2026-02-06T15:31:00Z,NA-East,DIST-EMPIRE-IND,FULFILLMENT_DELAY,LOW,Routine inquiry / order status check for DIST-EMPIRE-IND,Standard operational correspondence regarding order fulfillment tracking and invoice reconciliation.,0.06
ZD-TK-2317,2026-02-06T13:56:00Z,NA-East,DIST-COASTAL-WHOLESALE,PRODUCT_QUALITY,LOW,Routine inquiry / order status check for DIST-COASTAL-WHOLESALE,Standard operational correspondence regarding order fulfillment tracking and invoice reconciliation.,0.01
ZD-TK-2318,2026-02-06T11:44:00Z,NA-East,DIST-EMPIRE-IND,PRODUCT_QUALITY,LOW,Routine inquiry / order status check for DIST-EMPIRE-IND,Standard operational correspondence regarding order fulfillment tracking and invoice reconciliation.,0.08
ZD-TK-2319,2026-02-06T14:52:00Z,NA-Central,DIST-GREATLAKES-SUPPLY,PRODUCT_QUALITY,MEDIUM,Routine inquiry / order status check for DIST-GREATLAKES-SUPPLY,Standard operational correspondence regarding order fulfillment tracking and invoice reconciliation.,-0.18
ZD-TK-2320,2026-02-06T11:39:00Z,NA-West,DIST-MOUNTAIN-PARTS,FULFILLMENT_DELAY,LOW,Routine inquiry / order status check for DIST-MOUNTAIN-PARTS,Standard operational correspondence regarding order fulfillment tracking and invoice reconciliation.,0.2
ZD-TK-2321,2026-02-06T12:16:00Z,NA-West,DIST-MOUNTAIN-PARTS,PRODUCT_QUALITY,MEDIUM,Routine inquiry / order status check for DIST-MOUNTAIN-PARTS,Standard operational correspondence regarding order fulfillment tracking and invoice reconciliation.,-0.26
ZD-TK-2322,2026-02-07T08:32:00Z,NA-East,DIST-MIDATL-SUPPLY,FULFILLMENT_DELAY,MEDIUM,Routine inquiry / order status check for DIST-MIDATL-SUPPLY,Standard operational correspondence regarding order fulfillment tracking and invoice reconciliation.,0.14
ZD-TK-2323,2026-02-07T10:13:00Z,NA-East,DIST-APEX-EAST,PRODUCT_QUALITY,LOW,Routine inquiry / order status check for DIST-APEX-EAST,Standard operational correspondence regarding order fulfillment tracking and invoice reconciliation.,-0.08
ZD-TK-2324,2026-02-07T17:09:00Z,NA-Central,DIST-GREATLAKES-SUPPLY,FULFILLMENT_DELAY,LOW,Routine inquiry / order status check for DIST-GREATLAKES-SUPPLY,Standard operational correspondence regarding order fulfillment tracking and invoice reconciliation.,0.22
ZD-TK-2325,2026-02-07T09:37:00Z,NA-Central,DIST-MIDWEST-DIRECT,PRODUCT_QUALITY,LOW,Routine inquiry / order status check for DIST-MIDWEST-DIRECT,Standard operational correspondence regarding order fulfillment tracking and invoice reconciliation.,0.24
ZD-TK-2326,2026-02-07T13:41:00Z,NA-West,DIST-MOUNTAIN-PARTS,PRODUCT_QUALITY,MEDIUM,Routine inquiry / order status check for DIST-MOUNTAIN-PARTS,Standard operational correspondence regarding order fulfillment tracking and invoice reconciliation.,0.34
ZD-TK-2327,2026-02-07T09:55:00Z,NA-West,DIST-CAL-ENTERPRISE,PRICE_DISPUTE,LOW,Routine inquiry / order status check for DIST-CAL-ENTERPRISE,Standard operational correspondence regarding order fulfillment tracking and invoice reconciliation.,-0.02
ZD-TK-2328,2026-02-08T08:55:00Z,NA-East,DIST-COASTAL-WHOLESALE,PRODUCT_QUALITY,MEDIUM,Routine inquiry / order status check for DIST-COASTAL-WHOLESALE,Standard operational correspondence regarding order fulfillment tracking and invoice reconciliation.,0.03
ZD-TK-2329,2026-02-08T15:55:00Z,NA-Central,DIST-MIDWEST-DIRECT,PRODUCT_QUALITY,LOW,Routine inquiry / order status check for DIST-MIDWEST-DIRECT,Standard operational correspondence regarding order fulfillment tracking and invoice reconciliation.,-0.25
ZD-TK-2330,2026-02-08T10:16:00Z,NA-West,DIST-CAL-ENTERPRISE,PRODUCT_QUALITY,MEDIUM,Routine inquiry / order status check for DIST-CAL-ENTERPRISE,Standard operational correspondence regarding order fulfillment tracking and invoice reconciliation.,0.01
ZD-TK-2331,2026-02-08T09:58:00Z,NA-West,DIST-PACIFIC-LOGISTICS,PRODUCT_QUALITY,LOW,Routine inquiry / order status check for DIST-PACIFIC-LOGISTICS,Standard operational correspondence regarding order fulfillment tracking and invoice reconciliation.,-0.32
ZD-TK-2332,2026-02-09T12:26:00Z,NA-East,DIST-COASTAL-WHOLESALE,FULFILLMENT_DELAY,LOW,Routine inquiry / order status check for DIST-COASTAL-WHOLESALE,Standard operational correspondence regarding order fulfillment tracking and invoice reconciliation.,0.24
ZD-TK-2333,2026-02-09T11:17:00Z,NA-Central,DIST-MIDWEST-DIRECT,PRICE_DISPUTE,LOW,Routine inquiry / order status check for DIST-MIDWEST-DIRECT,Standard operational correspondence regarding order fulfillment tracking and invoice reconciliation.,-0.32
ZD-TK-2334,2026-02-09T13:48:00Z,NA-Central,DIST-MIDWEST-DIRECT,PRODUCT_QUALITY,LOW,Routine inquiry / order status check for DIST-MIDWEST-DIRECT,Standard operational correspondence regarding order fulfillment tracking and invoice reconciliation.,0.35
ZD-TK-2335,2026-02-09T15:34:00Z,NA-West,DIST-PACIFIC-LOGISTICS,PRODUCT_QUALITY,MEDIUM,Routine inquiry / order status check for DIST-PACIFIC-LOGISTICS,Standard operational correspondence regarding order fulfillment tracking and invoice reconciliation.,0.19
ZD-TK-2336,2026-02-09T10:40:00Z,NA-West,DIST-MOUNTAIN-PARTS,PRICE_DISPUTE,MEDIUM,Routine inquiry / order status check for DIST-MOUNTAIN-PARTS,Standard operational correspondence regarding order fulfillment tracking and invoice reconciliation.,0.09
ZD-TK-2337,2026-02-09T08:01:00Z,NA-West,DIST-PACIFIC-LOGISTICS,PRODUCT_QUALITY,LOW,Routine inquiry / order status check for DIST-PACIFIC-LOGISTICS,Standard operational correspondence regarding order fulfillment tracking and invoice reconciliation.,0.08
ZD-TK-2338,2026-02-10T09:34:00Z,NA-East,DIST-EMPIRE-IND,PRICE_DISPUTE,MEDIUM,Routine inquiry / order status check for DIST-EMPIRE-IND,Standard operational correspondence regarding order fulfillment tracking and invoice reconciliation.,0.19
ZD-TK-2339,2026-02-10T14:16:00Z,NA-Central,DIST-TEXAS-COMMERCIAL,PRODUCT_QUALITY,LOW,Routine inquiry / order status check for DIST-TEXAS-COMMERCIAL,Standard operational correspondence regarding order fulfillment tracking and invoice reconciliation.,-0.08
ZD-TK-2340,2026-02-10T10:01:00Z,NA-West,DIST-CAL-ENTERPRISE,PRODUCT_QUALITY,MEDIUM,Routine inquiry / order status check for DIST-CAL-ENTERPRISE,Standard operational correspondence regarding order fulfillment tracking and invoice reconciliation.,-0.06
ZD-TK-2341,2026-02-11T17:47:00Z,NA-East,DIST-MIDATL-SUPPLY,PRICE_DISPUTE,LOW,Routine inquiry / order status check for DIST-MIDATL-SUPPLY,Standard operational correspondence regarding order fulfillment tracking and invoice reconciliation.,0.05
ZD-TK-2342,2026-02-11T11:02:00Z,NA-East,DIST-SUNBELT-PARTS,PRODUCT_QUALITY,LOW,Routine inquiry / order status check for DIST-SUNBELT-PARTS,Standard operational correspondence regarding order fulfillment tracking and invoice reconciliation.,-0.06
ZD-TK-2343,2026-02-11T15:21:00Z,NA-Central,DIST-GREATLAKES-SUPPLY,PRICE_DISPUTE,MEDIUM,Routine inquiry / order status check for DIST-GREATLAKES-SUPPLY,Standard operational correspondence regarding order fulfillment tracking and invoice reconciliation.,-0.27
ZD-TK-2344,2026-02-11T13:07:00Z,NA-Central,DIST-GREATLAKES-SUPPLY,FULFILLMENT_DELAY,MEDIUM,Routine inquiry / order status check for DIST-GREATLAKES-SUPPLY,Standard operational correspondence regarding order fulfillment tracking and invoice reconciliation.,0.24
ZD-TK-2345,2026-02-11T10:00:00Z,NA-Central,DIST-GREATLAKES-SUPPLY,FULFILLMENT_DELAY,LOW,Routine inquiry / order status check for DIST-GREATLAKES-SUPPLY,Standard operational correspondence regarding order fulfillment tracking and invoice reconciliation.,0.01
ZD-TK-2346,2026-02-11T15:41:00Z,NA-West,DIST-MOUNTAIN-PARTS,PRICE_DISPUTE,LOW,Routine inquiry / order status check for DIST-MOUNTAIN-PARTS,Standard operational correspondence regarding order fulfillment tracking and invoice reconciliation.,0.24
ZD-TK-2347,2026-02-12T17:06:00Z,NA-East,DIST-SUNBELT-PARTS,PRODUCT_QUALITY,LOW,Routine inquiry / order status check for DIST-SUNBELT-PARTS,Standard operational correspondence regarding order fulfillment tracking and invoice reconciliation.,-0.04
ZD-TK-2348,2026-02-12T11:06:00Z,NA-Central,DIST-MIDWEST-DIRECT,PRODUCT_QUALITY,LOW,Routine inquiry / order status check for DIST-MIDWEST-DIRECT,Standard operational correspondence regarding order fulfillment tracking and invoice reconciliation.,-0.33
ZD-TK-2349,2026-02-12T14:47:00Z,NA-Central,DIST-MIDWEST-DIRECT,PRICE_DISPUTE,MEDIUM,Routine inquiry / order status check for DIST-MIDWEST-DIRECT,Standard operational correspondence regarding order fulfillment tracking and invoice reconciliation.,0.02
ZD-TK-2350,2026-02-12T10:52:00Z,NA-West,DIST-MOUNTAIN-PARTS,PRICE_DISPUTE,MEDIUM,Routine inquiry / order status check for DIST-MOUNTAIN-PARTS,Standard operational correspondence regarding order fulfillment tracking and invoice reconciliation.,-0.11
ZD-TK-2351,2026-02-13T10:41:00Z,NA-East,DIST-TRI-STATE-OPS,PRICE_DISPUTE,LOW,Routine inquiry / order status check for DIST-TRI-STATE-OPS,Standard operational correspondence regarding order fulfillment tracking and invoice reconciliation.,-0.09
ZD-TK-2352,2026-02-13T08:50:00Z,NA-Central,DIST-GREATLAKES-SUPPLY,PRODUCT_QUALITY,LOW,Routine inquiry / order status check for DIST-GREATLAKES-SUPPLY,Standard operational correspondence regarding order fulfillment tracking and invoice reconciliation.,0.19
ZD-TK-2353,2026-02-13T12:42:00Z,NA-Central,DIST-TEXAS-COMMERCIAL,FULFILLMENT_DELAY,LOW,Routine inquiry / order status check for DIST-TEXAS-COMMERCIAL,Standard operational correspondence regarding order fulfillment tracking and invoice reconciliation.,-0.2
ZD-TK-2354,2026-02-13T13:19:00Z,NA-Central,DIST-MIDWEST-DIRECT,PRICE_DISPUTE,MEDIUM,Routine inquiry / order status check for DIST-MIDWEST-DIRECT,Standard operational correspondence regarding order fulfillment tracking and invoice reconciliation.,0.14
ZD-TK-2355,2026-02-13T08:36:00Z,NA-West,DIST-CAL-ENTERPRISE,FULFILLMENT_DELAY,MEDIUM,Routine inquiry / order status check for DIST-CAL-ENTERPRISE,Standard operational correspondence regarding order fulfillment tracking and invoice reconciliation.,-0.0
ZD-TK-2356,2026-02-14T11:11:00Z,NA-East,DIST-APEX-EAST,PRODUCT_QUALITY,MEDIUM,Routine inquiry / order status check for DIST-APEX-EAST,Standard operational correspondence regarding order fulfillment tracking and invoice reconciliation.,0.01
ZD-TK-2357,2026-02-14T16:02:00Z,NA-Central,DIST-GREATLAKES-SUPPLY,PRICE_DISPUTE,MEDIUM,Routine inquiry / order status check for DIST-GREATLAKES-SUPPLY,Standard operational correspondence regarding order fulfillment tracking and invoice reconciliation.,0.33
ZD-TK-2358,2026-02-14T15:42:00Z,NA-Central,DIST-TEXAS-COMMERCIAL,PRODUCT_QUALITY,LOW,Routine inquiry / order status check for DIST-TEXAS-COMMERCIAL,Standard operational correspondence regarding order fulfillment tracking and invoice reconciliation.,-0.05
ZD-TK-2359,2026-02-14T13:08:00Z,NA-West,DIST-PACIFIC-LOGISTICS,FULFILLMENT_DELAY,LOW,Routine inquiry / order status check for DIST-PACIFIC-LOGISTICS,Standard operational correspondence regarding order fulfillment tracking and invoice reconciliation.,-0.07
ZD-TK-2360,2026-02-15T15:27:00Z,NA-East,DIST-COASTAL-WHOLESALE,PRODUCT_QUALITY,LOW,Routine inquiry / order status check for DIST-COASTAL-WHOLESALE,Standard operational correspondence regarding order fulfillment tracking and invoice reconciliation.,0.02
ZD-TK-2361,2026-02-15T12:51:00Z,NA-East,DIST-MIDATL-SUPPLY,PRODUCT_QUALITY,LOW,Routine inquiry / order status check for DIST-MIDATL-SUPPLY,Standard operational correspondence regarding order fulfillment tracking and invoice reconciliation.,-0.09
ZD-TK-2362,2026-02-15T16:37:00Z,NA-Central,DIST-MIDWEST-DIRECT,FULFILLMENT_DELAY,MEDIUM,Routine inquiry / order status check for DIST-MIDWEST-DIRECT,Standard operational correspondence regarding order fulfillment tracking and invoice reconciliation.,-0.27
ZD-TK-2363,2026-02-15T12:58:00Z,NA-West,DIST-PACIFIC-LOGISTICS,PRODUCT_QUALITY,LOW,Routine inquiry / order status check for DIST-PACIFIC-LOGISTICS,Standard operational correspondence regarding order fulfillment tracking and invoice reconciliation.,0.03
ZD-TK-2364,2026-02-15T11:13:00Z,NA-West,DIST-MOUNTAIN-PARTS,PRICE_DISPUTE,MEDIUM,Routine inquiry / order status check for DIST-MOUNTAIN-PARTS,Standard operational correspondence regarding order fulfillment tracking and invoice reconciliation.,0.2
ZD-TK-2365,2026-02-15T14:26:00Z,NA-West,DIST-MOUNTAIN-PARTS,FULFILLMENT_DELAY,MEDIUM,Routine inquiry / order status check for DIST-MOUNTAIN-PARTS,Standard operational correspondence regarding order fulfillment tracking and invoice reconciliation.,-0.11
ZD-TK-2366,2026-02-16T10:14:00Z,NA-East,DIST-APEX-EAST,PRODUCT_QUALITY,MEDIUM,Routine inquiry / order status check for DIST-APEX-EAST,Standard operational correspondence regarding order fulfillment tracking and invoice reconciliation.,0.13
ZD-TK-2367,2026-02-16T12:33:00Z,NA-Central,DIST-GREATLAKES-SUPPLY,PRICE_DISPUTE,LOW,Routine inquiry / order status check for DIST-GREATLAKES-SUPPLY,Standard operational correspondence regarding order fulfillment tracking and invoice reconciliation.,-0.34
ZD-TK-2368,2026-02-16T09:10:00Z,NA-West,DIST-MOUNTAIN-PARTS,PRICE_DISPUTE,LOW,Routine inquiry / order status check for DIST-MOUNTAIN-PARTS,Standard operational correspondence regarding order fulfillment tracking and invoice reconciliation.,0.01
ZD-TK-2369,2026-02-16T15:21:00Z,NA-West,DIST-MOUNTAIN-PARTS,PRODUCT_QUALITY,MEDIUM,Routine inquiry / order status check for DIST-MOUNTAIN-PARTS,Standard operational correspondence regarding order fulfillment tracking and invoice reconciliation.,-0.23
ZD-TK-2370,2026-02-16T09:04:00Z,NA-West,DIST-PACIFIC-LOGISTICS,PRICE_DISPUTE,LOW,Routine inquiry / order status check for DIST-PACIFIC-LOGISTICS,Standard operational correspondence regarding order fulfillment tracking and invoice reconciliation.,-0.2
ZD-TK-2371,2026-02-17T15:05:00Z,NA-East,DIST-EMPIRE-IND,PRICE_DISPUTE,MEDIUM,Routine inquiry / order status check for DIST-EMPIRE-IND,Standard operational correspondence regarding order fulfillment tracking and invoice reconciliation.,0.19
ZD-TK-2372,2026-02-17T09:41:00Z,NA-East,DIST-APEX-EAST,PRICE_DISPUTE,MEDIUM,Routine inquiry / order status check for DIST-APEX-EAST,Standard operational correspondence regarding order fulfillment tracking and invoice reconciliation.,-0.08
ZD-TK-2373,2026-02-17T15:47:00Z,NA-Central,DIST-MIDWEST-DIRECT,PRODUCT_QUALITY,MEDIUM,Routine inquiry / order status check for DIST-MIDWEST-DIRECT,Standard operational correspondence regarding order fulfillment tracking and invoice reconciliation.,0.31
ZD-TK-2374,2026-02-17T10:27:00Z,NA-Central,DIST-MIDWEST-DIRECT,PRODUCT_QUALITY,LOW,Routine inquiry / order status check for DIST-MIDWEST-DIRECT,Standard operational correspondence regarding order fulfillment tracking and invoice reconciliation.,0.15
ZD-TK-2375,2026-02-17T10:13:00Z,NA-Central,DIST-GREATLAKES-SUPPLY,FULFILLMENT_DELAY,LOW,Routine inquiry / order status check for DIST-GREATLAKES-SUPPLY,Standard operational correspondence regarding order fulfillment tracking and invoice reconciliation.,-0.06
ZD-TK-2376,2026-02-17T12:53:00Z,NA-West,DIST-PACIFIC-LOGISTICS,FULFILLMENT_DELAY,MEDIUM,Routine inquiry / order status check for DIST-PACIFIC-LOGISTICS,Standard operational correspondence regarding order fulfillment tracking and invoice reconciliation.,0.31
ZD-TK-2377,2026-02-17T15:35:00Z,NA-West,DIST-PACIFIC-LOGISTICS,FULFILLMENT_DELAY,LOW,Routine inquiry / order status check for DIST-PACIFIC-LOGISTICS,Standard operational correspondence regarding order fulfillment tracking and invoice reconciliation.,-0.06
ZD-TK-2378,2026-02-17T08:50:00Z,NA-West,DIST-MOUNTAIN-PARTS,FULFILLMENT_DELAY,LOW,Routine inquiry / order status check for DIST-MOUNTAIN-PARTS,Standard operational correspondence regarding order fulfillment tracking and invoice reconciliation.,-0.12
ZD-TK-2379,2026-02-18T12:25:00Z,NA-East,DIST-COASTAL-WHOLESALE,FULFILLMENT_DELAY,LOW,Routine inquiry / order status check for DIST-COASTAL-WHOLESALE,Standard operational correspondence regarding order fulfillment tracking and invoice reconciliation.,0.09
ZD-TK-2380,2026-02-18T15:56:00Z,NA-East,DIST-APEX-EAST,PRODUCT_QUALITY,LOW,Routine inquiry / order status check for DIST-APEX-EAST,Standard operational correspondence regarding order fulfillment tracking and invoice reconciliation.,-0.01
ZD-TK-2381,2026-02-18T15:16:00Z,NA-East,DIST-COASTAL-WHOLESALE,PRODUCT_QUALITY,MEDIUM,Routine inquiry / order status check for DIST-COASTAL-WHOLESALE,Standard operational correspondence regarding order fulfillment tracking and invoice reconciliation.,-0.02
ZD-TK-2382,2026-02-18T17:22:00Z,NA-Central,DIST-GREATLAKES-SUPPLY,PRICE_DISPUTE,MEDIUM,Routine inquiry / order status check for DIST-GREATLAKES-SUPPLY,Standard operational correspondence regarding order fulfillment tracking and invoice reconciliation.,-0.15
ZD-TK-2383,2026-02-18T17:01:00Z,NA-West,DIST-CAL-ENTERPRISE,PRICE_DISPUTE,LOW,Routine inquiry / order status check for DIST-CAL-ENTERPRISE,Standard operational correspondence regarding order fulfillment tracking and invoice reconciliation.,-0.28
ZD-TK-2384,2026-02-18T16:06:00Z,NA-West,DIST-CAL-ENTERPRISE,PRICE_DISPUTE,MEDIUM,Routine inquiry / order status check for DIST-CAL-ENTERPRISE,Standard operational correspondence regarding order fulfillment tracking and invoice reconciliation.,0.11
ZD-TK-2385,2026-02-18T12:55:00Z,NA-West,DIST-PACIFIC-LOGISTICS,FULFILLMENT_DELAY,LOW,Routine inquiry / order status check for DIST-PACIFIC-LOGISTICS,Standard operational correspondence regarding order fulfillment tracking and invoice reconciliation.,0.26
ZD-TK-2386,2026-02-19T11:09:00Z,NA-East,DIST-EMPIRE-IND,FULFILLMENT_DELAY,LOW,Routine inquiry / order status check for DIST-EMPIRE-IND,Standard operational correspondence regarding order fulfillment tracking and invoice reconciliation.,-0.3
ZD-TK-2387,2026-02-19T17:56:00Z,NA-East,DIST-COASTAL-WHOLESALE,FULFILLMENT_DELAY,LOW,Routine inquiry / order status check for DIST-COASTAL-WHOLESALE,Standard operational correspondence regarding order fulfillment tracking and invoice reconciliation.,-0.23
ZD-TK-2388,2026-02-19T10:22:00Z,NA-Central,DIST-MIDWEST-DIRECT,PRODUCT_QUALITY,MEDIUM,Routine inquiry / order status check for DIST-MIDWEST-DIRECT,Standard operational correspondence regarding order fulfillment tracking and invoice reconciliation.,-0.28
ZD-TK-2389,2026-02-19T08:57:00Z,NA-Central,DIST-GREATLAKES-SUPPLY,PRODUCT_QUALITY,MEDIUM,Routine inquiry / order status check for DIST-GREATLAKES-SUPPLY,Standard operational correspondence regarding order fulfillment tracking and invoice reconciliation.,0.16
ZD-TK-2390,2026-02-19T15:03:00Z,NA-Central,DIST-TEXAS-COMMERCIAL,FULFILLMENT_DELAY,LOW,Routine inquiry / order status check for DIST-TEXAS-COMMERCIAL,Standard operational correspondence regarding order fulfillment tracking and invoice reconciliation.,-0.11
ZD-TK-2391,2026-02-19T12:00:00Z,NA-West,DIST-MOUNTAIN-PARTS,FULFILLMENT_DELAY,LOW,Routine inquiry / order status check for DIST-MOUNTAIN-PARTS,Standard operational correspondence regarding order fulfillment tracking and invoice reconciliation.,0.27
ZD-TK-2392,2026-02-20T10:04:00Z,NA-East,DIST-COASTAL-WHOLESALE,PRODUCT_QUALITY,LOW,Routine inquiry / order status check for DIST-COASTAL-WHOLESALE,Standard operational correspondence regarding order fulfillment tracking and invoice reconciliation.,0.13
ZD-TK-2393,2026-02-20T10:21:00Z,NA-East,DIST-MIDATL-SUPPLY,FULFILLMENT_DELAY,MEDIUM,Routine inquiry / order status check for DIST-MIDATL-SUPPLY,Standard operational correspondence regarding order fulfillment tracking and invoice reconciliation.,0.26
ZD-TK-2394,2026-02-20T10:32:00Z,NA-Central,DIST-MIDWEST-DIRECT,FULFILLMENT_DELAY,MEDIUM,Routine inquiry / order status check for DIST-MIDWEST-DIRECT,Standard operational correspondence regarding order fulfillment tracking and invoice reconciliation.,-0.21
ZD-TK-2395,2026-02-20T14:35:00Z,NA-Central,DIST-TEXAS-COMMERCIAL,PRODUCT_QUALITY,MEDIUM,Routine inquiry / order status check for DIST-TEXAS-COMMERCIAL,Standard operational correspondence regarding order fulfillment tracking and invoice reconciliation.,0.01
ZD-TK-2396,2026-02-20T15:49:00Z,NA-Central,DIST-TEXAS-COMMERCIAL,PRICE_DISPUTE,MEDIUM,Routine inquiry / order status check for DIST-TEXAS-COMMERCIAL,Standard operational correspondence regarding order fulfillment tracking and invoice reconciliation.,0.14
ZD-TK-2397,2026-02-20T12:14:00Z,NA-West,DIST-CAL-ENTERPRISE,PRICE_DISPUTE,MEDIUM,Routine inquiry / order status check for DIST-CAL-ENTERPRISE,Standard operational correspondence regarding order fulfillment tracking and invoice reconciliation.,-0.2
ZD-TK-2398,2026-02-20T14:37:00Z,NA-West,DIST-PACIFIC-LOGISTICS,PRICE_DISPUTE,LOW,Routine inquiry / order status check for DIST-PACIFIC-LOGISTICS,Standard operational correspondence regarding order fulfillment tracking and invoice reconciliation.,0.01
ZD-TK-2399,2026-02-20T15:11:00Z,NA-West,DIST-PACIFIC-LOGISTICS,PRODUCT_QUALITY,LOW,Routine inquiry / order status check for DIST-PACIFIC-LOGISTICS,Standard operational correspondence regarding order fulfillment tracking and invoice reconciliation.,-0.06
ZD-TK-2400,2026-02-21T11:10:00Z,NA-East,DIST-TRI-STATE-OPS,PRICE_DISPUTE,MEDIUM,Routine inquiry / order status check for DIST-TRI-STATE-OPS,Standard operational correspondence regarding order fulfillment tracking and invoice reconciliation.,-0.26
ZD-TK-2401,2026-02-21T08:33:00Z,NA-Central,DIST-TEXAS-COMMERCIAL,PRODUCT_QUALITY,MEDIUM,Routine inquiry / order status check for DIST-TEXAS-COMMERCIAL,Standard operational correspondence regarding order fulfillment tracking and invoice reconciliation.,-0.09
ZD-TK-2402,2026-02-21T10:43:00Z,NA-West,DIST-PACIFIC-LOGISTICS,PRODUCT_QUALITY,LOW,Routine inquiry / order status check for DIST-PACIFIC-LOGISTICS,Standard operational correspondence regarding order fulfillment tracking and invoice reconciliation.,-0.3
ZD-TK-2403,2026-02-21T17:15:00Z,NA-West,DIST-MOUNTAIN-PARTS,PRODUCT_QUALITY,MEDIUM,Routine inquiry / order status check for DIST-MOUNTAIN-PARTS,Standard operational correspondence regarding order fulfillment tracking and invoice reconciliation.,0.02
ZD-TK-2404,2026-02-21T10:36:00Z,NA-West,DIST-MOUNTAIN-PARTS,FULFILLMENT_DELAY,LOW,Routine inquiry / order status check for DIST-MOUNTAIN-PARTS,Standard operational correspondence regarding order fulfillment tracking and invoice reconciliation.,-0.16
ZD-TK-2405,2026-02-22T11:46:00Z,NA-East,DIST-TRI-STATE-OPS,FULFILLMENT_DELAY,MEDIUM,Routine inquiry / order status check for DIST-TRI-STATE-OPS,Standard operational correspondence regarding order fulfillment tracking and invoice reconciliation.,-0.02
ZD-TK-2406,2026-02-22T13:11:00Z,NA-Central,DIST-MIDWEST-DIRECT,PRICE_DISPUTE,LOW,Routine inquiry / order status check for DIST-MIDWEST-DIRECT,Standard operational correspondence regarding order fulfillment tracking and invoice reconciliation.,-0.03
ZD-TK-2407,2026-02-22T09:27:00Z,NA-West,DIST-MOUNTAIN-PARTS,FULFILLMENT_DELAY,MEDIUM,Routine inquiry / order status check for DIST-MOUNTAIN-PARTS,Standard operational correspondence regarding order fulfillment tracking and invoice reconciliation.,-0.34
ZD-TK-2408,2026-02-23T13:30:00Z,NA-East,DIST-MIDATL-SUPPLY,PRODUCT_QUALITY,LOW,Routine inquiry / order status check for DIST-MIDATL-SUPPLY,Standard operational correspondence regarding order fulfillment tracking and invoice reconciliation.,0.22
ZD-TK-2409,2026-02-23T12:14:00Z,NA-East,DIST-APEX-EAST,PRODUCT_QUALITY,LOW,Routine inquiry / order status check for DIST-APEX-EAST,Standard operational correspondence regarding order fulfillment tracking and invoice reconciliation.,0.31
ZD-TK-2410,2026-02-23T08:46:00Z,NA-East,DIST-SUNBELT-PARTS,FULFILLMENT_DELAY,LOW,Routine inquiry / order status check for DIST-SUNBELT-PARTS,Standard operational correspondence regarding order fulfillment tracking and invoice reconciliation.,-0.18
ZD-TK-2411,2026-02-23T15:32:00Z,NA-Central,DIST-MIDWEST-DIRECT,FULFILLMENT_DELAY,MEDIUM,Routine inquiry / order status check for DIST-MIDWEST-DIRECT,Standard operational correspondence regarding order fulfillment tracking and invoice reconciliation.,-0.2
ZD-TK-2412,2026-02-23T16:32:00Z,NA-West,DIST-MOUNTAIN-PARTS,PRICE_DISPUTE,MEDIUM,Routine inquiry / order status check for DIST-MOUNTAIN-PARTS,Standard operational correspondence regarding order fulfillment tracking and invoice reconciliation.,0.08
ZD-TK-2413,2026-02-23T15:34:00Z,NA-West,DIST-PACIFIC-LOGISTICS,PRICE_DISPUTE,MEDIUM,Routine inquiry / order status check for DIST-PACIFIC-LOGISTICS,Standard operational correspondence regarding order fulfillment tracking and invoice reconciliation.,-0.13
ZD-TK-2414,2026-02-23T15:36:00Z,NA-West,DIST-PACIFIC-LOGISTICS,PRODUCT_QUALITY,LOW,Routine inquiry / order status check for DIST-PACIFIC-LOGISTICS,Standard operational correspondence regarding order fulfillment tracking and invoice reconciliation.,0.35
ZD-TK-2415,2026-02-24T16:44:00Z,NA-East,DIST-COASTAL-WHOLESALE,PRICE_DISPUTE,MEDIUM,Routine inquiry / order status check for DIST-COASTAL-WHOLESALE,Standard operational correspondence regarding order fulfillment tracking and invoice reconciliation.,-0.11
ZD-TK-2416,2026-02-24T17:53:00Z,NA-East,DIST-MIDATL-SUPPLY,PRODUCT_QUALITY,MEDIUM,Routine inquiry / order status check for DIST-MIDATL-SUPPLY,Standard operational correspondence regarding order fulfillment tracking and invoice reconciliation.,0.3
ZD-TK-2417,2026-02-24T10:01:00Z,NA-Central,DIST-GREATLAKES-SUPPLY,FULFILLMENT_DELAY,MEDIUM,Routine inquiry / order status check for DIST-GREATLAKES-SUPPLY,Standard operational correspondence regarding order fulfillment tracking and invoice reconciliation.,-0.34
ZD-TK-2418,2026-02-24T14:40:00Z,NA-Central,DIST-GREATLAKES-SUPPLY,PRODUCT_QUALITY,MEDIUM,Routine inquiry / order status check for DIST-GREATLAKES-SUPPLY,Standard operational correspondence regarding order fulfillment tracking and invoice reconciliation.,-0.12
ZD-TK-2419,2026-02-24T14:37:00Z,NA-Central,DIST-TEXAS-COMMERCIAL,FULFILLMENT_DELAY,LOW,Routine inquiry / order status check for DIST-TEXAS-COMMERCIAL,Standard operational correspondence regarding order fulfillment tracking and invoice reconciliation.,-0.19
ZD-TK-2420,2026-02-24T09:39:00Z,NA-West,DIST-CAL-ENTERPRISE,PRODUCT_QUALITY,MEDIUM,Routine inquiry / order status check for DIST-CAL-ENTERPRISE,Standard operational correspondence regarding order fulfillment tracking and invoice reconciliation.,0.0
ZD-TK-2421,2026-02-24T15:15:00Z,NA-West,DIST-PACIFIC-LOGISTICS,PRODUCT_QUALITY,LOW,Routine inquiry / order status check for DIST-PACIFIC-LOGISTICS,Standard operational correspondence regarding order fulfillment tracking and invoice reconciliation.,-0.35
ZD-TK-2422,2026-02-25T08:15:00Z,NA-East,DIST-EMPIRE-IND,PRICE_DISPUTE,LOW,Routine inquiry / order status check for DIST-EMPIRE-IND,Standard operational correspondence regarding order fulfillment tracking and invoice reconciliation.,-0.11
ZD-TK-2423,2026-02-25T14:48:00Z,NA-East,DIST-EMPIRE-IND,PRICE_DISPUTE,LOW,Routine inquiry / order status check for DIST-EMPIRE-IND,Standard operational correspondence regarding order fulfillment tracking and invoice reconciliation.,0.18
ZD-TK-2424,2026-02-25T17:21:00Z,NA-Central,DIST-TEXAS-COMMERCIAL,FULFILLMENT_DELAY,LOW,Routine inquiry / order status check for DIST-TEXAS-COMMERCIAL,Standard operational correspondence regarding order fulfillment tracking and invoice reconciliation.,0.35
ZD-TK-2425,2026-02-25T08:23:00Z,NA-Central,DIST-TEXAS-COMMERCIAL,PRICE_DISPUTE,LOW,Routine inquiry / order status check for DIST-TEXAS-COMMERCIAL,Standard operational correspondence regarding order fulfillment tracking and invoice reconciliation.,0.05
ZD-TK-2426,2026-02-25T08:09:00Z,NA-Central,DIST-MIDWEST-DIRECT,PRODUCT_QUALITY,MEDIUM,Routine inquiry / order status check for DIST-MIDWEST-DIRECT,Standard operational correspondence regarding order fulfillment tracking and invoice reconciliation.,-0.19
ZD-TK-2427,2026-02-25T14:49:00Z,NA-West,DIST-MOUNTAIN-PARTS,PRICE_DISPUTE,MEDIUM,Routine inquiry / order status check for DIST-MOUNTAIN-PARTS,Standard operational correspondence regarding order fulfillment tracking and invoice reconciliation.,0.24
ZD-TK-2428,2026-02-25T15:10:00Z,NA-West,DIST-PACIFIC-LOGISTICS,PRICE_DISPUTE,LOW,Routine inquiry / order status check for DIST-PACIFIC-LOGISTICS,Standard operational correspondence regarding order fulfillment tracking and invoice reconciliation.,0.25
ZD-TK-2429,2026-02-26T08:52:00Z,NA-East,DIST-APEX-EAST,FULFILLMENT_DELAY,MEDIUM,Routine inquiry / order status check for DIST-APEX-EAST,Standard operational correspondence regarding order fulfillment tracking and invoice reconciliation.,0.1
ZD-TK-2430,2026-02-26T09:55:00Z,NA-East,DIST-COASTAL-WHOLESALE,PRICE_DISPUTE,LOW,Routine inquiry / order status check for DIST-COASTAL-WHOLESALE,Standard operational correspondence regarding order fulfillment tracking and invoice reconciliation.,0.21
ZD-TK-2431,2026-02-26T15:17:00Z,NA-Central,DIST-GREATLAKES-SUPPLY,PRICE_DISPUTE,MEDIUM,Routine inquiry / order status check for DIST-GREATLAKES-SUPPLY,Standard operational correspondence regarding order fulfillment tracking and invoice reconciliation.,0.23
ZD-TK-2432,2026-02-26T16:56:00Z,NA-West,DIST-PACIFIC-LOGISTICS,PRICE_DISPUTE,MEDIUM,Routine inquiry / order status check for DIST-PACIFIC-LOGISTICS,Standard operational correspondence regarding order fulfillment tracking and invoice reconciliation.,-0.01
ZD-TK-2433,2026-02-26T14:40:00Z,NA-West,DIST-PACIFIC-LOGISTICS,FULFILLMENT_DELAY,LOW,Routine inquiry / order status check for DIST-PACIFIC-LOGISTICS,Standard operational correspondence regarding order fulfillment tracking and invoice reconciliation.,-0.08
ZD-TK-2434,2026-02-26T09:37:00Z,NA-West,DIST-MOUNTAIN-PARTS,PRODUCT_QUALITY,LOW,Routine inquiry / order status check for DIST-MOUNTAIN-PARTS,Standard operational correspondence regarding order fulfillment tracking and invoice reconciliation.,0.28
ZD-TK-2435,2026-02-27T16:04:00Z,NA-East,DIST-MIDATL-SUPPLY,PRODUCT_QUALITY,MEDIUM,Routine inquiry / order status check for DIST-MIDATL-SUPPLY,Standard operational correspondence regarding order fulfillment tracking and invoice reconciliation.,-0.0
ZD-TK-2436,2026-02-27T14:21:00Z,NA-East,DIST-SUNBELT-PARTS,PRODUCT_QUALITY,LOW,Routine inquiry / order status check for DIST-SUNBELT-PARTS,Standard operational correspondence regarding order fulfillment tracking and invoice reconciliation.,-0.1
ZD-TK-2437,2026-02-27T10:53:00Z,NA-East,DIST-APEX-EAST,PRICE_DISPUTE,LOW,Routine inquiry / order status check for DIST-APEX-EAST,Standard operational correspondence regarding order fulfillment tracking and invoice reconciliation.,0.11
ZD-TK-2438,2026-02-27T17:24:00Z,NA-Central,DIST-TEXAS-COMMERCIAL,FULFILLMENT_DELAY,LOW,Routine inquiry / order status check for DIST-TEXAS-COMMERCIAL,Standard operational correspondence regarding order fulfillment tracking and invoice reconciliation.,-0.33
ZD-TK-2439,2026-02-27T14:25:00Z,NA-West,DIST-CAL-ENTERPRISE,PRODUCT_QUALITY,LOW,Routine inquiry / order status check for DIST-CAL-ENTERPRISE,Standard operational correspondence regarding order fulfillment tracking and invoice reconciliation.,0.24
ZD-TK-2440,2026-02-27T09:10:00Z,NA-West,DIST-CAL-ENTERPRISE,PRICE_DISPUTE,LOW,Routine inquiry / order status check for DIST-CAL-ENTERPRISE,Standard operational correspondence regarding order fulfillment tracking and invoice reconciliation.,-0.09
ZD-TK-2441,2026-02-28T09:39:00Z,NA-East,DIST-APEX-EAST,PRODUCT_QUALITY,LOW,Routine inquiry / order status check for DIST-APEX-EAST,Standard operational correspondence regarding order fulfillment tracking and invoice reconciliation.,0.16
ZD-TK-2442,2026-02-28T15:28:00Z,NA-East,DIST-SUNBELT-PARTS,PRICE_DISPUTE,MEDIUM,Routine inquiry / order status check for DIST-SUNBELT-PARTS,Standard operational correspondence regarding order fulfillment tracking and invoice reconciliation.,0.22
ZD-TK-2443,2026-02-28T09:19:00Z,NA-Central,DIST-MIDWEST-DIRECT,FULFILLMENT_DELAY,LOW,Routine inquiry / order status check for DIST-MIDWEST-DIRECT,Standard operational correspondence regarding order fulfillment tracking and invoice reconciliation.,-0.01
ZD-TK-2444,2026-02-28T11:45:00Z,NA-Central,DIST-TEXAS-COMMERCIAL,PRICE_DISPUTE,MEDIUM,Routine inquiry / order status check for DIST-TEXAS-COMMERCIAL,Standard operational correspondence regarding order fulfillment tracking and invoice reconciliation.,-0.12
ZD-TK-2445,2026-02-28T16:29:00Z,NA-Central,DIST-TEXAS-COMMERCIAL,PRODUCT_QUALITY,LOW,Routine inquiry / order status check for DIST-TEXAS-COMMERCIAL,Standard operational correspondence regarding order fulfillment tracking and invoice reconciliation.,0.3
ZD-TK-2446,2026-02-28T15:09:00Z,NA-West,DIST-CAL-ENTERPRISE,PRICE_DISPUTE,LOW,Routine inquiry / order status check for DIST-CAL-ENTERPRISE,Standard operational correspondence regarding order fulfillment tracking and invoice reconciliation.,0.04
ZD-TK-2447,2026-02-28T15:37:00Z,NA-West,DIST-PACIFIC-LOGISTICS,PRODUCT_QUALITY,MEDIUM,Routine inquiry / order status check for DIST-PACIFIC-LOGISTICS,Standard operational correspondence regarding order fulfillment tracking and invoice reconciliation.,0.01
ZD-TK-2448,2026-02-28T08:47:00Z,NA-West,DIST-CAL-ENTERPRISE,PRICE_DISPUTE,MEDIUM,Routine inquiry / order status check for DIST-CAL-ENTERPRISE,Standard operational correspondence regarding order fulfillment tracking and invoice reconciliation.,0.2
ZD-TK-2449,2026-03-01T09:17:00Z,NA-East,DIST-SUNBELT-PARTS,PRICE_DISPUTE,MEDIUM,Routine inquiry / order status check for DIST-SUNBELT-PARTS,Standard operational correspondence regarding order fulfillment tracking and invoice reconciliation.,0.32
ZD-TK-2450,2026-03-01T08:38:00Z,NA-Central,DIST-MIDWEST-DIRECT,PRICE_DISPUTE,LOW,Routine inquiry / order status check for DIST-MIDWEST-DIRECT,Standard operational correspondence regarding order fulfillment tracking and invoice reconciliation.,-0.31
ZD-TK-2451,2026-03-01T08:43:00Z,NA-Central,DIST-MIDWEST-DIRECT,PRICE_DISPUTE,LOW,Routine inquiry / order status check for DIST-MIDWEST-DIRECT,Standard operational correspondence regarding order fulfillment tracking and invoice reconciliation.,0.05
ZD-TK-2452,2026-03-01T11:13:00Z,NA-West,DIST-CAL-ENTERPRISE,PRICE_DISPUTE,LOW,Routine inquiry / order status check for DIST-CAL-ENTERPRISE,Standard operational correspondence regarding order fulfillment tracking and invoice reconciliation.,-0.06
ZD-TK-2453,2026-03-01T11:14:00Z,NA-West,DIST-MOUNTAIN-PARTS,FULFILLMENT_DELAY,LOW,Routine inquiry / order status check for DIST-MOUNTAIN-PARTS,Standard operational correspondence regarding order fulfillment tracking and invoice reconciliation.,0.22
ZD-TK-2454,2026-03-02T09:38:00Z,NA-East,DIST-APEX-EAST,FULFILLMENT_DELAY,LOW,Routine inquiry / order status check for DIST-APEX-EAST,Standard operational correspondence regarding order fulfillment tracking and invoice reconciliation.,-0.02
ZD-TK-2455,2026-03-02T14:58:00Z,NA-East,DIST-APEX-EAST,FULFILLMENT_DELAY,MEDIUM,Routine inquiry / order status check for DIST-APEX-EAST,Standard operational correspondence regarding order fulfillment tracking and invoice reconciliation.,0.17
ZD-TK-2456,2026-03-02T13:13:00Z,NA-Central,DIST-MIDWEST-DIRECT,FULFILLMENT_DELAY,LOW,Routine inquiry / order status check for DIST-MIDWEST-DIRECT,Standard operational correspondence regarding order fulfillment tracking and invoice reconciliation.,-0.26
ZD-TK-2457,2026-03-02T11:04:00Z,NA-Central,DIST-TEXAS-COMMERCIAL,FULFILLMENT_DELAY,LOW,Routine inquiry / order status check for DIST-TEXAS-COMMERCIAL,Standard operational correspondence regarding order fulfillment tracking and invoice reconciliation.,-0.1
ZD-TK-2458,2026-03-02T12:53:00Z,NA-West,DIST-CAL-ENTERPRISE,FULFILLMENT_DELAY,MEDIUM,Routine inquiry / order status check for DIST-CAL-ENTERPRISE,Standard operational correspondence regarding order fulfillment tracking and invoice reconciliation.,-0.11
ZD-TK-2459,2026-03-03T14:32:00Z,NA-East,DIST-SUNBELT-PARTS,FULFILLMENT_DELAY,LOW,Routine inquiry / order status check for DIST-SUNBELT-PARTS,Standard operational correspondence regarding order fulfillment tracking and invoice reconciliation.,0.33
ZD-TK-2460,2026-03-03T09:38:00Z,NA-Central,DIST-MIDWEST-DIRECT,PRICE_DISPUTE,MEDIUM,Routine inquiry / order status check for DIST-MIDWEST-DIRECT,Standard operational correspondence regarding order fulfillment tracking and invoice reconciliation.,0.15
ZD-TK-2461,2026-03-03T09:01:00Z,NA-Central,DIST-MIDWEST-DIRECT,PRODUCT_QUALITY,MEDIUM,Routine inquiry / order status check for DIST-MIDWEST-DIRECT,Standard operational correspondence regarding order fulfillment tracking and invoice reconciliation.,0.01
ZD-TK-2462,2026-03-03T15:09:00Z,NA-West,DIST-MOUNTAIN-PARTS,FULFILLMENT_DELAY,MEDIUM,Routine inquiry / order status check for DIST-MOUNTAIN-PARTS,Standard operational correspondence regarding order fulfillment tracking and invoice reconciliation.,0.21
ZD-TK-2463,2026-03-03T17:39:00Z,NA-West,DIST-CAL-ENTERPRISE,PRODUCT_QUALITY,MEDIUM,Routine inquiry / order status check for DIST-CAL-ENTERPRISE,Standard operational correspondence regarding order fulfillment tracking and invoice reconciliation.,-0.2
ZD-TK-2464,2026-03-03T14:24:00Z,NA-West,DIST-MOUNTAIN-PARTS,PRODUCT_QUALITY,LOW,Routine inquiry / order status check for DIST-MOUNTAIN-PARTS,Standard operational correspondence regarding order fulfillment tracking and invoice reconciliation.,-0.08
ZD-TK-2465,2026-03-04T13:17:00Z,NA-East,DIST-APEX-EAST,PRODUCT_QUALITY,LOW,Routine inquiry / order status check for DIST-APEX-EAST,Standard operational correspondence regarding order fulfillment tracking and invoice reconciliation.,0.06
ZD-TK-2466,2026-03-04T16:38:00Z,NA-East,DIST-EMPIRE-IND,PRODUCT_QUALITY,MEDIUM,Routine inquiry / order status check for DIST-EMPIRE-IND,Standard operational correspondence regarding order fulfillment tracking and invoice reconciliation.,0.16
ZD-TK-2467,2026-03-04T13:10:00Z,NA-East,DIST-COASTAL-WHOLESALE,PRODUCT_QUALITY,MEDIUM,Routine inquiry / order status check for DIST-COASTAL-WHOLESALE,Standard operational correspondence regarding order fulfillment tracking and invoice reconciliation.,-0.23
ZD-TK-2468,2026-03-04T13:23:00Z,NA-Central,DIST-GREATLAKES-SUPPLY,PRODUCT_QUALITY,LOW,Routine inquiry / order status check for DIST-GREATLAKES-SUPPLY,Standard operational correspondence regarding order fulfillment tracking and invoice reconciliation.,-0.28
ZD-TK-2469,2026-03-04T14:02:00Z,NA-Central,DIST-MIDWEST-DIRECT,FULFILLMENT_DELAY,LOW,Routine inquiry / order status check for DIST-MIDWEST-DIRECT,Standard operational correspondence regarding order fulfillment tracking and invoice reconciliation.,0.29
ZD-TK-2470,2026-03-04T13:42:00Z,NA-West,DIST-MOUNTAIN-PARTS,FULFILLMENT_DELAY,MEDIUM,Routine inquiry / order status check for DIST-MOUNTAIN-PARTS,Standard operational correspondence regarding order fulfillment tracking and invoice reconciliation.,0.08
ZD-TK-2471,2026-03-04T09:32:00Z,NA-West,DIST-CAL-ENTERPRISE,FULFILLMENT_DELAY,LOW,Routine inquiry / order status check for DIST-CAL-ENTERPRISE,Standard operational correspondence regarding order fulfillment tracking and invoice reconciliation.,-0.17
ZD-TK-2472,2026-03-05T17:17:00Z,NA-East,DIST-TRI-STATE-OPS,PRODUCT_QUALITY,MEDIUM,Routine inquiry / order status check for DIST-TRI-STATE-OPS,Standard operational correspondence regarding order fulfillment tracking and invoice reconciliation.,-0.29
ZD-TK-2473,2026-03-05T11:12:00Z,NA-Central,DIST-TEXAS-COMMERCIAL,PRICE_DISPUTE,MEDIUM,Routine inquiry / order status check for DIST-TEXAS-COMMERCIAL,Standard operational correspondence regarding order fulfillment tracking and invoice reconciliation.,-0.25
ZD-TK-2474,2026-03-05T13:56:00Z,NA-West,DIST-MOUNTAIN-PARTS,PRICE_DISPUTE,LOW,Routine inquiry / order status check for DIST-MOUNTAIN-PARTS,Standard operational correspondence regarding order fulfillment tracking and invoice reconciliation.,-0.12
ZD-TK-2475,2026-03-05T09:34:00Z,NA-West,DIST-MOUNTAIN-PARTS,PRICE_DISPUTE,LOW,Routine inquiry / order status check for DIST-MOUNTAIN-PARTS,Standard operational correspondence regarding order fulfillment tracking and invoice reconciliation.,-0.04
ZD-TK-2476,2026-03-06T14:03:00Z,NA-East,DIST-APEX-EAST,PRODUCT_QUALITY,MEDIUM,Routine inquiry / order status check for DIST-APEX-EAST,Standard operational correspondence regarding order fulfillment tracking and invoice reconciliation.,-0.28
ZD-TK-2477,2026-03-06T17:22:00Z,NA-Central,DIST-GREATLAKES-SUPPLY,PRODUCT_QUALITY,LOW,Routine inquiry / order status check for DIST-GREATLAKES-SUPPLY,Standard operational correspondence regarding order fulfillment tracking and invoice reconciliation.,0.34
ZD-TK-2478,2026-03-06T16:14:00Z,NA-Central,DIST-GREATLAKES-SUPPLY,PRICE_DISPUTE,LOW,Routine inquiry / order status check for DIST-GREATLAKES-SUPPLY,Standard operational correspondence regarding order fulfillment tracking and invoice reconciliation.,0.22
ZD-TK-2479,2026-03-06T14:17:00Z,NA-Central,DIST-TEXAS-COMMERCIAL,PRICE_DISPUTE,LOW,Routine inquiry / order status check for DIST-TEXAS-COMMERCIAL,Standard operational correspondence regarding order fulfillment tracking and invoice reconciliation.,0.28
ZD-TK-2480,2026-03-06T14:20:00Z,NA-West,DIST-CAL-ENTERPRISE,FULFILLMENT_DELAY,LOW,Routine inquiry / order status check for DIST-CAL-ENTERPRISE,Standard operational correspondence regarding order fulfillment tracking and invoice reconciliation.,0.17
ZD-TK-2481,2026-03-06T17:56:00Z,NA-West,DIST-PACIFIC-LOGISTICS,PRODUCT_QUALITY,LOW,Routine inquiry / order status check for DIST-PACIFIC-LOGISTICS,Standard operational correspondence regarding order fulfillment tracking and invoice reconciliation.,0.16
ZD-TK-2482,2026-03-07T15:39:00Z,NA-East,DIST-SUNBELT-PARTS,PRICE_DISPUTE,MEDIUM,Routine inquiry / order status check for DIST-SUNBELT-PARTS,Standard operational correspondence regarding order fulfillment tracking and invoice reconciliation.,-0.14
ZD-TK-2483,2026-03-07T08:48:00Z,NA-East,DIST-MIDATL-SUPPLY,PRODUCT_QUALITY,LOW,Routine inquiry / order status check for DIST-MIDATL-SUPPLY,Standard operational correspondence regarding order fulfillment tracking and invoice reconciliation.,-0.02
ZD-TK-2484,2026-03-07T09:49:00Z,NA-Central,DIST-TEXAS-COMMERCIAL,FULFILLMENT_DELAY,LOW,Routine inquiry / order status check for DIST-TEXAS-COMMERCIAL,Standard operational correspondence regarding order fulfillment tracking and invoice reconciliation.,-0.04
ZD-TK-2485,2026-03-07T10:13:00Z,NA-Central,DIST-GREATLAKES-SUPPLY,PRODUCT_QUALITY,LOW,Routine inquiry / order status check for DIST-GREATLAKES-SUPPLY,Standard operational correspondence regarding order fulfillment tracking and invoice reconciliation.,0.35
ZD-TK-2486,2026-03-07T09:19:00Z,NA-Central,DIST-GREATLAKES-SUPPLY,PRICE_DISPUTE,MEDIUM,Routine inquiry / order status check for DIST-GREATLAKES-SUPPLY,Standard operational correspondence regarding order fulfillment tracking and invoice reconciliation.,0.25
ZD-TK-2487,2026-03-07T09:17:00Z,NA-West,DIST-CAL-ENTERPRISE,FULFILLMENT_DELAY,LOW,Routine inquiry / order status check for DIST-CAL-ENTERPRISE,Standard operational correspondence regarding order fulfillment tracking and invoice reconciliation.,-0.23
ZD-TK-2488,2026-03-07T17:48:00Z,NA-West,DIST-CAL-ENTERPRISE,PRODUCT_QUALITY,LOW,Routine inquiry / order status check for DIST-CAL-ENTERPRISE,Standard operational correspondence regarding order fulfillment tracking and invoice reconciliation.,-0.18
ZD-TK-2489,2026-03-07T11:37:00Z,NA-West,DIST-MOUNTAIN-PARTS,PRODUCT_QUALITY,MEDIUM,Routine inquiry / order status check for DIST-MOUNTAIN-PARTS,Standard operational correspondence regarding order fulfillment tracking and invoice reconciliation.,0.31
ZD-TK-2490,2026-03-08T15:58:00Z,NA-East,DIST-MIDATL-SUPPLY,PRICE_DISPUTE,LOW,Routine inquiry / order status check for DIST-MIDATL-SUPPLY,Standard operational correspondence regarding order fulfillment tracking and invoice reconciliation.,0.22
ZD-TK-2491,2026-03-08T12:32:00Z,NA-East,DIST-MIDATL-SUPPLY,FULFILLMENT_DELAY,MEDIUM,Routine inquiry / order status check for DIST-MIDATL-SUPPLY,Standard operational correspondence regarding order fulfillment tracking and invoice reconciliation.,-0.3
ZD-TK-2492,2026-03-08T14:43:00Z,NA-Central,DIST-TEXAS-COMMERCIAL,PRODUCT_QUALITY,MEDIUM,Routine inquiry / order status check for DIST-TEXAS-COMMERCIAL,Standard operational correspondence regarding order fulfillment tracking and invoice reconciliation.,-0.25
ZD-TK-2493,2026-03-08T11:07:00Z,NA-Central,DIST-MIDWEST-DIRECT,PRODUCT_QUALITY,LOW,Routine inquiry / order status check for DIST-MIDWEST-DIRECT,Standard operational correspondence regarding order fulfillment tracking and invoice reconciliation.,-0.25
ZD-TK-2494,2026-03-08T17:03:00Z,NA-Central,DIST-MIDWEST-DIRECT,PRODUCT_QUALITY,LOW,Routine inquiry / order status check for DIST-MIDWEST-DIRECT,Standard operational correspondence regarding order fulfillment tracking and invoice reconciliation.,0.14
ZD-TK-2495,2026-03-08T16:06:00Z,NA-West,DIST-CAL-ENTERPRISE,FULFILLMENT_DELAY,MEDIUM,Routine inquiry / order status check for DIST-CAL-ENTERPRISE,Standard operational correspondence regarding order fulfillment tracking and invoice reconciliation.,0.22
ZD-TK-2496,2026-03-09T14:25:00Z,NA-East,DIST-APEX-EAST,PRODUCT_QUALITY,MEDIUM,Routine inquiry / order status check for DIST-APEX-EAST,Standard operational correspondence regarding order fulfillment tracking and invoice reconciliation.,-0.29
ZD-TK-2497,2026-03-09T12:30:00Z,NA-East,DIST-EMPIRE-IND,PRICE_DISPUTE,LOW,Routine inquiry / order status check for DIST-EMPIRE-IND,Standard operational correspondence regarding order fulfillment tracking and invoice reconciliation.,0.26
ZD-TK-2498,2026-03-09T13:04:00Z,NA-Central,DIST-MIDWEST-DIRECT,FULFILLMENT_DELAY,MEDIUM,Routine inquiry / order status check for DIST-MIDWEST-DIRECT,Standard operational correspondence regarding order fulfillment tracking and invoice reconciliation.,-0.2
ZD-TK-2499,2026-03-09T17:57:00Z,NA-Central,DIST-TEXAS-COMMERCIAL,PRODUCT_QUALITY,LOW,Routine inquiry / order status check for DIST-TEXAS-COMMERCIAL,Standard operational correspondence regarding order fulfillment tracking and invoice reconciliation.,-0.34
ZD-TK-2500,2026-03-09T09:04:00Z,NA-Central,DIST-TEXAS-COMMERCIAL,PRODUCT_QUALITY,LOW,Routine inquiry / order status check for DIST-TEXAS-COMMERCIAL,Standard operational correspondence regarding order fulfillment tracking and invoice reconciliation.,0.33
ZD-TK-2501,2026-03-09T09:24:00Z,NA-West,DIST-MOUNTAIN-PARTS,FULFILLMENT_DELAY,MEDIUM,Routine inquiry / order status check for DIST-MOUNTAIN-PARTS,Standard operational correspondence regarding order fulfillment tracking and invoice reconciliation.,-0.06
ZD-TK-2502,2026-03-09T12:09:00Z,NA-West,DIST-PACIFIC-LOGISTICS,FULFILLMENT_DELAY,MEDIUM,Routine inquiry / order status check for DIST-PACIFIC-LOGISTICS,Standard operational correspondence regarding order fulfillment tracking and invoice reconciliation.,-0.29
ZD-TK-2503,2026-03-10T08:23:00Z,NA-East,DIST-EMPIRE-IND,FULFILLMENT_DELAY,LOW,Routine inquiry / order status check for DIST-EMPIRE-IND,Standard operational correspondence regarding order fulfillment tracking and invoice reconciliation.,-0.32
ZD-TK-2504,2026-03-10T14:20:00Z,NA-East,DIST-COASTAL-WHOLESALE,PRODUCT_QUALITY,MEDIUM,Routine inquiry / order status check for DIST-COASTAL-WHOLESALE,Standard operational correspondence regarding order fulfillment tracking and invoice reconciliation.,-0.23
ZD-TK-2505,2026-03-10T13:48:00Z,NA-Central,DIST-TEXAS-COMMERCIAL,PRODUCT_QUALITY,LOW,Routine inquiry / order status check for DIST-TEXAS-COMMERCIAL,Standard operational correspondence regarding order fulfillment tracking and invoice reconciliation.,-0.28
ZD-TK-2506,2026-03-10T13:19:00Z,NA-West,DIST-MOUNTAIN-PARTS,PRODUCT_QUALITY,MEDIUM,Routine inquiry / order status check for DIST-MOUNTAIN-PARTS,Standard operational correspondence regarding order fulfillment tracking and invoice reconciliation.,0.18
ZD-TK-2507,2026-03-10T17:43:00Z,NA-West,DIST-PACIFIC-LOGISTICS,FULFILLMENT_DELAY,LOW,Routine inquiry / order status check for DIST-PACIFIC-LOGISTICS,Standard operational correspondence regarding order fulfillment tracking and invoice reconciliation.,0.31
ZD-TK-2508,2026-03-10T14:37:00Z,NA-West,DIST-MOUNTAIN-PARTS,PRICE_DISPUTE,MEDIUM,Routine inquiry / order status check for DIST-MOUNTAIN-PARTS,Standard operational correspondence regarding order fulfillment tracking and invoice reconciliation.,-0.13
ZD-TK-2509,2026-03-11T14:37:00Z,NA-East,DIST-EMPIRE-IND,PRICE_DISPUTE,MEDIUM,Routine inquiry / order status check for DIST-EMPIRE-IND,Standard operational correspondence regarding order fulfillment tracking and invoice reconciliation.,-0.13
ZD-TK-2510,2026-03-11T15:13:00Z,NA-East,DIST-TRI-STATE-OPS,PRODUCT_QUALITY,LOW,Routine inquiry / order status check for DIST-TRI-STATE-OPS,Standard operational correspondence regarding order fulfillment tracking and invoice reconciliation.,0.22
ZD-TK-2511,2026-03-11T09:24:00Z,NA-Central,DIST-TEXAS-COMMERCIAL,PRODUCT_QUALITY,LOW,Routine inquiry / order status check for DIST-TEXAS-COMMERCIAL,Standard operational correspondence regarding order fulfillment tracking and invoice reconciliation.,-0.08
ZD-TK-2512,2026-03-11T15:01:00Z,NA-Central,DIST-TEXAS-COMMERCIAL,FULFILLMENT_DELAY,MEDIUM,Routine inquiry / order status check for DIST-TEXAS-COMMERCIAL,Standard operational correspondence regarding order fulfillment tracking and invoice reconciliation.,-0.2
ZD-TK-2513,2026-03-11T08:19:00Z,NA-West,DIST-CAL-ENTERPRISE,FULFILLMENT_DELAY,LOW,Routine inquiry / order status check for DIST-CAL-ENTERPRISE,Standard operational correspondence regarding order fulfillment tracking and invoice reconciliation.,0.16
ZD-TK-2514,2026-03-11T08:50:00Z,NA-West,DIST-CAL-ENTERPRISE,PRODUCT_QUALITY,LOW,Routine inquiry / order status check for DIST-CAL-ENTERPRISE,Standard operational correspondence regarding order fulfillment tracking and invoice reconciliation.,-0.13
ZD-TK-2515,2026-03-12T15:24:00Z,NA-East,DIST-COASTAL-WHOLESALE,PRODUCT_QUALITY,MEDIUM,Routine inquiry / order status check for DIST-COASTAL-WHOLESALE,Standard operational correspondence regarding order fulfillment tracking and invoice reconciliation.,0.0
ZD-TK-2516,2026-03-12T10:45:00Z,NA-Central,DIST-TEXAS-COMMERCIAL,FULFILLMENT_DELAY,MEDIUM,Routine inquiry / order status check for DIST-TEXAS-COMMERCIAL,Standard operational correspondence regarding order fulfillment tracking and invoice reconciliation.,-0.13
ZD-TK-2517,2026-03-12T08:31:00Z,NA-Central,DIST-MIDWEST-DIRECT,FULFILLMENT_DELAY,LOW,Routine inquiry / order status check for DIST-MIDWEST-DIRECT,Standard operational correspondence regarding order fulfillment tracking and invoice reconciliation.,0.15
ZD-TK-2518,2026-03-12T15:54:00Z,NA-West,DIST-CAL-ENTERPRISE,PRICE_DISPUTE,MEDIUM,Routine inquiry / order status check for DIST-CAL-ENTERPRISE,Standard operational correspondence regarding order fulfillment tracking and invoice reconciliation.,0.28
ZD-TK-2519,2026-03-12T13:49:00Z,NA-West,DIST-PACIFIC-LOGISTICS,PRODUCT_QUALITY,LOW,Routine inquiry / order status check for DIST-PACIFIC-LOGISTICS,Standard operational correspondence regarding order fulfillment tracking and invoice reconciliation.,-0.13
ZD-TK-2520,2026-03-12T08:11:00Z,NA-West,DIST-MOUNTAIN-PARTS,FULFILLMENT_DELAY,MEDIUM,Routine inquiry / order status check for DIST-MOUNTAIN-PARTS,Standard operational correspondence regarding order fulfillment tracking and invoice reconciliation.,-0.2
ZD-TK-2521,2026-03-13T10:48:00Z,NA-East,DIST-COASTAL-WHOLESALE,PRODUCT_QUALITY,LOW,Routine inquiry / order status check for DIST-COASTAL-WHOLESALE,Standard operational correspondence regarding order fulfillment tracking and invoice reconciliation.,0.32
ZD-TK-2522,2026-03-13T15:53:00Z,NA-East,DIST-EMPIRE-IND,PRODUCT_QUALITY,LOW,Routine inquiry / order status check for DIST-EMPIRE-IND,Standard operational correspondence regarding order fulfillment tracking and invoice reconciliation.,0.09
ZD-TK-2523,2026-03-13T08:17:00Z,NA-East,DIST-EMPIRE-IND,PRICE_DISPUTE,MEDIUM,Routine inquiry / order status check for DIST-EMPIRE-IND,Standard operational correspondence regarding order fulfillment tracking and invoice reconciliation.,0.15
ZD-TK-2524,2026-03-13T13:49:00Z,NA-Central,DIST-MIDWEST-DIRECT,PRODUCT_QUALITY,LOW,Routine inquiry / order status check for DIST-MIDWEST-DIRECT,Standard operational correspondence regarding order fulfillment tracking and invoice reconciliation.,0.03
ZD-TK-2525,2026-03-13T15:50:00Z,NA-West,DIST-CAL-ENTERPRISE,PRICE_DISPUTE,LOW,Routine inquiry / order status check for DIST-CAL-ENTERPRISE,Standard operational correspondence regarding order fulfillment tracking and invoice reconciliation.,-0.01
ZD-TK-2526,2026-03-13T16:23:00Z,NA-West,DIST-PACIFIC-LOGISTICS,FULFILLMENT_DELAY,MEDIUM,Routine inquiry / order status check for DIST-PACIFIC-LOGISTICS,Standard operational correspondence regarding order fulfillment tracking and invoice reconciliation.,-0.27
ZD-TK-2527,2026-03-13T10:35:00Z,NA-West,DIST-CAL-ENTERPRISE,PRODUCT_QUALITY,LOW,Routine inquiry / order status check for DIST-CAL-ENTERPRISE,Standard operational correspondence regarding order fulfillment tracking and invoice reconciliation.,0.03
ZD-TK-2528,2026-03-14T17:39:00Z,NA-East,DIST-EMPIRE-IND,PRODUCT_QUALITY,LOW,Routine inquiry / order status check for DIST-EMPIRE-IND,Standard operational correspondence regarding order fulfillment tracking and invoice reconciliation.,0.33
ZD-TK-2529,2026-03-14T10:59:00Z,NA-East,DIST-MIDATL-SUPPLY,FULFILLMENT_DELAY,MEDIUM,Routine inquiry / order status check for DIST-MIDATL-SUPPLY,Standard operational correspondence regarding order fulfillment tracking and invoice reconciliation.,0.05
ZD-TK-2530,2026-03-14T16:24:00Z,NA-East,DIST-TRI-STATE-OPS,PRODUCT_QUALITY,LOW,Routine inquiry / order status check for DIST-TRI-STATE-OPS,Standard operational correspondence regarding order fulfillment tracking and invoice reconciliation.,0.17
ZD-TK-2531,2026-03-14T14:39:00Z,NA-Central,DIST-MIDWEST-DIRECT,FULFILLMENT_DELAY,MEDIUM,Routine inquiry / order status check for DIST-MIDWEST-DIRECT,Standard operational correspondence regarding order fulfillment tracking and invoice reconciliation.,-0.02
ZD-TK-2532,2026-03-14T12:19:00Z,NA-Central,DIST-MIDWEST-DIRECT,PRICE_DISPUTE,LOW,Routine inquiry / order status check for DIST-MIDWEST-DIRECT,Standard operational correspondence regarding order fulfillment tracking and invoice reconciliation.,0.19
ZD-TK-2533,2026-03-14T11:15:00Z,NA-Central,DIST-MIDWEST-DIRECT,PRICE_DISPUTE,LOW,Routine inquiry / order status check for DIST-MIDWEST-DIRECT,Standard operational correspondence regarding order fulfillment tracking and invoice reconciliation.,0.27
ZD-TK-2534,2026-03-14T12:21:00Z,NA-West,DIST-PACIFIC-LOGISTICS,PRODUCT_QUALITY,MEDIUM,Routine inquiry / order status check for DIST-PACIFIC-LOGISTICS,Standard operational correspondence regarding order fulfillment tracking and invoice reconciliation.,0.27
ZD-TK-2535,2026-03-15T15:48:00Z,NA-East,DIST-APEX-EAST,PRICE_DISPUTE,LOW,Routine inquiry / order status check for DIST-APEX-EAST,Standard operational correspondence regarding order fulfillment tracking and invoice reconciliation.,-0.22
ZD-TK-2536,2026-03-15T16:16:00Z,NA-Central,DIST-MIDWEST-DIRECT,FULFILLMENT_DELAY,LOW,Routine inquiry / order status check for DIST-MIDWEST-DIRECT,Standard operational correspondence regarding order fulfillment tracking and invoice reconciliation.,0.0
ZD-TK-2537,2026-03-15T16:05:00Z,NA-Central,DIST-MIDWEST-DIRECT,PRICE_DISPUTE,LOW,Routine inquiry / order status check for DIST-MIDWEST-DIRECT,Standard operational correspondence regarding order fulfillment tracking and invoice reconciliation.,0.04
ZD-TK-2538,2026-03-15T14:01:00Z,NA-West,DIST-PACIFIC-LOGISTICS,FULFILLMENT_DELAY,LOW,Routine inquiry / order status check for DIST-PACIFIC-LOGISTICS,Standard operational correspondence regarding order fulfillment tracking and invoice reconciliation.,-0.11
ZD-TK-2539,2026-03-15T11:42:00Z,NA-West,DIST-MOUNTAIN-PARTS,PRICE_DISPUTE,MEDIUM,Routine inquiry / order status check for DIST-MOUNTAIN-PARTS,Standard operational correspondence regarding order fulfillment tracking and invoice reconciliation.,-0.02
ZD-TK-2540,2026-03-16T11:13:00Z,NA-East,DIST-COASTAL-WHOLESALE,PRODUCT_QUALITY,MEDIUM,Routine inquiry / order status check for DIST-COASTAL-WHOLESALE,Standard operational correspondence regarding order fulfillment tracking and invoice reconciliation.,-0.25
ZD-TK-2541,2026-03-16T10:20:00Z,NA-East,DIST-APEX-EAST,FULFILLMENT_DELAY,LOW,Routine inquiry / order status check for DIST-APEX-EAST,Standard operational correspondence regarding order fulfillment tracking and invoice reconciliation.,0.34
ZD-TK-2542,2026-03-16T13:57:00Z,NA-Central,DIST-TEXAS-COMMERCIAL,PRODUCT_QUALITY,LOW,Routine inquiry / order status check for DIST-TEXAS-COMMERCIAL,Standard operational correspondence regarding order fulfillment tracking and invoice reconciliation.,-0.23
ZD-TK-2543,2026-03-16T16:49:00Z,NA-Central,DIST-TEXAS-COMMERCIAL,FULFILLMENT_DELAY,LOW,Routine inquiry / order status check for DIST-TEXAS-COMMERCIAL,Standard operational correspondence regarding order fulfillment tracking and invoice reconciliation.,-0.23
ZD-TK-2544,2026-03-16T08:31:00Z,NA-West,DIST-PACIFIC-LOGISTICS,FULFILLMENT_DELAY,MEDIUM,Routine inquiry / order status check for DIST-PACIFIC-LOGISTICS,Standard operational correspondence regarding order fulfillment tracking and invoice reconciliation.,0.35
ZD-TK-2545,2026-03-16T17:39:00Z,NA-West,DIST-CAL-ENTERPRISE,PRODUCT_QUALITY,LOW,Routine inquiry / order status check for DIST-CAL-ENTERPRISE,Standard operational correspondence regarding order fulfillment tracking and invoice reconciliation.,0.33
ZD-TK-2546,2026-03-16T17:50:00Z,NA-West,DIST-CAL-ENTERPRISE,PRODUCT_QUALITY,MEDIUM,Routine inquiry / order status check for DIST-CAL-ENTERPRISE,Standard operational correspondence regarding order fulfillment tracking and invoice reconciliation.,0.08
ZD-TK-2547,2026-03-17T08:00:00Z,NA-East,DIST-TRI-STATE-OPS,FULFILLMENT_DELAY,MEDIUM,Routine inquiry / order status check for DIST-TRI-STATE-OPS,Standard operational correspondence regarding order fulfillment tracking and invoice reconciliation.,0.25
ZD-TK-2548,2026-03-17T17:03:00Z,NA-Central,DIST-TEXAS-COMMERCIAL,PRODUCT_QUALITY,LOW,Routine inquiry / order status check for DIST-TEXAS-COMMERCIAL,Standard operational correspondence regarding order fulfillment tracking and invoice reconciliation.,0.22
ZD-TK-2549,2026-03-17T12:36:00Z,NA-Central,DIST-TEXAS-COMMERCIAL,FULFILLMENT_DELAY,MEDIUM,Routine inquiry / order status check for DIST-TEXAS-COMMERCIAL,Standard operational correspondence regarding order fulfillment tracking and invoice reconciliation.,0.31
ZD-TK-2550,2026-03-17T08:31:00Z,NA-Central,DIST-GREATLAKES-SUPPLY,PRODUCT_QUALITY,MEDIUM,Routine inquiry / order status check for DIST-GREATLAKES-SUPPLY,Standard operational correspondence regarding order fulfillment tracking and invoice reconciliation.,0.17
ZD-TK-2551,2026-03-17T17:46:00Z,NA-West,DIST-PACIFIC-LOGISTICS,PRICE_DISPUTE,LOW,Routine inquiry / order status check for DIST-PACIFIC-LOGISTICS,Standard operational correspondence regarding order fulfillment tracking and invoice reconciliation.,-0.18
ZD-TK-2552,2026-03-18T14:12:00Z,NA-East,DIST-MIDATL-SUPPLY,FULFILLMENT_DELAY,LOW,Routine inquiry / order status check for DIST-MIDATL-SUPPLY,Standard operational correspondence regarding order fulfillment tracking and invoice reconciliation.,0.12
ZD-TK-2553,2026-03-18T16:06:00Z,NA-Central,DIST-MIDWEST-DIRECT,PRICE_DISPUTE,MEDIUM,Routine inquiry / order status check for DIST-MIDWEST-DIRECT,Standard operational correspondence regarding order fulfillment tracking and invoice reconciliation.,0.04
ZD-TK-2554,2026-03-18T09:52:00Z,NA-Central,DIST-MIDWEST-DIRECT,PRODUCT_QUALITY,MEDIUM,Routine inquiry / order status check for DIST-MIDWEST-DIRECT,Standard operational correspondence regarding order fulfillment tracking and invoice reconciliation.,0.01
ZD-TK-2555,2026-03-18T13:28:00Z,NA-Central,DIST-MIDWEST-DIRECT,PRODUCT_QUALITY,LOW,Routine inquiry / order status check for DIST-MIDWEST-DIRECT,Standard operational correspondence regarding order fulfillment tracking and invoice reconciliation.,-0.27
ZD-TK-2556,2026-03-18T17:53:00Z,NA-West,DIST-CAL-ENTERPRISE,PRODUCT_QUALITY,MEDIUM,Routine inquiry / order status check for DIST-CAL-ENTERPRISE,Standard operational correspondence regarding order fulfillment tracking and invoice reconciliation.,-0.15
ZD-TK-2557,2026-03-18T16:23:00Z,NA-West,DIST-PACIFIC-LOGISTICS,PRICE_DISPUTE,MEDIUM,Routine inquiry / order status check for DIST-PACIFIC-LOGISTICS,Standard operational correspondence regarding order fulfillment tracking and invoice reconciliation.,-0.22
ZD-TK-2558,2026-03-18T14:38:00Z,NA-West,DIST-MOUNTAIN-PARTS,PRODUCT_QUALITY,LOW,Routine inquiry / order status check for DIST-MOUNTAIN-PARTS,Standard operational correspondence regarding order fulfillment tracking and invoice reconciliation.,-0.18
ZD-TK-2559,2026-03-19T15:27:00Z,NA-East,DIST-SUNBELT-PARTS,PRICE_DISPUTE,MEDIUM,Routine inquiry / order status check for DIST-SUNBELT-PARTS,Standard operational correspondence regarding order fulfillment tracking and invoice reconciliation.,0.35
ZD-TK-2560,2026-03-19T15:54:00Z,NA-East,DIST-SUNBELT-PARTS,PRICE_DISPUTE,MEDIUM,Routine inquiry / order status check for DIST-SUNBELT-PARTS,Standard operational correspondence regarding order fulfillment tracking and invoice reconciliation.,-0.15
ZD-TK-2561,2026-03-19T14:58:00Z,NA-Central,DIST-TEXAS-COMMERCIAL,FULFILLMENT_DELAY,LOW,Routine inquiry / order status check for DIST-TEXAS-COMMERCIAL,Standard operational correspondence regarding order fulfillment tracking and invoice reconciliation.,-0.17
ZD-TK-2562,2026-03-19T12:33:00Z,NA-Central,DIST-MIDWEST-DIRECT,PRICE_DISPUTE,MEDIUM,Routine inquiry / order status check for DIST-MIDWEST-DIRECT,Standard operational correspondence regarding order fulfillment tracking and invoice reconciliation.,-0.31
ZD-TK-2563,2026-03-19T13:49:00Z,NA-West,DIST-PACIFIC-LOGISTICS,PRICE_DISPUTE,MEDIUM,Routine inquiry / order status check for DIST-PACIFIC-LOGISTICS,Standard operational correspondence regarding order fulfillment tracking and invoice reconciliation.,-0.33
ZD-TK-2564,2026-03-19T15:43:00Z,NA-West,DIST-CAL-ENTERPRISE,PRODUCT_QUALITY,MEDIUM,Routine inquiry / order status check for DIST-CAL-ENTERPRISE,Standard operational correspondence regarding order fulfillment tracking and invoice reconciliation.,0.12
ZD-TK-2565,2026-03-19T09:03:00Z,NA-West,DIST-PACIFIC-LOGISTICS,PRODUCT_QUALITY,MEDIUM,Routine inquiry / order status check for DIST-PACIFIC-LOGISTICS,Standard operational correspondence regarding order fulfillment tracking and invoice reconciliation.,-0.25
ZD-TK-2566,2026-03-20T15:39:00Z,NA-East,DIST-EMPIRE-IND,FULFILLMENT_DELAY,LOW,Routine inquiry / order status check for DIST-EMPIRE-IND,Standard operational correspondence regarding order fulfillment tracking and invoice reconciliation.,-0.0
ZD-TK-2567,2026-03-20T17:44:00Z,NA-Central,DIST-MIDWEST-DIRECT,FULFILLMENT_DELAY,LOW,Routine inquiry / order status check for DIST-MIDWEST-DIRECT,Standard operational correspondence regarding order fulfillment tracking and invoice reconciliation.,0.07
ZD-TK-2568,2026-03-20T13:55:00Z,NA-West,DIST-CAL-ENTERPRISE,PRICE_DISPUTE,MEDIUM,Routine inquiry / order status check for DIST-CAL-ENTERPRISE,Standard operational correspondence regarding order fulfillment tracking and invoice reconciliation.,-0.24
ZD-TK-2569,2026-03-20T17:22:00Z,NA-West,DIST-CAL-ENTERPRISE,PRICE_DISPUTE,LOW,Routine inquiry / order status check for DIST-CAL-ENTERPRISE,Standard operational correspondence regarding order fulfillment tracking and invoice reconciliation.,0.25
ZD-TK-2570,2026-03-21T10:06:00Z,NA-East,DIST-TRI-STATE-OPS,PRICE_DISPUTE,MEDIUM,Routine inquiry / order status check for DIST-TRI-STATE-OPS,Standard operational correspondence regarding order fulfillment tracking and invoice reconciliation.,0.35
ZD-TK-2571,2026-03-21T12:34:00Z,NA-East,DIST-MIDATL-SUPPLY,PRICE_DISPUTE,MEDIUM,Routine inquiry / order status check for DIST-MIDATL-SUPPLY,Standard operational correspondence regarding order fulfillment tracking and invoice reconciliation.,0.16
ZD-TK-2572,2026-03-21T08:46:00Z,NA-Central,DIST-GREATLAKES-SUPPLY,PRICE_DISPUTE,LOW,Routine inquiry / order status check for DIST-GREATLAKES-SUPPLY,Standard operational correspondence regarding order fulfillment tracking and invoice reconciliation.,0.02
ZD-TK-2573,2026-03-21T08:09:00Z,NA-Central,DIST-MIDWEST-DIRECT,FULFILLMENT_DELAY,LOW,Routine inquiry / order status check for DIST-MIDWEST-DIRECT,Standard operational correspondence regarding order fulfillment tracking and invoice reconciliation.,0.07
ZD-TK-2574,2026-03-21T12:05:00Z,NA-Central,DIST-MIDWEST-DIRECT,FULFILLMENT_DELAY,MEDIUM,Routine inquiry / order status check for DIST-MIDWEST-DIRECT,Standard operational correspondence regarding order fulfillment tracking and invoice reconciliation.,-0.11
ZD-TK-2575,2026-03-21T15:32:00Z,NA-West,DIST-CAL-ENTERPRISE,PRICE_DISPUTE,LOW,Routine inquiry / order status check for DIST-CAL-ENTERPRISE,Standard operational correspondence regarding order fulfillment tracking and invoice reconciliation.,0.3
ZD-TK-2576,2026-03-21T09:49:00Z,NA-West,DIST-MOUNTAIN-PARTS,PRICE_DISPUTE,LOW,Routine inquiry / order status check for DIST-MOUNTAIN-PARTS,Standard operational correspondence regarding order fulfillment tracking and invoice reconciliation.,-0.3
ZD-TK-2577,2026-03-21T13:04:00Z,NA-West,DIST-CAL-ENTERPRISE,FULFILLMENT_DELAY,MEDIUM,Routine inquiry / order status check for DIST-CAL-ENTERPRISE,Standard operational correspondence regarding order fulfillment tracking and invoice reconciliation.,0.13
ZD-TK-2578,2026-03-22T09:20:00Z,NA-East,DIST-TRI-STATE-OPS,PRICE_DISPUTE,LOW,Routine inquiry / order status check for DIST-TRI-STATE-OPS,Standard operational correspondence regarding order fulfillment tracking and invoice reconciliation.,0.32
ZD-TK-2579,2026-03-22T11:03:00Z,NA-East,DIST-SUNBELT-PARTS,PRICE_DISPUTE,LOW,Routine inquiry / order status check for DIST-SUNBELT-PARTS,Standard operational correspondence regarding order fulfillment tracking and invoice reconciliation.,0.18
ZD-TK-2580,2026-03-22T08:03:00Z,NA-East,DIST-EMPIRE-IND,FULFILLMENT_DELAY,MEDIUM,Routine inquiry / order status check for DIST-EMPIRE-IND,Standard operational correspondence regarding order fulfillment tracking and invoice reconciliation.,-0.16
ZD-TK-2581,2026-03-22T16:44:00Z,NA-Central,DIST-MIDWEST-DIRECT,PRODUCT_QUALITY,MEDIUM,Routine inquiry / order status check for DIST-MIDWEST-DIRECT,Standard operational correspondence regarding order fulfillment tracking and invoice reconciliation.,-0.31
ZD-TK-2582,2026-03-22T08:53:00Z,NA-Central,DIST-GREATLAKES-SUPPLY,PRODUCT_QUALITY,LOW,Routine inquiry / order status check for DIST-GREATLAKES-SUPPLY,Standard operational correspondence regarding order fulfillment tracking and invoice reconciliation.,-0.1
ZD-TK-2583,2026-03-22T11:19:00Z,NA-West,DIST-CAL-ENTERPRISE,PRICE_DISPUTE,MEDIUM,Routine inquiry / order status check for DIST-CAL-ENTERPRISE,Standard operational correspondence regarding order fulfillment tracking and invoice reconciliation.,-0.07
ZD-TK-2584,2026-03-23T13:47:00Z,NA-East,DIST-APEX-EAST,PRICE_DISPUTE,LOW,Routine inquiry / order status check for DIST-APEX-EAST,Standard operational correspondence regarding order fulfillment tracking and invoice reconciliation.,-0.13
ZD-TK-2585,2026-03-23T14:09:00Z,NA-East,DIST-EMPIRE-IND,FULFILLMENT_DELAY,LOW,Routine inquiry / order status check for DIST-EMPIRE-IND,Standard operational correspondence regarding order fulfillment tracking and invoice reconciliation.,-0.1
ZD-TK-2586,2026-03-23T15:28:00Z,NA-Central,DIST-GREATLAKES-SUPPLY,FULFILLMENT_DELAY,LOW,Routine inquiry / order status check for DIST-GREATLAKES-SUPPLY,Standard operational correspondence regarding order fulfillment tracking and invoice reconciliation.,0.25
ZD-TK-2587,2026-03-23T16:22:00Z,NA-Central,DIST-TEXAS-COMMERCIAL,PRICE_DISPUTE,MEDIUM,Routine inquiry / order status check for DIST-TEXAS-COMMERCIAL,Standard operational correspondence regarding order fulfillment tracking and invoice reconciliation.,-0.12
ZD-TK-2588,2026-03-23T12:50:00Z,NA-West,DIST-MOUNTAIN-PARTS,PRODUCT_QUALITY,MEDIUM,Routine inquiry / order status check for DIST-MOUNTAIN-PARTS,Standard operational correspondence regarding order fulfillment tracking and invoice reconciliation.,-0.16
ZD-TK-2589,2026-03-23T08:57:00Z,NA-West,DIST-CAL-ENTERPRISE,PRICE_DISPUTE,LOW,Routine inquiry / order status check for DIST-CAL-ENTERPRISE,Standard operational correspondence regarding order fulfillment tracking and invoice reconciliation.,-0.26
ZD-TK-2590,2026-03-23T16:02:00Z,NA-West,DIST-MOUNTAIN-PARTS,PRICE_DISPUTE,LOW,Routine inquiry / order status check for DIST-MOUNTAIN-PARTS,Standard operational correspondence regarding order fulfillment tracking and invoice reconciliation.,0.22
ZD-TK-2591,2026-03-24T08:48:00Z,NA-East,DIST-TRI-STATE-OPS,PRODUCT_QUALITY,LOW,Routine inquiry / order status check for DIST-TRI-STATE-OPS,Standard operational correspondence regarding order fulfillment tracking and invoice reconciliation.,0.26
ZD-TK-2592,2026-03-24T17:51:00Z,NA-East,DIST-SUNBELT-PARTS,PRICE_DISPUTE,MEDIUM,Routine inquiry / order status check for DIST-SUNBELT-PARTS,Standard operational correspondence regarding order fulfillment tracking and invoice reconciliation.,-0.1
ZD-TK-2593,2026-03-24T09:59:00Z,NA-Central,DIST-MIDWEST-DIRECT,PRICE_DISPUTE,LOW,Routine inquiry / order status check for DIST-MIDWEST-DIRECT,Standard operational correspondence regarding order fulfillment tracking and invoice reconciliation.,-0.34
ZD-TK-2594,2026-03-24T08:12:00Z,NA-Central,DIST-GREATLAKES-SUPPLY,FULFILLMENT_DELAY,LOW,Routine inquiry / order status check for DIST-GREATLAKES-SUPPLY,Standard operational correspondence regarding order fulfillment tracking and invoice reconciliation.,-0.27
ZD-TK-2595,2026-03-24T08:33:00Z,NA-Central,DIST-TEXAS-COMMERCIAL,FULFILLMENT_DELAY,LOW,Routine inquiry / order status check for DIST-TEXAS-COMMERCIAL,Standard operational correspondence regarding order fulfillment tracking and invoice reconciliation.,-0.16
ZD-TK-2596,2026-03-24T09:51:00Z,NA-West,DIST-CAL-ENTERPRISE,FULFILLMENT_DELAY,LOW,Routine inquiry / order status check for DIST-CAL-ENTERPRISE,Standard operational correspondence regarding order fulfillment tracking and invoice reconciliation.,0.13
ZD-TK-2597,2026-03-24T10:04:00Z,NA-West,DIST-PACIFIC-LOGISTICS,FULFILLMENT_DELAY,LOW,Routine inquiry / order status check for DIST-PACIFIC-LOGISTICS,Standard operational correspondence regarding order fulfillment tracking and invoice reconciliation.,-0.09
ZD-TK-2598,2026-03-24T08:38:00Z,NA-West,DIST-PACIFIC-LOGISTICS,PRICE_DISPUTE,LOW,Routine inquiry / order status check for DIST-PACIFIC-LOGISTICS,Standard operational correspondence regarding order fulfillment tracking and invoice reconciliation.,-0.14
ZD-TK-2599,2026-03-25T08:28:00Z,NA-East,DIST-APEX-EAST,PRODUCT_QUALITY,MEDIUM,Routine inquiry / order status check for DIST-APEX-EAST,Standard operational correspondence regarding order fulfillment tracking and invoice reconciliation.,-0.01
ZD-TK-2600,2026-03-25T15:31:00Z,NA-East,DIST-APEX-EAST,PRODUCT_QUALITY,LOW,Routine inquiry / order status check for DIST-APEX-EAST,Standard operational correspondence regarding order fulfillment tracking and invoice reconciliation.,-0.24
ZD-TK-2601,2026-03-25T16:53:00Z,NA-Central,DIST-MIDWEST-DIRECT,PRODUCT_QUALITY,MEDIUM,Routine inquiry / order status check for DIST-MIDWEST-DIRECT,Standard operational correspondence regarding order fulfillment tracking and invoice reconciliation.,0.13
ZD-TK-2602,2026-03-25T15:38:00Z,NA-West,DIST-CAL-ENTERPRISE,PRODUCT_QUALITY,MEDIUM,Routine inquiry / order status check for DIST-CAL-ENTERPRISE,Standard operational correspondence regarding order fulfillment tracking and invoice reconciliation.,-0.08
ZD-TK-2603,2026-03-25T08:35:00Z,NA-West,DIST-MOUNTAIN-PARTS,FULFILLMENT_DELAY,MEDIUM,Routine inquiry / order status check for DIST-MOUNTAIN-PARTS,Standard operational correspondence regarding order fulfillment tracking and invoice reconciliation.,0.24
ZD-TK-2604,2026-03-26T11:29:00Z,NA-East,DIST-MIDATL-SUPPLY,PRICE_DISPUTE,MEDIUM,Routine inquiry / order status check for DIST-MIDATL-SUPPLY,Standard operational correspondence regarding order fulfillment tracking and invoice reconciliation.,0.17
ZD-TK-2605,2026-03-26T10:28:00Z,NA-East,DIST-SUNBELT-PARTS,PRICE_DISPUTE,MEDIUM,Routine inquiry / order status check for DIST-SUNBELT-PARTS,Standard operational correspondence regarding order fulfillment tracking and invoice reconciliation.,-0.28
ZD-TK-2606,2026-03-26T15:41:00Z,NA-East,DIST-APEX-EAST,FULFILLMENT_DELAY,LOW,Routine inquiry / order status check for DIST-APEX-EAST,Standard operational correspondence regarding order fulfillment tracking and invoice reconciliation.,0.09
ZD-TK-2607,2026-03-26T11:32:00Z,NA-Central,DIST-GREATLAKES-SUPPLY,PRICE_DISPUTE,LOW,Routine inquiry / order status check for DIST-GREATLAKES-SUPPLY,Standard operational correspondence regarding order fulfillment tracking and invoice reconciliation.,-0.0
ZD-TK-2608,2026-03-26T08:59:00Z,NA-Central,DIST-GREATLAKES-SUPPLY,PRICE_DISPUTE,LOW,Routine inquiry / order status check for DIST-GREATLAKES-SUPPLY,Standard operational correspondence regarding order fulfillment tracking and invoice reconciliation.,0.12
ZD-TK-2609,2026-03-26T10:47:00Z,NA-Central,DIST-MIDWEST-DIRECT,PRICE_DISPUTE,LOW,Routine inquiry / order status check for DIST-MIDWEST-DIRECT,Standard operational correspondence regarding order fulfillment tracking and invoice reconciliation.,0.05
ZD-TK-2610,2026-03-26T14:27:00Z,NA-West,DIST-CAL-ENTERPRISE,FULFILLMENT_DELAY,LOW,Routine inquiry / order status check for DIST-CAL-ENTERPRISE,Standard operational correspondence regarding order fulfillment tracking and invoice reconciliation.,-0.19
ZD-TK-2611,2026-03-26T14:24:00Z,NA-West,DIST-PACIFIC-LOGISTICS,FULFILLMENT_DELAY,MEDIUM,Routine inquiry / order status check for DIST-PACIFIC-LOGISTICS,Standard operational correspondence regarding order fulfillment tracking and invoice reconciliation.,0.19
ZD-TK-2612,2026-03-27T15:31:00Z,NA-East,DIST-MIDATL-SUPPLY,PRICE_DISPUTE,LOW,Routine inquiry / order status check for DIST-MIDATL-SUPPLY,Standard operational correspondence regarding order fulfillment tracking and invoice reconciliation.,-0.09
ZD-TK-2613,2026-03-27T09:10:00Z,NA-Central,DIST-GREATLAKES-SUPPLY,FULFILLMENT_DELAY,MEDIUM,Routine inquiry / order status check for DIST-GREATLAKES-SUPPLY,Standard operational correspondence regarding order fulfillment tracking and invoice reconciliation.,-0.01
ZD-TK-2614,2026-03-27T09:30:00Z,NA-Central,DIST-TEXAS-COMMERCIAL,FULFILLMENT_DELAY,MEDIUM,Routine inquiry / order status check for DIST-TEXAS-COMMERCIAL,Standard operational correspondence regarding order fulfillment tracking and invoice reconciliation.,-0.08
ZD-TK-2615,2026-03-27T14:30:00Z,NA-West,DIST-CAL-ENTERPRISE,PRODUCT_QUALITY,LOW,Routine inquiry / order status check for DIST-CAL-ENTERPRISE,Standard operational correspondence regarding order fulfillment tracking and invoice reconciliation.,-0.1
ZD-TK-2616,2026-03-27T08:28:00Z,NA-West,DIST-PACIFIC-LOGISTICS,FULFILLMENT_DELAY,LOW,Routine inquiry / order status check for DIST-PACIFIC-LOGISTICS,Standard operational correspondence regarding order fulfillment tracking and invoice reconciliation.,-0.01
ZD-TK-2617,2026-03-27T14:35:00Z,NA-West,DIST-PACIFIC-LOGISTICS,PRODUCT_QUALITY,LOW,Routine inquiry / order status check for DIST-PACIFIC-LOGISTICS,Standard operational correspondence regarding order fulfillment tracking and invoice reconciliation.,-0.17
ZD-TK-2618,2026-03-28T17:56:00Z,NA-East,DIST-APEX-EAST,FULFILLMENT_DELAY,MEDIUM,Routine inquiry / order status check for DIST-APEX-EAST,Standard operational correspondence regarding order fulfillment tracking and invoice reconciliation.,-0.25
ZD-TK-2619,2026-03-28T14:35:00Z,NA-East,DIST-APEX-EAST,PRODUCT_QUALITY,LOW,Routine inquiry / order status check for DIST-APEX-EAST,Standard operational correspondence regarding order fulfillment tracking and invoice reconciliation.,0.04
ZD-TK-2620,2026-03-28T14:08:00Z,NA-East,DIST-SUNBELT-PARTS,PRODUCT_QUALITY,LOW,Routine inquiry / order status check for DIST-SUNBELT-PARTS,Standard operational correspondence regarding order fulfillment tracking and invoice reconciliation.,0.22
ZD-TK-2621,2026-03-28T13:28:00Z,NA-Central,DIST-GREATLAKES-SUPPLY,PRODUCT_QUALITY,MEDIUM,Routine inquiry / order status check for DIST-GREATLAKES-SUPPLY,Standard operational correspondence regarding order fulfillment tracking and invoice reconciliation.,0.22
ZD-TK-2622,2026-03-28T10:19:00Z,NA-West,DIST-PACIFIC-LOGISTICS,PRODUCT_QUALITY,MEDIUM,Routine inquiry / order status check for DIST-PACIFIC-LOGISTICS,Standard operational correspondence regarding order fulfillment tracking and invoice reconciliation.,-0.34
ZD-TK-2623,2026-03-28T13:10:00Z,NA-West,DIST-PACIFIC-LOGISTICS,FULFILLMENT_DELAY,LOW,Routine inquiry / order status check for DIST-PACIFIC-LOGISTICS,Standard operational correspondence regarding order fulfillment tracking and invoice reconciliation.,0.21
ZD-TK-2624,2026-03-29T08:25:00Z,NA-East,DIST-COASTAL-WHOLESALE,PRODUCT_QUALITY,LOW,Routine inquiry / order status check for DIST-COASTAL-WHOLESALE,Standard operational correspondence regarding order fulfillment tracking and invoice reconciliation.,-0.12
ZD-TK-2625,2026-03-29T10:29:00Z,NA-East,DIST-EMPIRE-IND,FULFILLMENT_DELAY,LOW,Routine inquiry / order status check for DIST-EMPIRE-IND,Standard operational correspondence regarding order fulfillment tracking and invoice reconciliation.,0.26
ZD-TK-2626,2026-03-29T15:11:00Z,NA-Central,DIST-TEXAS-COMMERCIAL,PRODUCT_QUALITY,MEDIUM,Routine inquiry / order status check for DIST-TEXAS-COMMERCIAL,Standard operational correspondence regarding order fulfillment tracking and invoice reconciliation.,-0.02
ZD-TK-2627,2026-03-29T16:47:00Z,NA-Central,DIST-TEXAS-COMMERCIAL,FULFILLMENT_DELAY,MEDIUM,Routine inquiry / order status check for DIST-TEXAS-COMMERCIAL,Standard operational correspondence regarding order fulfillment tracking and invoice reconciliation.,-0.25
ZD-TK-2628,2026-03-29T08:03:00Z,NA-West,DIST-MOUNTAIN-PARTS,PRICE_DISPUTE,MEDIUM,Routine inquiry / order status check for DIST-MOUNTAIN-PARTS,Standard operational correspondence regarding order fulfillment tracking and invoice reconciliation.,0.23
ZD-TK-2629,2026-03-30T10:18:00Z,NA-East,DIST-EMPIRE-IND,PRODUCT_QUALITY,MEDIUM,Routine inquiry / order status check for DIST-EMPIRE-IND,Standard operational correspondence regarding order fulfillment tracking and invoice reconciliation.,0.16
ZD-TK-2630,2026-03-30T15:50:00Z,NA-East,DIST-MIDATL-SUPPLY,PRICE_DISPUTE,MEDIUM,Routine inquiry / order status check for DIST-MIDATL-SUPPLY,Standard operational correspondence regarding order fulfillment tracking and invoice reconciliation.,-0.35
ZD-TK-2631,2026-03-30T10:35:00Z,NA-Central,DIST-MIDWEST-DIRECT,PRICE_DISPUTE,LOW,Routine inquiry / order status check for DIST-MIDWEST-DIRECT,Standard operational correspondence regarding order fulfillment tracking and invoice reconciliation.,-0.03
ZD-TK-2632,2026-03-30T09:57:00Z,NA-Central,DIST-GREATLAKES-SUPPLY,PRODUCT_QUALITY,LOW,Routine inquiry / order status check for DIST-GREATLAKES-SUPPLY,Standard operational correspondence regarding order fulfillment tracking and invoice reconciliation.,0.16
ZD-TK-2633,2026-03-30T09:29:00Z,NA-West,DIST-PACIFIC-LOGISTICS,FULFILLMENT_DELAY,MEDIUM,Routine inquiry / order status check for DIST-PACIFIC-LOGISTICS,Standard operational correspondence regarding order fulfillment tracking and invoice reconciliation.,0.11
ZD-TK-2634,2026-03-30T14:21:00Z,NA-West,DIST-CAL-ENTERPRISE,PRODUCT_QUALITY,LOW,Routine inquiry / order status check for DIST-CAL-ENTERPRISE,Standard operational correspondence regarding order fulfillment tracking and invoice reconciliation.,-0.03
ZD-TK-2635,2026-03-31T13:51:00Z,NA-East,DIST-EMPIRE-IND,PRODUCT_QUALITY,MEDIUM,Routine inquiry / order status check for DIST-EMPIRE-IND,Standard operational correspondence regarding order fulfillment tracking and invoice reconciliation.,0.04
ZD-TK-2636,2026-03-31T13:40:00Z,NA-East,DIST-MIDATL-SUPPLY,FULFILLMENT_DELAY,LOW,Routine inquiry / order status check for DIST-MIDATL-SUPPLY,Standard operational correspondence regarding order fulfillment tracking and invoice reconciliation.,0.06
ZD-TK-2637,2026-03-31T12:43:00Z,NA-Central,DIST-MIDWEST-DIRECT,PRODUCT_QUALITY,LOW,Routine inquiry / order status check for DIST-MIDWEST-DIRECT,Standard operational correspondence regarding order fulfillment tracking and invoice reconciliation.,-0.02
ZD-TK-2638,2026-03-31T14:26:00Z,NA-West,DIST-PACIFIC-LOGISTICS,PRICE_DISPUTE,LOW,Routine inquiry / order status check for DIST-PACIFIC-LOGISTICS,Standard operational correspondence regarding order fulfillment tracking and invoice reconciliation.,0.03
ZD-TK-2639,2026-04-01T14:13:00Z,NA-East,DIST-SUNBELT-PARTS,FULFILLMENT_DELAY,LOW,Routine inquiry / order status check for DIST-SUNBELT-PARTS,Standard operational correspondence regarding order fulfillment tracking and invoice reconciliation.,-0.33
ZD-TK-2640,2026-04-01T08:28:00Z,NA-Central,DIST-TEXAS-COMMERCIAL,PRODUCT_QUALITY,MEDIUM,Routine inquiry / order status check for DIST-TEXAS-COMMERCIAL,Standard operational correspondence regarding order fulfillment tracking and invoice reconciliation.,-0.06
ZD-TK-2641,2026-04-01T13:10:00Z,NA-Central,DIST-GREATLAKES-SUPPLY,FULFILLMENT_DELAY,LOW,Routine inquiry / order status check for DIST-GREATLAKES-SUPPLY,Standard operational correspondence regarding order fulfillment tracking and invoice reconciliation.,0.24
ZD-TK-2642,2026-04-01T09:15:00Z,NA-Central,DIST-MIDWEST-DIRECT,PRICE_DISPUTE,MEDIUM,Routine inquiry / order status check for DIST-MIDWEST-DIRECT,Standard operational correspondence regarding order fulfillment tracking and invoice reconciliation.,0.09
ZD-TK-2643,2026-04-01T17:39:00Z,NA-West,DIST-MOUNTAIN-PARTS,FULFILLMENT_DELAY,LOW,Routine inquiry / order status check for DIST-MOUNTAIN-PARTS,Standard operational correspondence regarding order fulfillment tracking and invoice reconciliation.,-0.23
ZD-TK-2644,2026-04-02T08:26:00Z,NA-East,DIST-COASTAL-WHOLESALE,PRICE_DISPUTE,LOW,Routine inquiry / order status check for DIST-COASTAL-WHOLESALE,Standard operational correspondence regarding order fulfillment tracking and invoice reconciliation.,-0.09
ZD-TK-2645,2026-04-02T08:13:00Z,NA-East,DIST-MIDATL-SUPPLY,PRICE_DISPUTE,LOW,Routine inquiry / order status check for DIST-MIDATL-SUPPLY,Standard operational correspondence regarding order fulfillment tracking and invoice reconciliation.,0.12
ZD-TK-2646,2026-04-02T12:59:00Z,NA-Central,DIST-TEXAS-COMMERCIAL,FULFILLMENT_DELAY,MEDIUM,Routine inquiry / order status check for DIST-TEXAS-COMMERCIAL,Standard operational correspondence regarding order fulfillment tracking and invoice reconciliation.,0.14
ZD-TK-2647,2026-04-02T13:08:00Z,NA-Central,DIST-GREATLAKES-SUPPLY,PRODUCT_QUALITY,LOW,Routine inquiry / order status check for DIST-GREATLAKES-SUPPLY,Standard operational correspondence regarding order fulfillment tracking and invoice reconciliation.,0.16
ZD-TK-2648,2026-04-02T08:44:00Z,NA-Central,DIST-MIDWEST-DIRECT,FULFILLMENT_DELAY,MEDIUM,Routine inquiry / order status check for DIST-MIDWEST-DIRECT,Standard operational correspondence regarding order fulfillment tracking and invoice reconciliation.,-0.05
ZD-TK-2649,2026-04-02T17:01:00Z,NA-West,DIST-PACIFIC-LOGISTICS,PRICE_DISPUTE,MEDIUM,Routine inquiry / order status check for DIST-PACIFIC-LOGISTICS,Standard operational correspondence regarding order fulfillment tracking and invoice reconciliation.,0.06
ZD-TK-2650,2026-04-03T08:14:00Z,NA-East,DIST-COASTAL-WHOLESALE,PRICE_DISPUTE,LOW,Routine inquiry / order status check for DIST-COASTAL-WHOLESALE,Standard operational correspondence regarding order fulfillment tracking and invoice reconciliation.,-0.31
ZD-TK-2651,2026-04-03T08:35:00Z,NA-East,DIST-MIDATL-SUPPLY,FULFILLMENT_DELAY,LOW,Routine inquiry / order status check for DIST-MIDATL-SUPPLY,Standard operational correspondence regarding order fulfillment tracking and invoice reconciliation.,0.27
ZD-TK-2652,2026-04-03T10:50:00Z,NA-East,DIST-COASTAL-WHOLESALE,FULFILLMENT_DELAY,LOW,Routine inquiry / order status check for DIST-COASTAL-WHOLESALE,Standard operational correspondence regarding order fulfillment tracking and invoice reconciliation.,-0.25
ZD-TK-2653,2026-04-03T12:41:00Z,NA-Central,DIST-GREATLAKES-SUPPLY,PRICE_DISPUTE,MEDIUM,Routine inquiry / order status check for DIST-GREATLAKES-SUPPLY,Standard operational correspondence regarding order fulfillment tracking and invoice reconciliation.,0.15
ZD-TK-2654,2026-04-03T12:55:00Z,NA-West,DIST-CAL-ENTERPRISE,PRICE_DISPUTE,MEDIUM,Routine inquiry / order status check for DIST-CAL-ENTERPRISE,Standard operational correspondence regarding order fulfillment tracking and invoice reconciliation.,-0.13
ZD-TK-2655,2026-04-03T10:36:00Z,NA-West,DIST-PACIFIC-LOGISTICS,PRICE_DISPUTE,MEDIUM,Routine inquiry / order status check for DIST-PACIFIC-LOGISTICS,Standard operational correspondence regarding order fulfillment tracking and invoice reconciliation.,0.16
ZD-TK-2656,2026-04-03T14:40:00Z,NA-West,DIST-CAL-ENTERPRISE,PRICE_DISPUTE,MEDIUM,Routine inquiry / order status check for DIST-CAL-ENTERPRISE,Standard operational correspondence regarding order fulfillment tracking and invoice reconciliation.,0.13
ZD-TK-2657,2026-04-04T13:51:00Z,NA-East,DIST-EMPIRE-IND,PRODUCT_QUALITY,MEDIUM,Routine inquiry / order status check for DIST-EMPIRE-IND,Standard operational correspondence regarding order fulfillment tracking and invoice reconciliation.,-0.34
ZD-TK-2658,2026-04-04T13:34:00Z,NA-East,DIST-SUNBELT-PARTS,PRICE_DISPUTE,MEDIUM,Routine inquiry / order status check for DIST-SUNBELT-PARTS,Standard operational correspondence regarding order fulfillment tracking and invoice reconciliation.,-0.31
ZD-TK-2659,2026-04-04T14:09:00Z,NA-Central,DIST-GREATLAKES-SUPPLY,PRICE_DISPUTE,LOW,Routine inquiry / order status check for DIST-GREATLAKES-SUPPLY,Standard operational correspondence regarding order fulfillment tracking and invoice reconciliation.,0.09
ZD-TK-2660,2026-04-04T10:45:00Z,NA-West,DIST-CAL-ENTERPRISE,FULFILLMENT_DELAY,MEDIUM,Routine inquiry / order status check for DIST-CAL-ENTERPRISE,Standard operational correspondence regarding order fulfillment tracking and invoice reconciliation.,-0.03
ZD-TK-2661,2026-04-04T10:45:00Z,NA-West,DIST-MOUNTAIN-PARTS,FULFILLMENT_DELAY,MEDIUM,Routine inquiry / order status check for DIST-MOUNTAIN-PARTS,Standard operational correspondence regarding order fulfillment tracking and invoice reconciliation.,-0.0
ZD-TK-2662,2026-04-04T14:41:00Z,NA-West,DIST-PACIFIC-LOGISTICS,FULFILLMENT_DELAY,MEDIUM,Routine inquiry / order status check for DIST-PACIFIC-LOGISTICS,Standard operational correspondence regarding order fulfillment tracking and invoice reconciliation.,-0.19
ZD-TK-2663,2026-04-05T08:04:00Z,NA-East,DIST-APEX-EAST,FULFILLMENT_DELAY,LOW,Routine inquiry / order status check for DIST-APEX-EAST,Standard operational correspondence regarding order fulfillment tracking and invoice reconciliation.,-0.32
ZD-TK-2664,2026-04-05T10:11:00Z,NA-East,DIST-APEX-EAST,PRICE_DISPUTE,MEDIUM,Routine inquiry / order status check for DIST-APEX-EAST,Standard operational correspondence regarding order fulfillment tracking and invoice reconciliation.,0.32
ZD-TK-2665,2026-04-05T15:47:00Z,NA-East,DIST-TRI-STATE-OPS,PRODUCT_QUALITY,MEDIUM,Routine inquiry / order status check for DIST-TRI-STATE-OPS,Standard operational correspondence regarding order fulfillment tracking and invoice reconciliation.,-0.01
ZD-TK-2666,2026-04-05T13:58:00Z,NA-Central,DIST-GREATLAKES-SUPPLY,PRODUCT_QUALITY,LOW,Routine inquiry / order status check for DIST-GREATLAKES-SUPPLY,Standard operational correspondence regarding order fulfillment tracking and invoice reconciliation.,0.12
ZD-TK-2667,2026-04-05T17:57:00Z,NA-West,DIST-PACIFIC-LOGISTICS,FULFILLMENT_DELAY,MEDIUM,Routine inquiry / order status check for DIST-PACIFIC-LOGISTICS,Standard operational correspondence regarding order fulfillment tracking and invoice reconciliation.,0.08
ZD-TK-2668,2026-04-05T09:00:00Z,NA-West,DIST-MOUNTAIN-PARTS,PRICE_DISPUTE,LOW,Routine inquiry / order status check for DIST-MOUNTAIN-PARTS,Standard operational correspondence regarding order fulfillment tracking and invoice reconciliation.,0.31
ZD-TK-2669,2026-04-06T08:48:00Z,NA-East,DIST-TRI-STATE-OPS,FULFILLMENT_DELAY,MEDIUM,Routine inquiry / order status check for DIST-TRI-STATE-OPS,Standard operational correspondence regarding order fulfillment tracking and invoice reconciliation.,-0.22
ZD-TK-2670,2026-04-06T13:38:00Z,NA-East,DIST-MIDATL-SUPPLY,PRICE_DISPUTE,MEDIUM,Routine inquiry / order status check for DIST-MIDATL-SUPPLY,Standard operational correspondence regarding order fulfillment tracking and invoice reconciliation.,-0.13
ZD-TK-2671,2026-04-06T09:07:00Z,NA-East,DIST-MIDATL-SUPPLY,PRICE_DISPUTE,MEDIUM,Routine inquiry / order status check for DIST-MIDATL-SUPPLY,Standard operational correspondence regarding order fulfillment tracking and invoice reconciliation.,-0.3
ZD-TK-2672,2026-04-06T15:02:00Z,NA-Central,DIST-MIDWEST-DIRECT,PRICE_DISPUTE,LOW,Routine inquiry / order status check for DIST-MIDWEST-DIRECT,Standard operational correspondence regarding order fulfillment tracking and invoice reconciliation.,-0.01
ZD-TK-2673,2026-04-06T10:40:00Z,NA-Central,DIST-TEXAS-COMMERCIAL,PRODUCT_QUALITY,MEDIUM,Routine inquiry / order status check for DIST-TEXAS-COMMERCIAL,Standard operational correspondence regarding order fulfillment tracking and invoice reconciliation.,-0.02
ZD-TK-2674,2026-04-06T08:46:00Z,NA-West,DIST-CAL-ENTERPRISE,PRODUCT_QUALITY,MEDIUM,Routine inquiry / order status check for DIST-CAL-ENTERPRISE,Standard operational correspondence regarding order fulfillment tracking and invoice reconciliation.,-0.31
ZD-TK-2675,2026-04-07T16:27:00Z,NA-East,DIST-APEX-EAST,PRICE_DISPUTE,LOW,Routine inquiry / order status check for DIST-APEX-EAST,Standard operational correspondence regarding order fulfillment tracking and invoice reconciliation.,0.22
ZD-TK-2676,2026-04-07T09:28:00Z,NA-East,DIST-APEX-EAST,PRODUCT_QUALITY,LOW,Routine inquiry / order status check for DIST-APEX-EAST,Standard operational correspondence regarding order fulfillment tracking and invoice reconciliation.,0.15
ZD-TK-2677,2026-04-07T09:43:00Z,NA-East,DIST-SUNBELT-PARTS,FULFILLMENT_DELAY,LOW,Routine inquiry / order status check for DIST-SUNBELT-PARTS,Standard operational correspondence regarding order fulfillment tracking and invoice reconciliation.,-0.14
ZD-TK-2678,2026-04-07T13:35:00Z,NA-Central,DIST-TEXAS-COMMERCIAL,PRODUCT_QUALITY,MEDIUM,Routine inquiry / order status check for DIST-TEXAS-COMMERCIAL,Standard operational correspondence regarding order fulfillment tracking and invoice reconciliation.,0.23
ZD-TK-2679,2026-04-07T15:20:00Z,NA-West,DIST-MOUNTAIN-PARTS,PRODUCT_QUALITY,MEDIUM,Routine inquiry / order status check for DIST-MOUNTAIN-PARTS,Standard operational correspondence regarding order fulfillment tracking and invoice reconciliation.,-0.22
ZD-TK-2680,2026-04-08T12:54:00Z,NA-East,DIST-EMPIRE-IND,PRICE_DISPUTE,MEDIUM,Routine inquiry / order status check for DIST-EMPIRE-IND,Standard operational correspondence regarding order fulfillment tracking and invoice reconciliation.,-0.32
ZD-TK-2681,2026-04-08T13:37:00Z,NA-East,DIST-APEX-EAST,PRICE_DISPUTE,MEDIUM,Routine inquiry / order status check for DIST-APEX-EAST,Standard operational correspondence regarding order fulfillment tracking and invoice reconciliation.,0.14
ZD-TK-2682,2026-04-08T17:36:00Z,NA-Central,DIST-TEXAS-COMMERCIAL,PRICE_DISPUTE,MEDIUM,Routine inquiry / order status check for DIST-TEXAS-COMMERCIAL,Standard operational correspondence regarding order fulfillment tracking and invoice reconciliation.,0.25
ZD-TK-2683,2026-04-08T17:47:00Z,NA-Central,DIST-GREATLAKES-SUPPLY,PRODUCT_QUALITY,LOW,Routine inquiry / order status check for DIST-GREATLAKES-SUPPLY,Standard operational correspondence regarding order fulfillment tracking and invoice reconciliation.,-0.3
ZD-TK-2684,2026-04-08T16:11:00Z,NA-Central,DIST-MIDWEST-DIRECT,PRICE_DISPUTE,MEDIUM,Routine inquiry / order status check for DIST-MIDWEST-DIRECT,Standard operational correspondence regarding order fulfillment tracking and invoice reconciliation.,-0.04
ZD-TK-2685,2026-04-08T10:40:00Z,NA-West,DIST-CAL-ENTERPRISE,FULFILLMENT_DELAY,LOW,Routine inquiry / order status check for DIST-CAL-ENTERPRISE,Standard operational correspondence regarding order fulfillment tracking and invoice reconciliation.,0.34
ZD-TK-2686,2026-04-09T15:33:00Z,NA-East,DIST-TRI-STATE-OPS,PRICE_DISPUTE,LOW,Routine inquiry / order status check for DIST-TRI-STATE-OPS,Standard operational correspondence regarding order fulfillment tracking and invoice reconciliation.,-0.27
ZD-TK-2687,2026-04-09T11:29:00Z,NA-East,DIST-EMPIRE-IND,PRODUCT_QUALITY,MEDIUM,Routine inquiry / order status check for DIST-EMPIRE-IND,Standard operational correspondence regarding order fulfillment tracking and invoice reconciliation.,0.27
ZD-TK-2688,2026-04-09T14:48:00Z,NA-Central,DIST-TEXAS-COMMERCIAL,PRODUCT_QUALITY,LOW,Routine inquiry / order status check for DIST-TEXAS-COMMERCIAL,Standard operational correspondence regarding order fulfillment tracking and invoice reconciliation.,0.27
ZD-TK-2689,2026-04-09T09:36:00Z,NA-Central,DIST-MIDWEST-DIRECT,PRODUCT_QUALITY,MEDIUM,Routine inquiry / order status check for DIST-MIDWEST-DIRECT,Standard operational correspondence regarding order fulfillment tracking and invoice reconciliation.,-0.03
ZD-TK-2690,2026-04-09T11:27:00Z,NA-Central,DIST-GREATLAKES-SUPPLY,PRODUCT_QUALITY,LOW,Routine inquiry / order status check for DIST-GREATLAKES-SUPPLY,Standard operational correspondence regarding order fulfillment tracking and invoice reconciliation.,0.1
ZD-TK-2691,2026-04-09T16:04:00Z,NA-West,DIST-CAL-ENTERPRISE,PRODUCT_QUALITY,LOW,Routine inquiry / order status check for DIST-CAL-ENTERPRISE,Standard operational correspondence regarding order fulfillment tracking and invoice reconciliation.,0.05
ZD-TK-2692,2026-04-10T13:16:00Z,NA-East,DIST-TRI-STATE-OPS,FULFILLMENT_DELAY,LOW,Routine inquiry / order status check for DIST-TRI-STATE-OPS,Standard operational correspondence regarding order fulfillment tracking and invoice reconciliation.,0.01
ZD-TK-2693,2026-04-10T08:39:00Z,NA-East,DIST-MIDATL-SUPPLY,PRODUCT_QUALITY,MEDIUM,Routine inquiry / order status check for DIST-MIDATL-SUPPLY,Standard operational correspondence regarding order fulfillment tracking and invoice reconciliation.,0.15
ZD-TK-2694,2026-04-10T12:23:00Z,NA-Central,DIST-GREATLAKES-SUPPLY,PRICE_DISPUTE,LOW,Routine inquiry / order status check for DIST-GREATLAKES-SUPPLY,Standard operational correspondence regarding order fulfillment tracking and invoice reconciliation.,-0.25
ZD-TK-2695,2026-04-10T13:09:00Z,NA-Central,DIST-TEXAS-COMMERCIAL,PRICE_DISPUTE,MEDIUM,Routine inquiry / order status check for DIST-TEXAS-COMMERCIAL,Standard operational correspondence regarding order fulfillment tracking and invoice reconciliation.,0.25
ZD-TK-2696,2026-04-10T10:06:00Z,NA-West,DIST-MOUNTAIN-PARTS,PRICE_DISPUTE,MEDIUM,Routine inquiry / order status check for DIST-MOUNTAIN-PARTS,Standard operational correspondence regarding order fulfillment tracking and invoice reconciliation.,0.14
ZD-TK-2697,2026-04-11T17:45:00Z,NA-East,DIST-APEX-EAST,PRICE_DISPUTE,LOW,Routine inquiry / order status check for DIST-APEX-EAST,Standard operational correspondence regarding order fulfillment tracking and invoice reconciliation.,0.28
ZD-TK-2698,2026-04-11T15:24:00Z,NA-East,DIST-TRI-STATE-OPS,FULFILLMENT_DELAY,MEDIUM,Routine inquiry / order status check for DIST-TRI-STATE-OPS,Standard operational correspondence regarding order fulfillment tracking and invoice reconciliation.,-0.17
ZD-TK-2699,2026-04-11T09:19:00Z,NA-East,DIST-COASTAL-WHOLESALE,PRICE_DISPUTE,LOW,Routine inquiry / order status check for DIST-COASTAL-WHOLESALE,Standard operational correspondence regarding order fulfillment tracking and invoice reconciliation.,-0.0
ZD-TK-2700,2026-04-11T14:21:00Z,NA-Central,DIST-TEXAS-COMMERCIAL,PRODUCT_QUALITY,LOW,Routine inquiry / order status check for DIST-TEXAS-COMMERCIAL,Standard operational correspondence regarding order fulfillment tracking and invoice reconciliation.,-0.11
ZD-TK-2701,2026-04-11T11:22:00Z,NA-Central,DIST-TEXAS-COMMERCIAL,PRICE_DISPUTE,LOW,Routine inquiry / order status check for DIST-TEXAS-COMMERCIAL,Standard operational correspondence regarding order fulfillment tracking and invoice reconciliation.,-0.01
ZD-TK-2702,2026-04-11T17:31:00Z,NA-Central,DIST-MIDWEST-DIRECT,PRODUCT_QUALITY,MEDIUM,Routine inquiry / order status check for DIST-MIDWEST-DIRECT,Standard operational correspondence regarding order fulfillment tracking and invoice reconciliation.,0.06
ZD-TK-2703,2026-04-11T12:39:00Z,NA-West,DIST-PACIFIC-LOGISTICS,PRICE_DISPUTE,MEDIUM,Routine inquiry / order status check for DIST-PACIFIC-LOGISTICS,Standard operational correspondence regarding order fulfillment tracking and invoice reconciliation.,0.34
ZD-TK-2704,2026-04-11T17:24:00Z,NA-West,DIST-PACIFIC-LOGISTICS,PRODUCT_QUALITY,LOW,Routine inquiry / order status check for DIST-PACIFIC-LOGISTICS,Standard operational correspondence regarding order fulfillment tracking and invoice reconciliation.,-0.16
ZD-TK-2705,2026-04-12T13:53:00Z,NA-East,DIST-EMPIRE-IND,PRICE_DISPUTE,MEDIUM,Routine inquiry / order status check for DIST-EMPIRE-IND,Standard operational correspondence regarding order fulfillment tracking and invoice reconciliation.,-0.29
ZD-TK-2706,2026-04-12T16:34:00Z,NA-Central,DIST-MIDWEST-DIRECT,PRODUCT_QUALITY,MEDIUM,Routine inquiry / order status check for DIST-MIDWEST-DIRECT,Standard operational correspondence regarding order fulfillment tracking and invoice reconciliation.,0.1
ZD-TK-2707,2026-04-12T15:21:00Z,NA-Central,DIST-GREATLAKES-SUPPLY,PRICE_DISPUTE,LOW,Routine inquiry / order status check for DIST-GREATLAKES-SUPPLY,Standard operational correspondence regarding order fulfillment tracking and invoice reconciliation.,-0.31
ZD-TK-2708,2026-04-12T13:33:00Z,NA-Central,DIST-GREATLAKES-SUPPLY,PRICE_DISPUTE,LOW,Routine inquiry / order status check for DIST-GREATLAKES-SUPPLY,Standard operational correspondence regarding order fulfillment tracking and invoice reconciliation.,0.1
ZD-TK-2709,2026-04-12T11:52:00Z,NA-West,DIST-PACIFIC-LOGISTICS,PRICE_DISPUTE,MEDIUM,Routine inquiry / order status check for DIST-PACIFIC-LOGISTICS,Standard operational correspondence regarding order fulfillment tracking and invoice reconciliation.,-0.13
ZD-TK-2710,2026-04-12T15:48:00Z,NA-West,DIST-MOUNTAIN-PARTS,PRICE_DISPUTE,LOW,Routine inquiry / order status check for DIST-MOUNTAIN-PARTS,Standard operational correspondence regarding order fulfillment tracking and invoice reconciliation.,0.24
ZD-TK-2711,2026-04-13T10:01:00Z,NA-East,DIST-EMPIRE-IND,PRICE_DISPUTE,MEDIUM,Routine inquiry / order status check for DIST-EMPIRE-IND,Standard operational correspondence regarding order fulfillment tracking and invoice reconciliation.,-0.25
ZD-TK-2712,2026-04-13T10:30:00Z,NA-East,DIST-TRI-STATE-OPS,PRODUCT_QUALITY,LOW,Routine inquiry / order status check for DIST-TRI-STATE-OPS,Standard operational correspondence regarding order fulfillment tracking and invoice reconciliation.,0.18
ZD-TK-2713,2026-04-13T12:32:00Z,NA-East,DIST-COASTAL-WHOLESALE,PRICE_DISPUTE,LOW,Routine inquiry / order status check for DIST-COASTAL-WHOLESALE,Standard operational correspondence regarding order fulfillment tracking and invoice reconciliation.,-0.14
ZD-TK-2714,2026-04-13T14:25:00Z,NA-Central,DIST-TEXAS-COMMERCIAL,PRICE_DISPUTE,MEDIUM,Routine inquiry / order status check for DIST-TEXAS-COMMERCIAL,Standard operational correspondence regarding order fulfillment tracking and invoice reconciliation.,-0.12
ZD-TK-2715,2026-04-13T09:53:00Z,NA-Central,DIST-GREATLAKES-SUPPLY,PRICE_DISPUTE,LOW,Routine inquiry / order status check for DIST-GREATLAKES-SUPPLY,Standard operational correspondence regarding order fulfillment tracking and invoice reconciliation.,-0.3
ZD-TK-2716,2026-04-13T17:48:00Z,NA-Central,DIST-TEXAS-COMMERCIAL,PRICE_DISPUTE,LOW,Routine inquiry / order status check for DIST-TEXAS-COMMERCIAL,Standard operational correspondence regarding order fulfillment tracking and invoice reconciliation.,0.33
ZD-TK-2717,2026-04-13T16:45:00Z,NA-West,DIST-MOUNTAIN-PARTS,FULFILLMENT_DELAY,LOW,Routine inquiry / order status check for DIST-MOUNTAIN-PARTS,Standard operational correspondence regarding order fulfillment tracking and invoice reconciliation.,-0.18
ZD-TK-2718,2026-04-13T09:03:00Z,NA-West,DIST-CAL-ENTERPRISE,FULFILLMENT_DELAY,LOW,Routine inquiry / order status check for DIST-CAL-ENTERPRISE,Standard operational correspondence regarding order fulfillment tracking and invoice reconciliation.,0.11
ZD-TK-2719,2026-04-13T13:42:00Z,NA-West,DIST-MOUNTAIN-PARTS,PRICE_DISPUTE,MEDIUM,Routine inquiry / order status check for DIST-MOUNTAIN-PARTS,Standard operational correspondence regarding order fulfillment tracking and invoice reconciliation.,0.16
ZD-TK-2720,2026-04-14T11:34:00Z,NA-East,DIST-MIDATL-SUPPLY,PRICE_DISPUTE,MEDIUM,Routine inquiry / order status check for DIST-MIDATL-SUPPLY,Standard operational correspondence regarding order fulfillment tracking and invoice reconciliation.,-0.08
ZD-TK-2721,2026-04-14T17:26:00Z,NA-East,DIST-SUNBELT-PARTS,PRICE_DISPUTE,LOW,Routine inquiry / order status check for DIST-SUNBELT-PARTS,Standard operational correspondence regarding order fulfillment tracking and invoice reconciliation.,0.29
ZD-TK-2722,2026-04-14T15:23:00Z,NA-Central,DIST-TEXAS-COMMERCIAL,PRICE_DISPUTE,MEDIUM,Routine inquiry / order status check for DIST-TEXAS-COMMERCIAL,Standard operational correspondence regarding order fulfillment tracking and invoice reconciliation.,-0.27
ZD-TK-2723,2026-04-14T11:12:00Z,NA-Central,DIST-TEXAS-COMMERCIAL,PRICE_DISPUTE,MEDIUM,Routine inquiry / order status check for DIST-TEXAS-COMMERCIAL,Standard operational correspondence regarding order fulfillment tracking and invoice reconciliation.,-0.0
ZD-TK-2724,2026-04-14T12:36:00Z,NA-Central,DIST-GREATLAKES-SUPPLY,PRODUCT_QUALITY,MEDIUM,Routine inquiry / order status check for DIST-GREATLAKES-SUPPLY,Standard operational correspondence regarding order fulfillment tracking and invoice reconciliation.,-0.08
ZD-TK-2725,2026-04-14T12:38:00Z,NA-West,DIST-PACIFIC-LOGISTICS,FULFILLMENT_DELAY,MEDIUM,Routine inquiry / order status check for DIST-PACIFIC-LOGISTICS,Standard operational correspondence regarding order fulfillment tracking and invoice reconciliation.,-0.29
ZD-TK-2726,2026-04-14T13:39:00Z,NA-West,DIST-CAL-ENTERPRISE,PRICE_DISPUTE,MEDIUM,Routine inquiry / order status check for DIST-CAL-ENTERPRISE,Standard operational correspondence regarding order fulfillment tracking and invoice reconciliation.,0.09
ZD-TK-2727,2026-04-14T11:30:00Z,NA-West,DIST-PACIFIC-LOGISTICS,PRODUCT_QUALITY,LOW,Routine inquiry / order status check for DIST-PACIFIC-LOGISTICS,Standard operational correspondence regarding order fulfillment tracking and invoice reconciliation.,-0.19
ZD-TK-2728,2026-04-15T14:59:00Z,NA-East,DIST-SUNBELT-PARTS,PRODUCT_QUALITY,MEDIUM,Routine inquiry / order status check for DIST-SUNBELT-PARTS,Standard operational correspondence regarding order fulfillment tracking and invoice reconciliation.,-0.12
ZD-TK-2729,2026-04-15T13:35:00Z,NA-East,DIST-COASTAL-WHOLESALE,PRODUCT_QUALITY,MEDIUM,Routine inquiry / order status check for DIST-COASTAL-WHOLESALE,Standard operational correspondence regarding order fulfillment tracking and invoice reconciliation.,0.22
ZD-TK-2730,2026-04-15T15:38:00Z,NA-Central,DIST-MIDWEST-DIRECT,FULFILLMENT_DELAY,LOW,Routine inquiry / order status check for DIST-MIDWEST-DIRECT,Standard operational correspondence regarding order fulfillment tracking and invoice reconciliation.,-0.07
ZD-TK-2731,2026-04-15T08:42:00Z,NA-Central,DIST-MIDWEST-DIRECT,PRODUCT_QUALITY,LOW,Routine inquiry / order status check for DIST-MIDWEST-DIRECT,Standard operational correspondence regarding order fulfillment tracking and invoice reconciliation.,0.08
ZD-TK-2732,2026-04-15T15:21:00Z,NA-West,DIST-PACIFIC-LOGISTICS,FULFILLMENT_DELAY,MEDIUM,Routine inquiry / order status check for DIST-PACIFIC-LOGISTICS,Standard operational correspondence regarding order fulfillment tracking and invoice reconciliation.,0.17
ZD-TK-2733,2026-04-16T14:50:00Z,NA-East,DIST-APEX-EAST,PRODUCT_QUALITY,MEDIUM,Routine inquiry / order status check for DIST-APEX-EAST,Standard operational correspondence regarding order fulfillment tracking and invoice reconciliation.,0.23
ZD-TK-2734,2026-04-16T17:51:00Z,NA-East,DIST-APEX-EAST,PRODUCT_QUALITY,LOW,Routine inquiry / order status check for DIST-APEX-EAST,Standard operational correspondence regarding order fulfillment tracking and invoice reconciliation.,-0.29
ZD-TK-2735,2026-04-16T17:21:00Z,NA-East,DIST-EMPIRE-IND,PRODUCT_QUALITY,MEDIUM,Routine inquiry / order status check for DIST-EMPIRE-IND,Standard operational correspondence regarding order fulfillment tracking and invoice reconciliation.,-0.24
ZD-TK-2736,2026-04-16T13:26:00Z,NA-Central,DIST-GREATLAKES-SUPPLY,PRICE_DISPUTE,LOW,Routine inquiry / order status check for DIST-GREATLAKES-SUPPLY,Standard operational correspondence regarding order fulfillment tracking and invoice reconciliation.,-0.0
ZD-TK-2737,2026-04-16T08:10:00Z,NA-Central,DIST-MIDWEST-DIRECT,PRICE_DISPUTE,LOW,Routine inquiry / order status check for DIST-MIDWEST-DIRECT,Standard operational correspondence regarding order fulfillment tracking and invoice reconciliation.,0.2
ZD-TK-2738,2026-04-16T17:26:00Z,NA-Central,DIST-GREATLAKES-SUPPLY,PRODUCT_QUALITY,MEDIUM,Routine inquiry / order status check for DIST-GREATLAKES-SUPPLY,Standard operational correspondence regarding order fulfillment tracking and invoice reconciliation.,-0.27
ZD-TK-2739,2026-04-16T10:44:00Z,NA-West,DIST-CAL-ENTERPRISE,FULFILLMENT_DELAY,LOW,Routine inquiry / order status check for DIST-CAL-ENTERPRISE,Standard operational correspondence regarding order fulfillment tracking and invoice reconciliation.,0.13
ZD-TK-2740,2026-04-16T14:59:00Z,NA-West,DIST-PACIFIC-LOGISTICS,PRICE_DISPUTE,MEDIUM,Routine inquiry / order status check for DIST-PACIFIC-LOGISTICS,Standard operational correspondence regarding order fulfillment tracking and invoice reconciliation.,-0.26
ZD-TK-2741,2026-04-17T12:27:00Z,NA-East,DIST-SUNBELT-PARTS,FULFILLMENT_DELAY,MEDIUM,Routine inquiry / order status check for DIST-SUNBELT-PARTS,Standard operational correspondence regarding order fulfillment tracking and invoice reconciliation.,-0.05
ZD-TK-2742,2026-04-17T16:52:00Z,NA-East,DIST-COASTAL-WHOLESALE,PRODUCT_QUALITY,LOW,Routine inquiry / order status check for DIST-COASTAL-WHOLESALE,Standard operational correspondence regarding order fulfillment tracking and invoice reconciliation.,0.22
ZD-TK-2743,2026-04-17T15:20:00Z,NA-Central,DIST-GREATLAKES-SUPPLY,FULFILLMENT_DELAY,LOW,Routine inquiry / order status check for DIST-GREATLAKES-SUPPLY,Standard operational correspondence regarding order fulfillment tracking and invoice reconciliation.,-0.32
ZD-TK-2744,2026-04-17T12:03:00Z,NA-Central,DIST-GREATLAKES-SUPPLY,FULFILLMENT_DELAY,LOW,Routine inquiry / order status check for DIST-GREATLAKES-SUPPLY,Standard operational correspondence regarding order fulfillment tracking and invoice reconciliation.,-0.26
ZD-TK-2745,2026-04-17T12:49:00Z,NA-Central,DIST-MIDWEST-DIRECT,PRODUCT_QUALITY,MEDIUM,Routine inquiry / order status check for DIST-MIDWEST-DIRECT,Standard operational correspondence regarding order fulfillment tracking and invoice reconciliation.,0.33
ZD-TK-2746,2026-04-17T13:42:00Z,NA-West,DIST-CAL-ENTERPRISE,FULFILLMENT_DELAY,LOW,Routine inquiry / order status check for DIST-CAL-ENTERPRISE,Standard operational correspondence regarding order fulfillment tracking and invoice reconciliation.,-0.29
ZD-TK-2747,2026-04-18T09:32:00Z,NA-East,DIST-MIDATL-SUPPLY,PRICE_DISPUTE,MEDIUM,Routine inquiry / order status check for DIST-MIDATL-SUPPLY,Standard operational correspondence regarding order fulfillment tracking and invoice reconciliation.,-0.05
ZD-TK-2748,2026-04-18T11:23:00Z,NA-Central,DIST-MIDWEST-DIRECT,PRODUCT_QUALITY,MEDIUM,Routine inquiry / order status check for DIST-MIDWEST-DIRECT,Standard operational correspondence regarding order fulfillment tracking and invoice reconciliation.,0.09
ZD-TK-2749,2026-04-18T14:01:00Z,NA-Central,DIST-GREATLAKES-SUPPLY,PRODUCT_QUALITY,LOW,Routine inquiry / order status check for DIST-GREATLAKES-SUPPLY,Standard operational correspondence regarding order fulfillment tracking and invoice reconciliation.,-0.19
ZD-TK-2750,2026-04-18T11:57:00Z,NA-Central,DIST-GREATLAKES-SUPPLY,PRICE_DISPUTE,MEDIUM,Routine inquiry / order status check for DIST-GREATLAKES-SUPPLY,Standard operational correspondence regarding order fulfillment tracking and invoice reconciliation.,-0.09
ZD-TK-2751,2026-04-18T15:45:00Z,NA-West,DIST-MOUNTAIN-PARTS,PRODUCT_QUALITY,MEDIUM,Routine inquiry / order status check for DIST-MOUNTAIN-PARTS,Standard operational correspondence regarding order fulfillment tracking and invoice reconciliation.,-0.1
ZD-TK-2752,2026-04-18T14:20:00Z,NA-West,DIST-CAL-ENTERPRISE,PRICE_DISPUTE,MEDIUM,Routine inquiry / order status check for DIST-CAL-ENTERPRISE,Standard operational correspondence regarding order fulfillment tracking and invoice reconciliation.,-0.27
ZD-TK-2753,2026-04-18T15:46:00Z,NA-West,DIST-CAL-ENTERPRISE,PRODUCT_QUALITY,LOW,Routine inquiry / order status check for DIST-CAL-ENTERPRISE,Standard operational correspondence regarding order fulfillment tracking and invoice reconciliation.,-0.19
ZD-TK-2754,2026-04-19T09:13:00Z,NA-East,DIST-APEX-EAST,PRICE_DISPUTE,LOW,Routine inquiry / order status check for DIST-APEX-EAST,Standard operational correspondence regarding order fulfillment tracking and invoice reconciliation.,-0.28
ZD-TK-2755,2026-04-19T12:09:00Z,NA-East,DIST-APEX-EAST,PRODUCT_QUALITY,LOW,Routine inquiry / order status check for DIST-APEX-EAST,Standard operational correspondence regarding order fulfillment tracking and invoice reconciliation.,-0.26
ZD-TK-2756,2026-04-19T16:29:00Z,NA-Central,DIST-TEXAS-COMMERCIAL,FULFILLMENT_DELAY,MEDIUM,Routine inquiry / order status check for DIST-TEXAS-COMMERCIAL,Standard operational correspondence regarding order fulfillment tracking and invoice reconciliation.,0.13
ZD-TK-2757,2026-04-19T16:45:00Z,NA-West,DIST-PACIFIC-LOGISTICS,PRICE_DISPUTE,MEDIUM,Routine inquiry / order status check for DIST-PACIFIC-LOGISTICS,Standard operational correspondence regarding order fulfillment tracking and invoice reconciliation.,0.15
ZD-TK-2758,2026-04-19T11:39:00Z,NA-West,DIST-CAL-ENTERPRISE,PRICE_DISPUTE,MEDIUM,Routine inquiry / order status check for DIST-CAL-ENTERPRISE,Standard operational correspondence regarding order fulfillment tracking and invoice reconciliation.,0.15
ZD-TK-2759,2026-04-20T15:31:00Z,NA-East,DIST-TRI-STATE-OPS,PRODUCT_QUALITY,MEDIUM,Routine inquiry / order status check for DIST-TRI-STATE-OPS,Standard operational correspondence regarding order fulfillment tracking and invoice reconciliation.,-0.04
ZD-TK-2760,2026-04-20T17:36:00Z,NA-Central,DIST-TEXAS-COMMERCIAL,PRODUCT_QUALITY,LOW,Routine inquiry / order status check for DIST-TEXAS-COMMERCIAL,Standard operational correspondence regarding order fulfillment tracking and invoice reconciliation.,-0.26
ZD-TK-2761,2026-04-20T11:33:00Z,NA-Central,DIST-TEXAS-COMMERCIAL,FULFILLMENT_DELAY,MEDIUM,Routine inquiry / order status check for DIST-TEXAS-COMMERCIAL,Standard operational correspondence regarding order fulfillment tracking and invoice reconciliation.,0.08
ZD-TK-2762,2026-04-20T16:40:00Z,NA-Central,DIST-TEXAS-COMMERCIAL,FULFILLMENT_DELAY,LOW,Routine inquiry / order status check for DIST-TEXAS-COMMERCIAL,Standard operational correspondence regarding order fulfillment tracking and invoice reconciliation.,-0.08
ZD-TK-2763,2026-04-20T12:55:00Z,NA-West,DIST-CAL-ENTERPRISE,PRODUCT_QUALITY,MEDIUM,Routine inquiry / order status check for DIST-CAL-ENTERPRISE,Standard operational correspondence regarding order fulfillment tracking and invoice reconciliation.,-0.22
ZD-TK-2764,2026-04-20T10:21:00Z,NA-West,DIST-CAL-ENTERPRISE,PRICE_DISPUTE,MEDIUM,Routine inquiry / order status check for DIST-CAL-ENTERPRISE,Standard operational correspondence regarding order fulfillment tracking and invoice reconciliation.,-0.31
ZD-TK-2765,2026-04-20T10:54:00Z,NA-West,DIST-CAL-ENTERPRISE,PRODUCT_QUALITY,LOW,Routine inquiry / order status check for DIST-CAL-ENTERPRISE,Standard operational correspondence regarding order fulfillment tracking and invoice reconciliation.,-0.02
ZD-TK-2766,2026-04-21T08:31:00Z,NA-East,DIST-EMPIRE-IND,PRODUCT_QUALITY,MEDIUM,Routine inquiry / order status check for DIST-EMPIRE-IND,Standard operational correspondence regarding order fulfillment tracking and invoice reconciliation.,-0.24
ZD-TK-2767,2026-04-21T12:54:00Z,NA-East,DIST-SUNBELT-PARTS,PRICE_DISPUTE,MEDIUM,Routine inquiry / order status check for DIST-SUNBELT-PARTS,Standard operational correspondence regarding order fulfillment tracking and invoice reconciliation.,0.27
ZD-TK-2768,2026-04-21T10:31:00Z,NA-East,DIST-TRI-STATE-OPS,FULFILLMENT_DELAY,LOW,Routine inquiry / order status check for DIST-TRI-STATE-OPS,Standard operational correspondence regarding order fulfillment tracking and invoice reconciliation.,0.21
ZD-TK-2769,2026-04-21T11:23:00Z,NA-Central,DIST-GREATLAKES-SUPPLY,PRICE_DISPUTE,MEDIUM,Routine inquiry / order status check for DIST-GREATLAKES-SUPPLY,Standard operational correspondence regarding order fulfillment tracking and invoice reconciliation.,-0.04
ZD-TK-2770,2026-04-21T17:23:00Z,NA-West,DIST-MOUNTAIN-PARTS,FULFILLMENT_DELAY,MEDIUM,Routine inquiry / order status check for DIST-MOUNTAIN-PARTS,Standard operational correspondence regarding order fulfillment tracking and invoice reconciliation.,-0.17
ZD-TK-2771,2026-04-21T12:23:00Z,NA-West,DIST-CAL-ENTERPRISE,PRICE_DISPUTE,MEDIUM,Routine inquiry / order status check for DIST-CAL-ENTERPRISE,Standard operational correspondence regarding order fulfillment tracking and invoice reconciliation.,0.26
ZD-TK-2772,2026-04-22T10:52:00Z,NA-East,DIST-SUNBELT-PARTS,PRICE_DISPUTE,LOW,Routine inquiry / order status check for DIST-SUNBELT-PARTS,Standard operational correspondence regarding order fulfillment tracking and invoice reconciliation.,-0.28
ZD-TK-2773,2026-04-22T17:42:00Z,NA-Central,DIST-TEXAS-COMMERCIAL,PRODUCT_QUALITY,LOW,Routine inquiry / order status check for DIST-TEXAS-COMMERCIAL,Standard operational correspondence regarding order fulfillment tracking and invoice reconciliation.,0.1
ZD-TK-2774,2026-04-22T08:46:00Z,NA-West,DIST-MOUNTAIN-PARTS,PRICE_DISPUTE,MEDIUM,Routine inquiry / order status check for DIST-MOUNTAIN-PARTS,Standard operational correspondence regarding order fulfillment tracking and invoice reconciliation.,-0.31
ZD-TK-2775,2026-04-22T09:10:00Z,NA-West,DIST-CAL-ENTERPRISE,PRICE_DISPUTE,MEDIUM,Routine inquiry / order status check for DIST-CAL-ENTERPRISE,Standard operational correspondence regarding order fulfillment tracking and invoice reconciliation.,-0.13
ZD-TK-2776,2026-04-23T15:33:00Z,NA-East,DIST-APEX-EAST,FULFILLMENT_DELAY,LOW,Routine inquiry / order status check for DIST-APEX-EAST,Standard operational correspondence regarding order fulfillment tracking and invoice reconciliation.,0.17
ZD-TK-2777,2026-04-23T11:13:00Z,NA-East,DIST-SUNBELT-PARTS,PRICE_DISPUTE,LOW,Routine inquiry / order status check for DIST-SUNBELT-PARTS,Standard operational correspondence regarding order fulfillment tracking and invoice reconciliation.,-0.35
ZD-TK-2778,2026-04-23T08:54:00Z,NA-Central,DIST-GREATLAKES-SUPPLY,PRICE_DISPUTE,MEDIUM,Routine inquiry / order status check for DIST-GREATLAKES-SUPPLY,Standard operational correspondence regarding order fulfillment tracking and invoice reconciliation.,0.27
ZD-TK-2779,2026-04-23T12:25:00Z,NA-Central,DIST-TEXAS-COMMERCIAL,FULFILLMENT_DELAY,MEDIUM,Routine inquiry / order status check for DIST-TEXAS-COMMERCIAL,Standard operational correspondence regarding order fulfillment tracking and invoice reconciliation.,-0.29
ZD-TK-2780,2026-04-23T09:41:00Z,NA-Central,DIST-MIDWEST-DIRECT,PRICE_DISPUTE,MEDIUM,Routine inquiry / order status check for DIST-MIDWEST-DIRECT,Standard operational correspondence regarding order fulfillment tracking and invoice reconciliation.,0.26
ZD-TK-2781,2026-04-23T10:07:00Z,NA-West,DIST-MOUNTAIN-PARTS,FULFILLMENT_DELAY,LOW,Routine inquiry / order status check for DIST-MOUNTAIN-PARTS,Standard operational correspondence regarding order fulfillment tracking and invoice reconciliation.,-0.01
ZD-TK-2782,2026-04-23T12:11:00Z,NA-West,DIST-MOUNTAIN-PARTS,PRODUCT_QUALITY,MEDIUM,Routine inquiry / order status check for DIST-MOUNTAIN-PARTS,Standard operational correspondence regarding order fulfillment tracking and invoice reconciliation.,-0.17
ZD-TK-2783,2026-04-24T09:39:00Z,NA-East,DIST-TRI-STATE-OPS,PRODUCT_QUALITY,LOW,Routine inquiry / order status check for DIST-TRI-STATE-OPS,Standard operational correspondence regarding order fulfillment tracking and invoice reconciliation.,0.08
ZD-TK-2784,2026-04-24T15:02:00Z,NA-Central,DIST-TEXAS-COMMERCIAL,PRICE_DISPUTE,LOW,Routine inquiry / order status check for DIST-TEXAS-COMMERCIAL,Standard operational correspondence regarding order fulfillment tracking and invoice reconciliation.,0.21
ZD-TK-2785,2026-04-24T15:13:00Z,NA-Central,DIST-GREATLAKES-SUPPLY,PRICE_DISPUTE,MEDIUM,Routine inquiry / order status check for DIST-GREATLAKES-SUPPLY,Standard operational correspondence regarding order fulfillment tracking and invoice reconciliation.,-0.32
ZD-TK-2786,2026-04-24T17:10:00Z,NA-West,DIST-PACIFIC-LOGISTICS,PRICE_DISPUTE,MEDIUM,Routine inquiry / order status check for DIST-PACIFIC-LOGISTICS,Standard operational correspondence regarding order fulfillment tracking and invoice reconciliation.,0.18
ZD-TK-2787,2026-04-24T14:41:00Z,NA-West,DIST-CAL-ENTERPRISE,PRICE_DISPUTE,LOW,Routine inquiry / order status check for DIST-CAL-ENTERPRISE,Standard operational correspondence regarding order fulfillment tracking and invoice reconciliation.,0.16
ZD-TK-2788,2026-04-25T13:08:00Z,NA-East,DIST-SUNBELT-PARTS,FULFILLMENT_DELAY,MEDIUM,Routine inquiry / order status check for DIST-SUNBELT-PARTS,Standard operational correspondence regarding order fulfillment tracking and invoice reconciliation.,0.24
ZD-TK-2789,2026-04-25T14:06:00Z,NA-East,DIST-MIDATL-SUPPLY,PRICE_DISPUTE,LOW,Routine inquiry / order status check for DIST-MIDATL-SUPPLY,Standard operational correspondence regarding order fulfillment tracking and invoice reconciliation.,-0.08
ZD-TK-2790,2026-04-25T14:06:00Z,NA-East,DIST-TRI-STATE-OPS,PRICE_DISPUTE,LOW,Routine inquiry / order status check for DIST-TRI-STATE-OPS,Standard operational correspondence regarding order fulfillment tracking and invoice reconciliation.,0.07
ZD-TK-2791,2026-04-25T12:18:00Z,NA-Central,DIST-GREATLAKES-SUPPLY,FULFILLMENT_DELAY,MEDIUM,Routine inquiry / order status check for DIST-GREATLAKES-SUPPLY,Standard operational correspondence regarding order fulfillment tracking and invoice reconciliation.,0.32
ZD-TK-2792,2026-04-25T17:41:00Z,NA-Central,DIST-GREATLAKES-SUPPLY,FULFILLMENT_DELAY,LOW,Routine inquiry / order status check for DIST-GREATLAKES-SUPPLY,Standard operational correspondence regarding order fulfillment tracking and invoice reconciliation.,0.28
ZD-TK-2793,2026-04-25T15:42:00Z,NA-Central,DIST-TEXAS-COMMERCIAL,PRICE_DISPUTE,LOW,Routine inquiry / order status check for DIST-TEXAS-COMMERCIAL,Standard operational correspondence regarding order fulfillment tracking and invoice reconciliation.,-0.17
ZD-TK-2794,2026-04-25T16:46:00Z,NA-West,DIST-CAL-ENTERPRISE,FULFILLMENT_DELAY,LOW,Routine inquiry / order status check for DIST-CAL-ENTERPRISE,Standard operational correspondence regarding order fulfillment tracking and invoice reconciliation.,-0.13
ZD-TK-2795,2026-04-25T13:26:00Z,NA-West,DIST-CAL-ENTERPRISE,FULFILLMENT_DELAY,MEDIUM,Routine inquiry / order status check for DIST-CAL-ENTERPRISE,Standard operational correspondence regarding order fulfillment tracking and invoice reconciliation.,0.12
ZD-TK-2796,2026-04-25T08:34:00Z,NA-West,DIST-CAL-ENTERPRISE,PRICE_DISPUTE,LOW,Routine inquiry / order status check for DIST-CAL-ENTERPRISE,Standard operational correspondence regarding order fulfillment tracking and invoice reconciliation.,0.31
ZD-TK-2797,2026-04-26T11:35:00Z,NA-East,DIST-APEX-EAST,PRODUCT_QUALITY,MEDIUM,Routine inquiry / order status check for DIST-APEX-EAST,Standard operational correspondence regarding order fulfillment tracking and invoice reconciliation.,0.01
ZD-TK-2798,2026-04-26T16:43:00Z,NA-Central,DIST-MIDWEST-DIRECT,PRODUCT_QUALITY,LOW,Routine inquiry / order status check for DIST-MIDWEST-DIRECT,Standard operational correspondence regarding order fulfillment tracking and invoice reconciliation.,-0.33
ZD-TK-2799,2026-04-26T16:46:00Z,NA-West,DIST-CAL-ENTERPRISE,PRICE_DISPUTE,MEDIUM,Routine inquiry / order status check for DIST-CAL-ENTERPRISE,Standard operational correspondence regarding order fulfillment tracking and invoice reconciliation.,-0.23
ZD-TK-2800,2026-04-26T12:15:00Z,NA-West,DIST-MOUNTAIN-PARTS,FULFILLMENT_DELAY,MEDIUM,Routine inquiry / order status check for DIST-MOUNTAIN-PARTS,Standard operational correspondence regarding order fulfillment tracking and invoice reconciliation.,-0.21
ZD-TK-2801,2026-04-26T09:59:00Z,NA-West,DIST-MOUNTAIN-PARTS,PRODUCT_QUALITY,MEDIUM,Routine inquiry / order status check for DIST-MOUNTAIN-PARTS,Standard operational correspondence regarding order fulfillment tracking and invoice reconciliation.,-0.04
ZD-TK-2802,2026-04-27T09:29:00Z,NA-East,DIST-EMPIRE-IND,FULFILLMENT_DELAY,LOW,Routine inquiry / order status check for DIST-EMPIRE-IND,Standard operational correspondence regarding order fulfillment tracking and invoice reconciliation.,0.02
ZD-TK-2803,2026-04-27T13:28:00Z,NA-East,DIST-COASTAL-WHOLESALE,PRODUCT_QUALITY,LOW,Routine inquiry / order status check for DIST-COASTAL-WHOLESALE,Standard operational correspondence regarding order fulfillment tracking and invoice reconciliation.,-0.11
ZD-TK-2804,2026-04-27T11:56:00Z,NA-Central,DIST-TEXAS-COMMERCIAL,PRODUCT_QUALITY,MEDIUM,Routine inquiry / order status check for DIST-TEXAS-COMMERCIAL,Standard operational correspondence regarding order fulfillment tracking and invoice reconciliation.,0.06
ZD-TK-2805,2026-04-27T12:20:00Z,NA-Central,DIST-TEXAS-COMMERCIAL,PRICE_DISPUTE,LOW,Routine inquiry / order status check for DIST-TEXAS-COMMERCIAL,Standard operational correspondence regarding order fulfillment tracking and invoice reconciliation.,0.21
ZD-TK-2806,2026-04-27T09:54:00Z,NA-West,DIST-MOUNTAIN-PARTS,FULFILLMENT_DELAY,MEDIUM,Routine inquiry / order status check for DIST-MOUNTAIN-PARTS,Standard operational correspondence regarding order fulfillment tracking and invoice reconciliation.,-0.11
ZD-TK-2807,2026-04-27T17:43:00Z,NA-West,DIST-CAL-ENTERPRISE,FULFILLMENT_DELAY,MEDIUM,Routine inquiry / order status check for DIST-CAL-ENTERPRISE,Standard operational correspondence regarding order fulfillment tracking and invoice reconciliation.,0.29
ZD-TK-2808,2026-04-27T08:05:00Z,NA-West,DIST-PACIFIC-LOGISTICS,PRODUCT_QUALITY,MEDIUM,Routine inquiry / order status check for DIST-PACIFIC-LOGISTICS,Standard operational correspondence regarding order fulfillment tracking and invoice reconciliation.,-0.19
ZD-TK-2809,2026-04-28T14:53:00Z,NA-East,DIST-SUNBELT-PARTS,PRICE_DISPUTE,MEDIUM,Routine inquiry / order status check for DIST-SUNBELT-PARTS,Standard operational correspondence regarding order fulfillment tracking and invoice reconciliation.,-0.13
ZD-TK-2810,2026-04-28T17:56:00Z,NA-Central,DIST-MIDWEST-DIRECT,PRODUCT_QUALITY,LOW,Routine inquiry / order status check for DIST-MIDWEST-DIRECT,Standard operational correspondence regarding order fulfillment tracking and invoice reconciliation.,-0.04
ZD-TK-2811,2026-04-28T11:40:00Z,NA-Central,DIST-TEXAS-COMMERCIAL,FULFILLMENT_DELAY,MEDIUM,Routine inquiry / order status check for DIST-TEXAS-COMMERCIAL,Standard operational correspondence regarding order fulfillment tracking and invoice reconciliation.,0.19
ZD-TK-2812,2026-04-28T12:24:00Z,NA-West,DIST-PACIFIC-LOGISTICS,PRICE_DISPUTE,MEDIUM,Routine inquiry / order status check for DIST-PACIFIC-LOGISTICS,Standard operational correspondence regarding order fulfillment tracking and invoice reconciliation.,-0.01
ZD-TK-2813,2026-04-28T14:30:00Z,NA-West,DIST-MOUNTAIN-PARTS,PRODUCT_QUALITY,MEDIUM,Routine inquiry / order status check for DIST-MOUNTAIN-PARTS,Standard operational correspondence regarding order fulfillment tracking and invoice reconciliation.,-0.08
ZD-TK-2814,2026-04-28T08:49:00Z,NA-West,DIST-MOUNTAIN-PARTS,PRODUCT_QUALITY,LOW,Routine inquiry / order status check for DIST-MOUNTAIN-PARTS,Standard operational correspondence regarding order fulfillment tracking and invoice reconciliation.,-0.09
ZD-TK-2815,2026-04-29T09:01:00Z,NA-East,DIST-EMPIRE-IND,PRICE_DISPUTE,MEDIUM,Routine inquiry / order status check for DIST-EMPIRE-IND,Standard operational correspondence regarding order fulfillment tracking and invoice reconciliation.,0.11
ZD-TK-2816,2026-04-29T08:18:00Z,NA-Central,DIST-TEXAS-COMMERCIAL,PRODUCT_QUALITY,MEDIUM,Routine inquiry / order status check for DIST-TEXAS-COMMERCIAL,Standard operational correspondence regarding order fulfillment tracking and invoice reconciliation.,-0.21
ZD-TK-2817,2026-04-29T12:24:00Z,NA-West,DIST-MOUNTAIN-PARTS,FULFILLMENT_DELAY,LOW,Routine inquiry / order status check for DIST-MOUNTAIN-PARTS,Standard operational correspondence regarding order fulfillment tracking and invoice reconciliation.,-0.01
ZD-TK-2818,2026-04-29T17:17:00Z,NA-West,DIST-PACIFIC-LOGISTICS,FULFILLMENT_DELAY,MEDIUM,Routine inquiry / order status check for DIST-PACIFIC-LOGISTICS,Standard operational correspondence regarding order fulfillment tracking and invoice reconciliation.,-0.25
ZD-TK-2819,2026-04-29T13:17:00Z,NA-West,DIST-PACIFIC-LOGISTICS,PRODUCT_QUALITY,LOW,Routine inquiry / order status check for DIST-PACIFIC-LOGISTICS,Standard operational correspondence regarding order fulfillment tracking and invoice reconciliation.,-0.1
ZD-TK-2820,2026-04-30T15:22:00Z,NA-East,DIST-APEX-EAST,PRODUCT_QUALITY,LOW,Routine inquiry / order status check for DIST-APEX-EAST,Standard operational correspondence regarding order fulfillment tracking and invoice reconciliation.,-0.03
ZD-TK-2821,2026-04-30T11:49:00Z,NA-Central,DIST-MIDWEST-DIRECT,PRICE_DISPUTE,LOW,Routine inquiry / order status check for DIST-MIDWEST-DIRECT,Standard operational correspondence regarding order fulfillment tracking and invoice reconciliation.,0.12
ZD-TK-2822,2026-04-30T17:39:00Z,NA-Central,DIST-GREATLAKES-SUPPLY,FULFILLMENT_DELAY,LOW,Routine inquiry / order status check for DIST-GREATLAKES-SUPPLY,Standard operational correspondence regarding order fulfillment tracking and invoice reconciliation.,-0.12
ZD-TK-2823,2026-04-30T08:46:00Z,NA-West,DIST-PACIFIC-LOGISTICS,PRICE_DISPUTE,LOW,Routine inquiry / order status check for DIST-PACIFIC-LOGISTICS,Standard operational correspondence regarding order fulfillment tracking and invoice reconciliation.,0.23
ZD-TK-2824,2026-05-01T10:44:00Z,NA-East,DIST-COASTAL-WHOLESALE,PRICE_DISPUTE,LOW,Routine inquiry / order status check for DIST-COASTAL-WHOLESALE,Standard operational correspondence regarding order fulfillment tracking and invoice reconciliation.,-0.25
ZD-TK-2825,2026-05-01T09:11:00Z,NA-East,DIST-EMPIRE-IND,FULFILLMENT_DELAY,MEDIUM,Routine inquiry / order status check for DIST-EMPIRE-IND,Standard operational correspondence regarding order fulfillment tracking and invoice reconciliation.,0.31
ZD-TK-2826,2026-05-01T14:27:00Z,NA-Central,DIST-MIDWEST-DIRECT,FULFILLMENT_DELAY,MEDIUM,Routine inquiry / order status check for DIST-MIDWEST-DIRECT,Standard operational correspondence regarding order fulfillment tracking and invoice reconciliation.,-0.22
ZD-TK-2827,2026-05-01T15:50:00Z,NA-Central,DIST-TEXAS-COMMERCIAL,PRODUCT_QUALITY,LOW,Routine inquiry / order status check for DIST-TEXAS-COMMERCIAL,Standard operational correspondence regarding order fulfillment tracking and invoice reconciliation.,-0.02
ZD-TK-2828,2026-05-01T12:47:00Z,NA-Central,DIST-MIDWEST-DIRECT,FULFILLMENT_DELAY,MEDIUM,Routine inquiry / order status check for DIST-MIDWEST-DIRECT,Standard operational correspondence regarding order fulfillment tracking and invoice reconciliation.,-0.32
ZD-TK-2829,2026-05-01T10:34:00Z,NA-West,DIST-MOUNTAIN-PARTS,FULFILLMENT_DELAY,LOW,Routine inquiry / order status check for DIST-MOUNTAIN-PARTS,Standard operational correspondence regarding order fulfillment tracking and invoice reconciliation.,0.17
ZD-TK-2830,2026-05-02T17:50:00Z,NA-East,DIST-MIDATL-SUPPLY,PRODUCT_QUALITY,LOW,Routine inquiry / order status check for DIST-MIDATL-SUPPLY,Standard operational correspondence regarding order fulfillment tracking and invoice reconciliation.,-0.12
ZD-TK-2831,2026-05-02T15:41:00Z,NA-Central,DIST-GREATLAKES-SUPPLY,FULFILLMENT_DELAY,MEDIUM,Routine inquiry / order status check for DIST-GREATLAKES-SUPPLY,Standard operational correspondence regarding order fulfillment tracking and invoice reconciliation.,0.24
ZD-TK-2832,2026-05-02T10:16:00Z,NA-Central,DIST-TEXAS-COMMERCIAL,PRICE_DISPUTE,LOW,Routine inquiry / order status check for DIST-TEXAS-COMMERCIAL,Standard operational correspondence regarding order fulfillment tracking and invoice reconciliation.,-0.05
ZD-TK-2833,2026-05-02T16:04:00Z,NA-Central,DIST-GREATLAKES-SUPPLY,FULFILLMENT_DELAY,MEDIUM,Routine inquiry / order status check for DIST-GREATLAKES-SUPPLY,Standard operational correspondence regarding order fulfillment tracking and invoice reconciliation.,-0.0
ZD-TK-2834,2026-05-02T08:30:00Z,NA-West,DIST-CAL-ENTERPRISE,PRICE_DISPUTE,LOW,Routine inquiry / order status check for DIST-CAL-ENTERPRISE,Standard operational correspondence regarding order fulfillment tracking and invoice reconciliation.,-0.18
ZD-TK-2835,2026-05-02T12:29:00Z,NA-West,DIST-PACIFIC-LOGISTICS,PRICE_DISPUTE,LOW,Routine inquiry / order status check for DIST-PACIFIC-LOGISTICS,Standard operational correspondence regarding order fulfillment tracking and invoice reconciliation.,-0.05
ZD-TK-2836,2026-05-03T13:00:00Z,NA-East,DIST-COASTAL-WHOLESALE,PRODUCT_QUALITY,LOW,Routine inquiry / order status check for DIST-COASTAL-WHOLESALE,Standard operational correspondence regarding order fulfillment tracking and invoice reconciliation.,0.1
ZD-TK-2837,2026-05-03T10:32:00Z,NA-East,DIST-TRI-STATE-OPS,FULFILLMENT_DELAY,MEDIUM,Routine inquiry / order status check for DIST-TRI-STATE-OPS,Standard operational correspondence regarding order fulfillment tracking and invoice reconciliation.,0.17
ZD-TK-2838,2026-05-03T14:41:00Z,NA-East,DIST-MIDATL-SUPPLY,PRICE_DISPUTE,LOW,Routine inquiry / order status check for DIST-MIDATL-SUPPLY,Standard operational correspondence regarding order fulfillment tracking and invoice reconciliation.,-0.3
ZD-TK-2839,2026-05-03T15:25:00Z,NA-Central,DIST-MIDWEST-DIRECT,PRICE_DISPUTE,LOW,Routine inquiry / order status check for DIST-MIDWEST-DIRECT,Standard operational correspondence regarding order fulfillment tracking and invoice reconciliation.,0.01
ZD-TK-2840,2026-05-03T17:23:00Z,NA-West,DIST-CAL-ENTERPRISE,FULFILLMENT_DELAY,MEDIUM,Routine inquiry / order status check for DIST-CAL-ENTERPRISE,Standard operational correspondence regarding order fulfillment tracking and invoice reconciliation.,-0.3
ZD-TK-2841,2026-05-03T14:56:00Z,NA-West,DIST-CAL-ENTERPRISE,FULFILLMENT_DELAY,MEDIUM,Routine inquiry / order status check for DIST-CAL-ENTERPRISE,Standard operational correspondence regarding order fulfillment tracking and invoice reconciliation.,-0.17
ZD-TK-2842,2026-05-03T17:20:00Z,NA-West,DIST-CAL-ENTERPRISE,PRICE_DISPUTE,MEDIUM,Routine inquiry / order status check for DIST-CAL-ENTERPRISE,Standard operational correspondence regarding order fulfillment tracking and invoice reconciliation.,0.15
ZD-TK-2843,2026-05-04T09:01:00Z,NA-East,DIST-APEX-EAST,FULFILLMENT_DELAY,LOW,Routine inquiry / order status check for DIST-APEX-EAST,Standard operational correspondence regarding order fulfillment tracking and invoice reconciliation.,-0.17
ZD-TK-2844,2026-05-04T11:05:00Z,NA-Central,DIST-TEXAS-COMMERCIAL,FULFILLMENT_DELAY,LOW,Routine inquiry / order status check for DIST-TEXAS-COMMERCIAL,Standard operational correspondence regarding order fulfillment tracking and invoice reconciliation.,0.11
ZD-TK-2845,2026-05-04T09:33:00Z,NA-West,DIST-MOUNTAIN-PARTS,PRICE_DISPUTE,LOW,Routine inquiry / order status check for DIST-MOUNTAIN-PARTS,Standard operational correspondence regarding order fulfillment tracking and invoice reconciliation.,0.07
ZD-TK-2846,2026-05-04T11:07:00Z,NA-West,DIST-MOUNTAIN-PARTS,FULFILLMENT_DELAY,MEDIUM,Routine inquiry / order status check for DIST-MOUNTAIN-PARTS,Standard operational correspondence regarding order fulfillment tracking and invoice reconciliation.,0.2
ZD-TK-2847,2026-05-05T13:25:00Z,NA-East,DIST-TRI-STATE-OPS,PRODUCT_QUALITY,LOW,Routine inquiry / order status check for DIST-TRI-STATE-OPS,Standard operational correspondence regarding order fulfillment tracking and invoice reconciliation.,-0.24
ZD-TK-2848,2026-05-05T09:23:00Z,NA-East,DIST-MIDATL-SUPPLY,PRICE_DISPUTE,LOW,Routine inquiry / order status check for DIST-MIDATL-SUPPLY,Standard operational correspondence regarding order fulfillment tracking and invoice reconciliation.,0.24
ZD-TK-2849,2026-05-05T13:23:00Z,NA-Central,DIST-MIDWEST-DIRECT,PRODUCT_QUALITY,MEDIUM,Routine inquiry / order status check for DIST-MIDWEST-DIRECT,Standard operational correspondence regarding order fulfillment tracking and invoice reconciliation.,-0.05
ZD-TK-2850,2026-05-05T11:27:00Z,NA-West,DIST-PACIFIC-LOGISTICS,FULFILLMENT_DELAY,MEDIUM,Routine inquiry / order status check for DIST-PACIFIC-LOGISTICS,Standard operational correspondence regarding order fulfillment tracking and invoice reconciliation.,-0.06
ZD-TK-2851,2026-05-05T09:59:00Z,NA-West,DIST-CAL-ENTERPRISE,FULFILLMENT_DELAY,MEDIUM,Routine inquiry / order status check for DIST-CAL-ENTERPRISE,Standard operational correspondence regarding order fulfillment tracking and invoice reconciliation.,-0.21
ZD-TK-2852,2026-05-05T10:53:00Z,NA-West,DIST-MOUNTAIN-PARTS,PRODUCT_QUALITY,LOW,Routine inquiry / order status check for DIST-MOUNTAIN-PARTS,Standard operational correspondence regarding order fulfillment tracking and invoice reconciliation.,-0.14
ZD-TK-2853,2026-05-06T08:35:00Z,NA-East,DIST-TRI-STATE-OPS,PRICE_DISPUTE,MEDIUM,Routine inquiry / order status check for DIST-TRI-STATE-OPS,Standard operational correspondence regarding order fulfillment tracking and invoice reconciliation.,-0.35
ZD-TK-2854,2026-05-06T12:55:00Z,NA-East,DIST-APEX-EAST,FULFILLMENT_DELAY,LOW,Routine inquiry / order status check for DIST-APEX-EAST,Standard operational correspondence regarding order fulfillment tracking and invoice reconciliation.,0.26
ZD-TK-2855,2026-05-06T12:10:00Z,NA-Central,DIST-GREATLAKES-SUPPLY,PRODUCT_QUALITY,LOW,Routine inquiry / order status check for DIST-GREATLAKES-SUPPLY,Standard operational correspondence regarding order fulfillment tracking and invoice reconciliation.,-0.12
ZD-TK-2856,2026-05-06T09:42:00Z,NA-Central,DIST-GREATLAKES-SUPPLY,PRODUCT_QUALITY,LOW,Routine inquiry / order status check for DIST-GREATLAKES-SUPPLY,Standard operational correspondence regarding order fulfillment tracking and invoice reconciliation.,-0.07
ZD-TK-2857,2026-05-06T09:17:00Z,NA-Central,DIST-TEXAS-COMMERCIAL,PRICE_DISPUTE,LOW,Routine inquiry / order status check for DIST-TEXAS-COMMERCIAL,Standard operational correspondence regarding order fulfillment tracking and invoice reconciliation.,0.02
ZD-TK-2858,2026-05-06T17:55:00Z,NA-West,DIST-PACIFIC-LOGISTICS,PRODUCT_QUALITY,MEDIUM,Routine inquiry / order status check for DIST-PACIFIC-LOGISTICS,Standard operational correspondence regarding order fulfillment tracking and invoice reconciliation.,-0.21
ZD-TK-2859,2026-05-06T16:20:00Z,NA-West,DIST-MOUNTAIN-PARTS,PRODUCT_QUALITY,MEDIUM,Routine inquiry / order status check for DIST-MOUNTAIN-PARTS,Standard operational correspondence regarding order fulfillment tracking and invoice reconciliation.,0.28
ZD-TK-2860,2026-05-07T11:50:00Z,NA-East,DIST-SUNBELT-PARTS,PRICE_DISPUTE,MEDIUM,Routine inquiry / order status check for DIST-SUNBELT-PARTS,Standard operational correspondence regarding order fulfillment tracking and invoice reconciliation.,-0.33
ZD-TK-2861,2026-05-07T14:03:00Z,NA-East,DIST-COASTAL-WHOLESALE,FULFILLMENT_DELAY,MEDIUM,Routine inquiry / order status check for DIST-COASTAL-WHOLESALE,Standard operational correspondence regarding order fulfillment tracking and invoice reconciliation.,0.32
ZD-TK-2862,2026-05-07T17:45:00Z,NA-Central,DIST-MIDWEST-DIRECT,PRICE_DISPUTE,LOW,Routine inquiry / order status check for DIST-MIDWEST-DIRECT,Standard operational correspondence regarding order fulfillment tracking and invoice reconciliation.,0.2
ZD-TK-2863,2026-05-07T11:53:00Z,NA-Central,DIST-MIDWEST-DIRECT,PRODUCT_QUALITY,MEDIUM,Routine inquiry / order status check for DIST-MIDWEST-DIRECT,Standard operational correspondence regarding order fulfillment tracking and invoice reconciliation.,0.3
ZD-TK-2864,2026-05-07T11:01:00Z,NA-West,DIST-PACIFIC-LOGISTICS,FULFILLMENT_DELAY,MEDIUM,Routine inquiry / order status check for DIST-PACIFIC-LOGISTICS,Standard operational correspondence regarding order fulfillment tracking and invoice reconciliation.,0.31
ZD-TK-2865,2026-05-07T08:27:00Z,NA-West,DIST-MOUNTAIN-PARTS,PRODUCT_QUALITY,MEDIUM,Routine inquiry / order status check for DIST-MOUNTAIN-PARTS,Standard operational correspondence regarding order fulfillment tracking and invoice reconciliation.,-0.32
ZD-TK-2866,2026-05-08T08:46:00Z,NA-East,DIST-APEX-EAST,PRICE_DISPUTE,MEDIUM,Routine inquiry / order status check for DIST-APEX-EAST,Standard operational correspondence regarding order fulfillment tracking and invoice reconciliation.,-0.11
ZD-TK-2867,2026-05-08T11:22:00Z,NA-East,DIST-SUNBELT-PARTS,PRODUCT_QUALITY,LOW,Routine inquiry / order status check for DIST-SUNBELT-PARTS,Standard operational correspondence regarding order fulfillment tracking and invoice reconciliation.,-0.04
ZD-TK-2868,2026-05-08T16:50:00Z,NA-East,DIST-TRI-STATE-OPS,PRODUCT_QUALITY,MEDIUM,Routine inquiry / order status check for DIST-TRI-STATE-OPS,Standard operational correspondence regarding order fulfillment tracking and invoice reconciliation.,-0.32
ZD-TK-2869,2026-05-08T12:11:00Z,NA-Central,DIST-GREATLAKES-SUPPLY,PRICE_DISPUTE,LOW,Routine inquiry / order status check for DIST-GREATLAKES-SUPPLY,Standard operational correspondence regarding order fulfillment tracking and invoice reconciliation.,-0.07
ZD-TK-2870,2026-05-08T09:37:00Z,NA-West,DIST-PACIFIC-LOGISTICS,PRICE_DISPUTE,MEDIUM,Routine inquiry / order status check for DIST-PACIFIC-LOGISTICS,Standard operational correspondence regarding order fulfillment tracking and invoice reconciliation.,-0.33
ZD-TK-2871,2026-05-08T17:44:00Z,NA-West,DIST-PACIFIC-LOGISTICS,FULFILLMENT_DELAY,LOW,Routine inquiry / order status check for DIST-PACIFIC-LOGISTICS,Standard operational correspondence regarding order fulfillment tracking and invoice reconciliation.,0.29
ZD-TK-2872,2026-05-09T11:08:00Z,NA-East,DIST-MIDATL-SUPPLY,PRICE_DISPUTE,LOW,Routine inquiry / order status check for DIST-MIDATL-SUPPLY,Standard operational correspondence regarding order fulfillment tracking and invoice reconciliation.,0.03
ZD-TK-2873,2026-05-09T11:54:00Z,NA-East,DIST-SUNBELT-PARTS,PRICE_DISPUTE,LOW,Routine inquiry / order status check for DIST-SUNBELT-PARTS,Standard operational correspondence regarding order fulfillment tracking and invoice reconciliation.,0.31
ZD-TK-2874,2026-05-09T12:23:00Z,NA-Central,DIST-GREATLAKES-SUPPLY,FULFILLMENT_DELAY,MEDIUM,Routine inquiry / order status check for DIST-GREATLAKES-SUPPLY,Standard operational correspondence regarding order fulfillment tracking and invoice reconciliation.,-0.13
ZD-TK-2875,2026-05-09T16:38:00Z,NA-Central,DIST-TEXAS-COMMERCIAL,PRODUCT_QUALITY,MEDIUM,Routine inquiry / order status check for DIST-TEXAS-COMMERCIAL,Standard operational correspondence regarding order fulfillment tracking and invoice reconciliation.,0.23
ZD-TK-2876,2026-05-09T17:13:00Z,NA-West,DIST-PACIFIC-LOGISTICS,PRODUCT_QUALITY,LOW,Routine inquiry / order status check for DIST-PACIFIC-LOGISTICS,Standard operational correspondence regarding order fulfillment tracking and invoice reconciliation.,-0.26
ZD-TK-2877,2026-05-09T12:25:00Z,NA-West,DIST-PACIFIC-LOGISTICS,PRICE_DISPUTE,MEDIUM,Routine inquiry / order status check for DIST-PACIFIC-LOGISTICS,Standard operational correspondence regarding order fulfillment tracking and invoice reconciliation.,-0.25
ZD-TK-2878,2026-05-09T15:31:00Z,NA-West,DIST-CAL-ENTERPRISE,PRICE_DISPUTE,MEDIUM,Routine inquiry / order status check for DIST-CAL-ENTERPRISE,Standard operational correspondence regarding order fulfillment tracking and invoice reconciliation.,-0.21
ZD-TK-2879,2026-05-10T08:37:00Z,NA-East,DIST-COASTAL-WHOLESALE,PRICE_DISPUTE,LOW,Routine inquiry / order status check for DIST-COASTAL-WHOLESALE,Standard operational correspondence regarding order fulfillment tracking and invoice reconciliation.,-0.1
ZD-TK-2880,2026-05-10T15:20:00Z,NA-Central,DIST-TEXAS-COMMERCIAL,PRICE_DISPUTE,MEDIUM,Routine inquiry / order status check for DIST-TEXAS-COMMERCIAL,Standard operational correspondence regarding order fulfillment tracking and invoice reconciliation.,-0.23
ZD-TK-2881,2026-05-10T16:40:00Z,NA-Central,DIST-MIDWEST-DIRECT,FULFILLMENT_DELAY,MEDIUM,Routine inquiry / order status check for DIST-MIDWEST-DIRECT,Standard operational correspondence regarding order fulfillment tracking and invoice reconciliation.,-0.31
ZD-TK-2882,2026-05-10T11:11:00Z,NA-West,DIST-MOUNTAIN-PARTS,PRICE_DISPUTE,LOW,Routine inquiry / order status check for DIST-MOUNTAIN-PARTS,Standard operational correspondence regarding order fulfillment tracking and invoice reconciliation.,0.11
ZD-TK-2883,2026-05-11T13:53:00Z,NA-East,DIST-APEX-EAST,PRICE_DISPUTE,LOW,Routine inquiry / order status check for DIST-APEX-EAST,Standard operational correspondence regarding order fulfillment tracking and invoice reconciliation.,-0.25
ZD-TK-2884,2026-05-11T08:34:00Z,NA-East,DIST-COASTAL-WHOLESALE,PRICE_DISPUTE,LOW,Routine inquiry / order status check for DIST-COASTAL-WHOLESALE,Standard operational correspondence regarding order fulfillment tracking and invoice reconciliation.,-0.06
ZD-TK-2885,2026-05-11T16:42:00Z,NA-Central,DIST-MIDWEST-DIRECT,PRICE_DISPUTE,LOW,Routine inquiry / order status check for DIST-MIDWEST-DIRECT,Standard operational correspondence regarding order fulfillment tracking and invoice reconciliation.,-0.19
ZD-TK-2886,2026-05-11T15:26:00Z,NA-West,DIST-MOUNTAIN-PARTS,FULFILLMENT_DELAY,MEDIUM,Routine inquiry / order status check for DIST-MOUNTAIN-PARTS,Standard operational correspondence regarding order fulfillment tracking and invoice reconciliation.,0.17
ZD-TK-2887,2026-05-11T10:41:00Z,NA-West,DIST-CAL-ENTERPRISE,PRICE_DISPUTE,MEDIUM,Routine inquiry / order status check for DIST-CAL-ENTERPRISE,Standard operational correspondence regarding order fulfillment tracking and invoice reconciliation.,0.12
ZD-TK-2888,2026-05-12T15:20:00Z,NA-East,DIST-TRI-STATE-OPS,FULFILLMENT_DELAY,MEDIUM,Routine inquiry / order status check for DIST-TRI-STATE-OPS,Standard operational correspondence regarding order fulfillment tracking and invoice reconciliation.,-0.16
ZD-TK-2889,2026-05-12T10:25:00Z,NA-East,DIST-EMPIRE-IND,FULFILLMENT_DELAY,LOW,Routine inquiry / order status check for DIST-EMPIRE-IND,Standard operational correspondence regarding order fulfillment tracking and invoice reconciliation.,-0.07
ZD-TK-2890,2026-05-12T13:09:00Z,NA-East,DIST-APEX-EAST,PRICE_DISPUTE,MEDIUM,Routine inquiry / order status check for DIST-APEX-EAST,Standard operational correspondence regarding order fulfillment tracking and invoice reconciliation.,0.34
ZD-TK-2891,2026-05-12T17:25:00Z,NA-Central,DIST-TEXAS-COMMERCIAL,FULFILLMENT_DELAY,LOW,Routine inquiry / order status check for DIST-TEXAS-COMMERCIAL,Standard operational correspondence regarding order fulfillment tracking and invoice reconciliation.,0.25
ZD-TK-2892,2026-05-12T16:35:00Z,NA-West,DIST-PACIFIC-LOGISTICS,FULFILLMENT_DELAY,LOW,Routine inquiry / order status check for DIST-PACIFIC-LOGISTICS,Standard operational correspondence regarding order fulfillment tracking and invoice reconciliation.,-0.08
ZD-TK-2893,2026-05-12T12:12:00Z,NA-West,DIST-PACIFIC-LOGISTICS,PRICE_DISPUTE,LOW,Routine inquiry / order status check for DIST-PACIFIC-LOGISTICS,Standard operational correspondence regarding order fulfillment tracking and invoice reconciliation.,-0.19
ZD-TK-2894,2026-05-13T09:48:00Z,NA-East,DIST-MIDATL-SUPPLY,PRODUCT_QUALITY,MEDIUM,Routine inquiry / order status check for DIST-MIDATL-SUPPLY,Standard operational correspondence regarding order fulfillment tracking and invoice reconciliation.,0.12
ZD-TK-2895,2026-05-13T14:27:00Z,NA-East,DIST-COASTAL-WHOLESALE,PRICE_DISPUTE,LOW,Routine inquiry / order status check for DIST-COASTAL-WHOLESALE,Standard operational correspondence regarding order fulfillment tracking and invoice reconciliation.,-0.35
ZD-TK-2896,2026-05-13T14:06:00Z,NA-Central,DIST-MIDWEST-DIRECT,PRICE_DISPUTE,MEDIUM,Routine inquiry / order status check for DIST-MIDWEST-DIRECT,Standard operational correspondence regarding order fulfillment tracking and invoice reconciliation.,0.18
ZD-TK-2897,2026-05-13T17:10:00Z,NA-Central,DIST-MIDWEST-DIRECT,FULFILLMENT_DELAY,LOW,Routine inquiry / order status check for DIST-MIDWEST-DIRECT,Standard operational correspondence regarding order fulfillment tracking and invoice reconciliation.,-0.17
ZD-TK-2898,2026-05-13T16:31:00Z,NA-Central,DIST-TEXAS-COMMERCIAL,FULFILLMENT_DELAY,LOW,Routine inquiry / order status check for DIST-TEXAS-COMMERCIAL,Standard operational correspondence regarding order fulfillment tracking and invoice reconciliation.,0.11
ZD-TK-2899,2026-05-13T11:28:00Z,NA-West,DIST-PACIFIC-LOGISTICS,PRODUCT_QUALITY,LOW,Routine inquiry / order status check for DIST-PACIFIC-LOGISTICS,Standard operational correspondence regarding order fulfillment tracking and invoice reconciliation.,-0.29
ZD-TK-2900,2026-05-13T10:50:00Z,NA-West,DIST-CAL-ENTERPRISE,FULFILLMENT_DELAY,MEDIUM,Routine inquiry / order status check for DIST-CAL-ENTERPRISE,Standard operational correspondence regarding order fulfillment tracking and invoice reconciliation.,-0.09
ZD-TK-2901,2026-05-13T17:28:00Z,NA-West,DIST-PACIFIC-LOGISTICS,PRICE_DISPUTE,LOW,Routine inquiry / order status check for DIST-PACIFIC-LOGISTICS,Standard operational correspondence regarding order fulfillment tracking and invoice reconciliation.,0.3
ZD-TK-2902,2026-05-14T17:29:00Z,NA-East,DIST-APEX-EAST,PRICE_DISPUTE,MEDIUM,Routine inquiry / order status check for DIST-APEX-EAST,Standard operational correspondence regarding order fulfillment tracking and invoice reconciliation.,-0.25
ZD-TK-2903,2026-05-14T17:34:00Z,NA-Central,DIST-MIDWEST-DIRECT,FULFILLMENT_DELAY,MEDIUM,Routine inquiry / order status check for DIST-MIDWEST-DIRECT,Standard operational correspondence regarding order fulfillment tracking and invoice reconciliation.,-0.1
ZD-TK-2904,2026-05-14T12:38:00Z,NA-Central,DIST-TEXAS-COMMERCIAL,PRICE_DISPUTE,MEDIUM,Routine inquiry / order status check for DIST-TEXAS-COMMERCIAL,Standard operational correspondence regarding order fulfillment tracking and invoice reconciliation.,0.07
ZD-TK-2905,2026-05-14T08:46:00Z,NA-West,DIST-CAL-ENTERPRISE,FULFILLMENT_DELAY,MEDIUM,Routine inquiry / order status check for DIST-CAL-ENTERPRISE,Standard operational correspondence regarding order fulfillment tracking and invoice reconciliation.,-0.11
ZD-TK-2906,2026-05-14T17:53:00Z,NA-West,DIST-MOUNTAIN-PARTS,PRODUCT_QUALITY,MEDIUM,Routine inquiry / order status check for DIST-MOUNTAIN-PARTS,Standard operational correspondence regarding order fulfillment tracking and invoice reconciliation.,-0.0
ZD-TK-2907,2026-05-14T10:03:00Z,NA-West,DIST-CAL-ENTERPRISE,PRICE_DISPUTE,MEDIUM,Routine inquiry / order status check for DIST-CAL-ENTERPRISE,Standard operational correspondence regarding order fulfillment tracking and invoice reconciliation.,0.31
ZD-TK-2908,2026-05-15T10:49:00Z,NA-East,DIST-APEX-EAST,FULFILLMENT_DELAY,LOW,Routine inquiry / order status check for DIST-APEX-EAST,Standard operational correspondence regarding order fulfillment tracking and invoice reconciliation.,-0.09
ZD-TK-2909,2026-05-15T12:49:00Z,NA-East,DIST-TRI-STATE-OPS,PRODUCT_QUALITY,LOW,Routine inquiry / order status check for DIST-TRI-STATE-OPS,Standard operational correspondence regarding order fulfillment tracking and invoice reconciliation.,-0.24
ZD-TK-2910,2026-05-15T14:02:00Z,NA-East,DIST-EMPIRE-IND,PRODUCT_QUALITY,LOW,Routine inquiry / order status check for DIST-EMPIRE-IND,Standard operational correspondence regarding order fulfillment tracking and invoice reconciliation.,0.03
ZD-TK-2911,2026-05-15T08:06:00Z,NA-Central,DIST-GREATLAKES-SUPPLY,PRODUCT_QUALITY,MEDIUM,Routine inquiry / order status check for DIST-GREATLAKES-SUPPLY,Standard operational correspondence regarding order fulfillment tracking and invoice reconciliation.,-0.34
ZD-TK-2912,2026-05-15T11:03:00Z,NA-Central,DIST-TEXAS-COMMERCIAL,PRODUCT_QUALITY,LOW,Routine inquiry / order status check for DIST-TEXAS-COMMERCIAL,Standard operational correspondence regarding order fulfillment tracking and invoice reconciliation.,0.32
ZD-TK-2913,2026-05-15T17:38:00Z,NA-Central,DIST-MIDWEST-DIRECT,PRODUCT_QUALITY,LOW,Routine inquiry / order status check for DIST-MIDWEST-DIRECT,Standard operational correspondence regarding order fulfillment tracking and invoice reconciliation.,0.02
ZD-TK-2914,2026-05-15T14:36:00Z,NA-West,DIST-CAL-ENTERPRISE,PRODUCT_QUALITY,LOW,Routine inquiry / order status check for DIST-CAL-ENTERPRISE,Standard operational correspondence regarding order fulfillment tracking and invoice reconciliation.,0.03
ZD-TK-2915,2026-05-16T08:45:00Z,NA-East,DIST-MIDATL-SUPPLY,FULFILLMENT_DELAY,MEDIUM,Routine inquiry / order status check for DIST-MIDATL-SUPPLY,Standard operational correspondence regarding order fulfillment tracking and invoice reconciliation.,0.2
ZD-TK-2916,2026-05-16T14:46:00Z,NA-Central,DIST-GREATLAKES-SUPPLY,FULFILLMENT_DELAY,MEDIUM,Routine inquiry / order status check for DIST-GREATLAKES-SUPPLY,Standard operational correspondence regarding order fulfillment tracking and invoice reconciliation.,-0.07
ZD-TK-2917,2026-05-16T13:17:00Z,NA-Central,DIST-GREATLAKES-SUPPLY,FULFILLMENT_DELAY,LOW,Routine inquiry / order status check for DIST-GREATLAKES-SUPPLY,Standard operational correspondence regarding order fulfillment tracking and invoice reconciliation.,-0.29
ZD-TK-2918,2026-05-16T12:49:00Z,NA-West,DIST-PACIFIC-LOGISTICS,PRICE_DISPUTE,MEDIUM,Routine inquiry / order status check for DIST-PACIFIC-LOGISTICS,Standard operational correspondence regarding order fulfillment tracking and invoice reconciliation.,-0.32
ZD-TK-2919,2026-05-16T15:21:00Z,NA-West,DIST-MOUNTAIN-PARTS,FULFILLMENT_DELAY,MEDIUM,Routine inquiry / order status check for DIST-MOUNTAIN-PARTS,Standard operational correspondence regarding order fulfillment tracking and invoice reconciliation.,0.21
ZD-TK-2920,2026-05-16T15:01:00Z,NA-West,DIST-MOUNTAIN-PARTS,PRODUCT_QUALITY,LOW,Routine inquiry / order status check for DIST-MOUNTAIN-PARTS,Standard operational correspondence regarding order fulfillment tracking and invoice reconciliation.,-0.11
ZD-TK-2921,2026-05-17T14:13:00Z,NA-East,DIST-MIDATL-SUPPLY,PRICE_DISPUTE,LOW,Routine inquiry / order status check for DIST-MIDATL-SUPPLY,Standard operational correspondence regarding order fulfillment tracking and invoice reconciliation.,-0.05
ZD-TK-2922,2026-05-17T14:27:00Z,NA-East,DIST-MIDATL-SUPPLY,PRODUCT_QUALITY,MEDIUM,Routine inquiry / order status check for DIST-MIDATL-SUPPLY,Standard operational correspondence regarding order fulfillment tracking and invoice reconciliation.,0.25
ZD-TK-2923,2026-05-17T12:24:00Z,NA-East,DIST-APEX-EAST,PRICE_DISPUTE,MEDIUM,Routine inquiry / order status check for DIST-APEX-EAST,Standard operational correspondence regarding order fulfillment tracking and invoice reconciliation.,0.21
ZD-TK-2924,2026-05-17T17:25:00Z,NA-Central,DIST-TEXAS-COMMERCIAL,FULFILLMENT_DELAY,MEDIUM,Routine inquiry / order status check for DIST-TEXAS-COMMERCIAL,Standard operational correspondence regarding order fulfillment tracking and invoice reconciliation.,0.07
ZD-TK-2925,2026-05-17T09:09:00Z,NA-Central,DIST-GREATLAKES-SUPPLY,FULFILLMENT_DELAY,MEDIUM,Routine inquiry / order status check for DIST-GREATLAKES-SUPPLY,Standard operational correspondence regarding order fulfillment tracking and invoice reconciliation.,-0.28
ZD-TK-2926,2026-05-17T15:37:00Z,NA-Central,DIST-TEXAS-COMMERCIAL,PRICE_DISPUTE,LOW,Routine inquiry / order status check for DIST-TEXAS-COMMERCIAL,Standard operational correspondence regarding order fulfillment tracking and invoice reconciliation.,-0.16
ZD-TK-2927,2026-05-17T14:45:00Z,NA-West,DIST-PACIFIC-LOGISTICS,PRICE_DISPUTE,LOW,Routine inquiry / order status check for DIST-PACIFIC-LOGISTICS,Standard operational correspondence regarding order fulfillment tracking and invoice reconciliation.,0.14
ZD-TK-2928,2026-05-17T14:39:00Z,NA-West,DIST-PACIFIC-LOGISTICS,FULFILLMENT_DELAY,LOW,Routine inquiry / order status check for DIST-PACIFIC-LOGISTICS,Standard operational correspondence regarding order fulfillment tracking and invoice reconciliation.,-0.18
ZD-TK-2929,2026-05-18T16:54:00Z,NA-East,DIST-APEX-EAST,FULFILLMENT_DELAY,LOW,Routine inquiry / order status check for DIST-APEX-EAST,Standard operational correspondence regarding order fulfillment tracking and invoice reconciliation.,0.17
ZD-TK-2930,2026-05-18T12:27:00Z,NA-East,DIST-COASTAL-WHOLESALE,PRICE_DISPUTE,MEDIUM,Routine inquiry / order status check for DIST-COASTAL-WHOLESALE,Standard operational correspondence regarding order fulfillment tracking and invoice reconciliation.,0.01
ZD-TK-2931,2026-05-18T17:50:00Z,NA-Central,DIST-MIDWEST-DIRECT,PRICE_DISPUTE,LOW,Routine inquiry / order status check for DIST-MIDWEST-DIRECT,Standard operational correspondence regarding order fulfillment tracking and invoice reconciliation.,-0.1
ZD-TK-2932,2026-05-18T15:12:00Z,NA-Central,DIST-MIDWEST-DIRECT,PRODUCT_QUALITY,LOW,Routine inquiry / order status check for DIST-MIDWEST-DIRECT,Standard operational correspondence regarding order fulfillment tracking and invoice reconciliation.,0.18
ZD-TK-2933,2026-05-18T11:12:00Z,NA-West,DIST-MOUNTAIN-PARTS,PRICE_DISPUTE,MEDIUM,Routine inquiry / order status check for DIST-MOUNTAIN-PARTS,Standard operational correspondence regarding order fulfillment tracking and invoice reconciliation.,0.32
ZD-TK-2934,2026-05-18T13:52:00Z,NA-West,DIST-PACIFIC-LOGISTICS,PRICE_DISPUTE,LOW,Routine inquiry / order status check for DIST-PACIFIC-LOGISTICS,Standard operational correspondence regarding order fulfillment tracking and invoice reconciliation.,0.06
ZD-TK-2935,2026-05-19T14:35:00Z,NA-East,DIST-TRI-STATE-OPS,PRICE_DISPUTE,MEDIUM,Routine inquiry / order status check for DIST-TRI-STATE-OPS,Standard operational correspondence regarding order fulfillment tracking and invoice reconciliation.,0.13
ZD-TK-2936,2026-05-19T17:31:00Z,NA-East,DIST-SUNBELT-PARTS,PRODUCT_QUALITY,MEDIUM,Routine inquiry / order status check for DIST-SUNBELT-PARTS,Standard operational correspondence regarding order fulfillment tracking and invoice reconciliation.,0.2
ZD-TK-2937,2026-05-19T12:56:00Z,NA-East,DIST-EMPIRE-IND,PRICE_DISPUTE,LOW,Routine inquiry / order status check for DIST-EMPIRE-IND,Standard operational correspondence regarding order fulfillment tracking and invoice reconciliation.,-0.04
ZD-TK-2938,2026-05-19T17:47:00Z,NA-Central,DIST-TEXAS-COMMERCIAL,FULFILLMENT_DELAY,MEDIUM,Routine inquiry / order status check for DIST-TEXAS-COMMERCIAL,Standard operational correspondence regarding order fulfillment tracking and invoice reconciliation.,-0.08
ZD-TK-2939,2026-05-19T15:45:00Z,NA-Central,DIST-GREATLAKES-SUPPLY,PRODUCT_QUALITY,MEDIUM,Routine inquiry / order status check for DIST-GREATLAKES-SUPPLY,Standard operational correspondence regarding order fulfillment tracking and invoice reconciliation.,-0.3
ZD-TK-2940,2026-05-19T10:40:00Z,NA-Central,DIST-GREATLAKES-SUPPLY,PRICE_DISPUTE,LOW,Routine inquiry / order status check for DIST-GREATLAKES-SUPPLY,Standard operational correspondence regarding order fulfillment tracking and invoice reconciliation.,0.23
ZD-TK-2941,2026-05-19T08:12:00Z,NA-West,DIST-MOUNTAIN-PARTS,PRICE_DISPUTE,MEDIUM,Routine inquiry / order status check for DIST-MOUNTAIN-PARTS,Standard operational correspondence regarding order fulfillment tracking and invoice reconciliation.,0.32
ZD-TK-2942,2026-05-19T14:08:00Z,NA-West,DIST-MOUNTAIN-PARTS,PRODUCT_QUALITY,LOW,Routine inquiry / order status check for DIST-MOUNTAIN-PARTS,Standard operational correspondence regarding order fulfillment tracking and invoice reconciliation.,0.25
ZD-TK-2943,2026-05-20T08:28:00Z,NA-East,DIST-SUNBELT-PARTS,PRICE_DISPUTE,MEDIUM,Routine inquiry / order status check for DIST-SUNBELT-PARTS,Standard operational correspondence regarding order fulfillment tracking and invoice reconciliation.,0.13
ZD-TK-2944,2026-05-20T11:12:00Z,NA-East,DIST-SUNBELT-PARTS,PRODUCT_QUALITY,MEDIUM,Routine inquiry / order status check for DIST-SUNBELT-PARTS,Standard operational correspondence regarding order fulfillment tracking and invoice reconciliation.,-0.09
ZD-TK-2945,2026-05-20T17:23:00Z,NA-Central,DIST-GREATLAKES-SUPPLY,FULFILLMENT_DELAY,MEDIUM,Routine inquiry / order status check for DIST-GREATLAKES-SUPPLY,Standard operational correspondence regarding order fulfillment tracking and invoice reconciliation.,-0.22
ZD-TK-2946,2026-05-20T08:59:00Z,NA-Central,DIST-MIDWEST-DIRECT,PRICE_DISPUTE,MEDIUM,Routine inquiry / order status check for DIST-MIDWEST-DIRECT,Standard operational correspondence regarding order fulfillment tracking and invoice reconciliation.,0.18
ZD-TK-2947,2026-05-20T13:54:00Z,NA-Central,DIST-GREATLAKES-SUPPLY,PRODUCT_QUALITY,LOW,Routine inquiry / order status check for DIST-GREATLAKES-SUPPLY,Standard operational correspondence regarding order fulfillment tracking and invoice reconciliation.,0.24
ZD-TK-2948,2026-05-20T08:05:00Z,NA-West,DIST-PACIFIC-LOGISTICS,FULFILLMENT_DELAY,LOW,Routine inquiry / order status check for DIST-PACIFIC-LOGISTICS,Standard operational correspondence regarding order fulfillment tracking and invoice reconciliation.,0.07
ZD-TK-2949,2026-05-21T14:28:00Z,NA-East,DIST-MIDATL-SUPPLY,PRICE_DISPUTE,MEDIUM,Routine inquiry / order status check for DIST-MIDATL-SUPPLY,Standard operational correspondence regarding order fulfillment tracking and invoice reconciliation.,-0.01
ZD-TK-2950,2026-05-21T15:52:00Z,NA-East,DIST-MIDATL-SUPPLY,PRODUCT_QUALITY,MEDIUM,Routine inquiry / order status check for DIST-MIDATL-SUPPLY,Standard operational correspondence regarding order fulfillment tracking and invoice reconciliation.,0.31
ZD-TK-2951,2026-05-21T16:52:00Z,NA-Central,DIST-TEXAS-COMMERCIAL,PRICE_DISPUTE,MEDIUM,Routine inquiry / order status check for DIST-TEXAS-COMMERCIAL,Standard operational correspondence regarding order fulfillment tracking and invoice reconciliation.,0.18
ZD-TK-2952,2026-05-21T16:56:00Z,NA-Central,DIST-GREATLAKES-SUPPLY,PRODUCT_QUALITY,MEDIUM,Routine inquiry / order status check for DIST-GREATLAKES-SUPPLY,Standard operational correspondence regarding order fulfillment tracking and invoice reconciliation.,-0.23
ZD-TK-2953,2026-05-21T11:56:00Z,NA-West,DIST-MOUNTAIN-PARTS,FULFILLMENT_DELAY,MEDIUM,Routine inquiry / order status check for DIST-MOUNTAIN-PARTS,Standard operational correspondence regarding order fulfillment tracking and invoice reconciliation.,0.08
ZD-TK-2954,2026-05-21T14:26:00Z,NA-West,DIST-CAL-ENTERPRISE,FULFILLMENT_DELAY,LOW,Routine inquiry / order status check for DIST-CAL-ENTERPRISE,Standard operational correspondence regarding order fulfillment tracking and invoice reconciliation.,-0.29
ZD-TK-2955,2026-05-21T15:16:00Z,NA-West,DIST-MOUNTAIN-PARTS,FULFILLMENT_DELAY,MEDIUM,Routine inquiry / order status check for DIST-MOUNTAIN-PARTS,Standard operational correspondence regarding order fulfillment tracking and invoice reconciliation.,0.03
ZD-TK-2956,2026-05-22T08:09:00Z,NA-East,DIST-EMPIRE-IND,PRICE_DISPUTE,LOW,Routine inquiry / order status check for DIST-EMPIRE-IND,Standard operational correspondence regarding order fulfillment tracking and invoice reconciliation.,-0.21
ZD-TK-2957,2026-05-22T11:41:00Z,NA-Central,DIST-MIDWEST-DIRECT,PRICE_DISPUTE,MEDIUM,Routine inquiry / order status check for DIST-MIDWEST-DIRECT,Standard operational correspondence regarding order fulfillment tracking and invoice reconciliation.,0.19
ZD-TK-2958,2026-05-22T14:38:00Z,NA-Central,DIST-MIDWEST-DIRECT,PRICE_DISPUTE,LOW,Routine inquiry / order status check for DIST-MIDWEST-DIRECT,Standard operational correspondence regarding order fulfillment tracking and invoice reconciliation.,0.26
ZD-TK-2959,2026-05-22T12:00:00Z,NA-West,DIST-MOUNTAIN-PARTS,PRODUCT_QUALITY,LOW,Routine inquiry / order status check for DIST-MOUNTAIN-PARTS,Standard operational correspondence regarding order fulfillment tracking and invoice reconciliation.,-0.01
ZD-TK-2960,2026-05-22T12:39:00Z,NA-West,DIST-PACIFIC-LOGISTICS,PRODUCT_QUALITY,MEDIUM,Routine inquiry / order status check for DIST-PACIFIC-LOGISTICS,Standard operational correspondence regarding order fulfillment tracking and invoice reconciliation.,-0.05
ZD-TK-2961,2026-05-23T10:02:00Z,NA-East,DIST-EMPIRE-IND,PRODUCT_QUALITY,LOW,Routine inquiry / order status check for DIST-EMPIRE-IND,Standard operational correspondence regarding order fulfillment tracking and invoice reconciliation.,0.28
ZD-TK-2962,2026-05-23T11:19:00Z,NA-East,DIST-TRI-STATE-OPS,PRODUCT_QUALITY,LOW,Routine inquiry / order status check for DIST-TRI-STATE-OPS,Standard operational correspondence regarding order fulfillment tracking and invoice reconciliation.,-0.12
ZD-TK-2963,2026-05-23T08:29:00Z,NA-East,DIST-APEX-EAST,FULFILLMENT_DELAY,MEDIUM,Routine inquiry / order status check for DIST-APEX-EAST,Standard operational correspondence regarding order fulfillment tracking and invoice reconciliation.,-0.12
ZD-TK-2964,2026-05-23T10:03:00Z,NA-Central,DIST-GREATLAKES-SUPPLY,PRODUCT_QUALITY,LOW,Routine inquiry / order status check for DIST-GREATLAKES-SUPPLY,Standard operational correspondence regarding order fulfillment tracking and invoice reconciliation.,-0.05
ZD-TK-2965,2026-05-23T08:03:00Z,NA-West,DIST-CAL-ENTERPRISE,FULFILLMENT_DELAY,LOW,Routine inquiry / order status check for DIST-CAL-ENTERPRISE,Standard operational correspondence regarding order fulfillment tracking and invoice reconciliation.,0.19
ZD-TK-2966,2026-05-23T08:08:00Z,NA-West,DIST-PACIFIC-LOGISTICS,FULFILLMENT_DELAY,MEDIUM,Routine inquiry / order status check for DIST-PACIFIC-LOGISTICS,Standard operational correspondence regarding order fulfillment tracking and invoice reconciliation.,0.17
ZD-TK-2967,2026-05-23T10:19:00Z,NA-West,DIST-PACIFIC-LOGISTICS,FULFILLMENT_DELAY,MEDIUM,Routine inquiry / order status check for DIST-PACIFIC-LOGISTICS,Standard operational correspondence regarding order fulfillment tracking and invoice reconciliation.,0.34
ZD-TK-2968,2026-05-24T08:30:00Z,NA-East,DIST-MIDATL-SUPPLY,PRICE_DISPUTE,MEDIUM,Routine inquiry / order status check for DIST-MIDATL-SUPPLY,Standard operational correspondence regarding order fulfillment tracking and invoice reconciliation.,0.26
ZD-TK-2969,2026-05-24T14:15:00Z,NA-Central,DIST-MIDWEST-DIRECT,PRODUCT_QUALITY,MEDIUM,Routine inquiry / order status check for DIST-MIDWEST-DIRECT,Standard operational correspondence regarding order fulfillment tracking and invoice reconciliation.,-0.24
ZD-TK-2970,2026-05-24T16:54:00Z,NA-Central,DIST-TEXAS-COMMERCIAL,PRICE_DISPUTE,MEDIUM,Routine inquiry / order status check for DIST-TEXAS-COMMERCIAL,Standard operational correspondence regarding order fulfillment tracking and invoice reconciliation.,-0.09
ZD-TK-2971,2026-05-24T10:06:00Z,NA-Central,DIST-TEXAS-COMMERCIAL,FULFILLMENT_DELAY,LOW,Routine inquiry / order status check for DIST-TEXAS-COMMERCIAL,Standard operational correspondence regarding order fulfillment tracking and invoice reconciliation.,0.35
ZD-TK-2972,2026-05-24T13:39:00Z,NA-West,DIST-CAL-ENTERPRISE,FULFILLMENT_DELAY,MEDIUM,Routine inquiry / order status check for DIST-CAL-ENTERPRISE,Standard operational correspondence regarding order fulfillment tracking and invoice reconciliation.,0.28
ZD-TK-2973,2026-05-25T13:37:00Z,NA-East,DIST-TRI-STATE-OPS,FULFILLMENT_DELAY,LOW,Routine inquiry / order status check for DIST-TRI-STATE-OPS,Standard operational correspondence regarding order fulfillment tracking and invoice reconciliation.,-0.01
ZD-TK-2974,2026-05-25T17:18:00Z,NA-East,DIST-MIDATL-SUPPLY,PRODUCT_QUALITY,LOW,Routine inquiry / order status check for DIST-MIDATL-SUPPLY,Standard operational correspondence regarding order fulfillment tracking and invoice reconciliation.,-0.05
ZD-TK-2975,2026-05-25T09:47:00Z,NA-East,DIST-SUNBELT-PARTS,FULFILLMENT_DELAY,LOW,Routine inquiry / order status check for DIST-SUNBELT-PARTS,Standard operational correspondence regarding order fulfillment tracking and invoice reconciliation.,0.32
ZD-TK-2976,2026-05-25T15:56:00Z,NA-Central,DIST-MIDWEST-DIRECT,FULFILLMENT_DELAY,MEDIUM,Routine inquiry / order status check for DIST-MIDWEST-DIRECT,Standard operational correspondence regarding order fulfillment tracking and invoice reconciliation.,-0.03
ZD-TK-2977,2026-05-25T10:03:00Z,NA-Central,DIST-GREATLAKES-SUPPLY,PRICE_DISPUTE,MEDIUM,Routine inquiry / order status check for DIST-GREATLAKES-SUPPLY,Standard operational correspondence regarding order fulfillment tracking and invoice reconciliation.,0.05
ZD-TK-2978,2026-05-25T15:50:00Z,NA-Central,DIST-GREATLAKES-SUPPLY,PRICE_DISPUTE,MEDIUM,Routine inquiry / order status check for DIST-GREATLAKES-SUPPLY,Standard operational correspondence regarding order fulfillment tracking and invoice reconciliation.,-0.24
ZD-TK-2979,2026-05-25T11:00:00Z,NA-West,DIST-PACIFIC-LOGISTICS,PRODUCT_QUALITY,LOW,Routine inquiry / order status check for DIST-PACIFIC-LOGISTICS,Standard operational correspondence regarding order fulfillment tracking and invoice reconciliation.,0.31
ZD-TK-2980,2026-05-26T08:28:00Z,NA-East,DIST-COASTAL-WHOLESALE,FULFILLMENT_DELAY,LOW,Routine inquiry / order status check for DIST-COASTAL-WHOLESALE,Standard operational correspondence regarding order fulfillment tracking and invoice reconciliation.,0.34
ZD-TK-2981,2026-05-26T13:38:00Z,NA-East,DIST-EMPIRE-IND,PRICE_DISPUTE,LOW,Routine inquiry / order status check for DIST-EMPIRE-IND,Standard operational correspondence regarding order fulfillment tracking and invoice reconciliation.,-0.24
ZD-TK-2982,2026-05-26T09:06:00Z,NA-East,DIST-MIDATL-SUPPLY,FULFILLMENT_DELAY,LOW,Routine inquiry / order status check for DIST-MIDATL-SUPPLY,Standard operational correspondence regarding order fulfillment tracking and invoice reconciliation.,-0.26
ZD-TK-2983,2026-05-26T12:03:00Z,NA-Central,DIST-GREATLAKES-SUPPLY,PRODUCT_QUALITY,LOW,Routine inquiry / order status check for DIST-GREATLAKES-SUPPLY,Standard operational correspondence regarding order fulfillment tracking and invoice reconciliation.,-0.15
ZD-TK-2984,2026-05-26T16:36:00Z,NA-Central,DIST-MIDWEST-DIRECT,PRICE_DISPUTE,MEDIUM,Routine inquiry / order status check for DIST-MIDWEST-DIRECT,Standard operational correspondence regarding order fulfillment tracking and invoice reconciliation.,0.03
ZD-TK-2985,2026-05-26T09:40:00Z,NA-West,DIST-CAL-ENTERPRISE,PRICE_DISPUTE,LOW,Routine inquiry / order status check for DIST-CAL-ENTERPRISE,Standard operational correspondence regarding order fulfillment tracking and invoice reconciliation.,-0.17
ZD-TK-2986,2026-05-27T12:41:00Z,NA-East,DIST-COASTAL-WHOLESALE,PRICE_DISPUTE,LOW,Routine inquiry / order status check for DIST-COASTAL-WHOLESALE,Standard operational correspondence regarding order fulfillment tracking and invoice reconciliation.,0.31
ZD-TK-2987,2026-05-27T12:21:00Z,NA-Central,DIST-TEXAS-COMMERCIAL,PRODUCT_QUALITY,MEDIUM,Routine inquiry / order status check for DIST-TEXAS-COMMERCIAL,Standard operational correspondence regarding order fulfillment tracking and invoice reconciliation.,0.09
ZD-TK-2988,2026-05-27T17:30:00Z,NA-Central,DIST-TEXAS-COMMERCIAL,FULFILLMENT_DELAY,MEDIUM,Routine inquiry / order status check for DIST-TEXAS-COMMERCIAL,Standard operational correspondence regarding order fulfillment tracking and invoice reconciliation.,0.01
ZD-TK-2989,2026-05-27T14:18:00Z,NA-Central,DIST-TEXAS-COMMERCIAL,PRODUCT_QUALITY,LOW,Routine inquiry / order status check for DIST-TEXAS-COMMERCIAL,Standard operational correspondence regarding order fulfillment tracking and invoice reconciliation.,0.28
ZD-TK-2990,2026-05-27T17:15:00Z,NA-West,DIST-CAL-ENTERPRISE,PRODUCT_QUALITY,LOW,Routine inquiry / order status check for DIST-CAL-ENTERPRISE,Standard operational correspondence regarding order fulfillment tracking and invoice reconciliation.,-0.27
ZD-TK-2991,2026-05-28T08:25:00Z,NA-East,DIST-APEX-EAST,PRICE_DISPUTE,MEDIUM,Routine inquiry / order status check for DIST-APEX-EAST,Standard operational correspondence regarding order fulfillment tracking and invoice reconciliation.,-0.13
ZD-TK-2992,2026-05-28T14:26:00Z,NA-Central,DIST-GREATLAKES-SUPPLY,FULFILLMENT_DELAY,LOW,Routine inquiry / order status check for DIST-GREATLAKES-SUPPLY,Standard operational correspondence regarding order fulfillment tracking and invoice reconciliation.,-0.25
ZD-TK-2993,2026-05-28T12:35:00Z,NA-West,DIST-CAL-ENTERPRISE,FULFILLMENT_DELAY,MEDIUM,Routine inquiry / order status check for DIST-CAL-ENTERPRISE,Standard operational correspondence regarding order fulfillment tracking and invoice reconciliation.,0.18
ZD-TK-2994,2026-05-28T11:48:00Z,NA-West,DIST-CAL-ENTERPRISE,FULFILLMENT_DELAY,MEDIUM,Routine inquiry / order status check for DIST-CAL-ENTERPRISE,Standard operational correspondence regarding order fulfillment tracking and invoice reconciliation.,-0.18
ZD-TK-2995,2026-05-28T11:47:00Z,NA-West,DIST-PACIFIC-LOGISTICS,PRICE_DISPUTE,MEDIUM,Routine inquiry / order status check for DIST-PACIFIC-LOGISTICS,Standard operational correspondence regarding order fulfillment tracking and invoice reconciliation.,-0.0
ZD-TK-2996,2026-05-29T14:05:00Z,NA-East,DIST-TRI-STATE-OPS,FULFILLMENT_DELAY,LOW,Routine inquiry / order status check for DIST-TRI-STATE-OPS,Standard operational correspondence regarding order fulfillment tracking and invoice reconciliation.,0.14
ZD-TK-2997,2026-05-29T15:39:00Z,NA-East,DIST-TRI-STATE-OPS,PRICE_DISPUTE,MEDIUM,Routine inquiry / order status check for DIST-TRI-STATE-OPS,Standard operational correspondence regarding order fulfillment tracking and invoice reconciliation.,0.16
ZD-TK-2998,2026-05-29T13:06:00Z,NA-Central,DIST-GREATLAKES-SUPPLY,FULFILLMENT_DELAY,LOW,Routine inquiry / order status check for DIST-GREATLAKES-SUPPLY,Standard operational correspondence regarding order fulfillment tracking and invoice reconciliation.,0.2
ZD-TK-2999,2026-05-29T12:18:00Z,NA-West,DIST-CAL-ENTERPRISE,FULFILLMENT_DELAY,MEDIUM,Routine inquiry / order status check for DIST-CAL-ENTERPRISE,Standard operational correspondence regarding order fulfillment tracking and invoice reconciliation.,-0.17
ZD-TK-3000,2026-05-29T10:04:00Z,NA-West,DIST-CAL-ENTERPRISE,PRICE_DISPUTE,LOW,Routine inquiry / order status check for DIST-CAL-ENTERPRISE,Standard operational correspondence regarding order fulfillment tracking and invoice reconciliation.,0.08
ZD-TK-3001,2026-05-30T15:22:00Z,NA-East,DIST-APEX-EAST,FULFILLMENT_DELAY,MEDIUM,Routine inquiry / order status check for DIST-APEX-EAST,Standard operational correspondence regarding order fulfillment tracking and invoice reconciliation.,-0.28
ZD-TK-3002,2026-05-30T11:39:00Z,NA-East,DIST-APEX-EAST,PRICE_DISPUTE,LOW,Routine inquiry / order status check for DIST-APEX-EAST,Standard operational correspondence regarding order fulfillment tracking and invoice reconciliation.,0.34
ZD-TK-3003,2026-05-30T09:22:00Z,NA-East,DIST-TRI-STATE-OPS,FULFILLMENT_DELAY,MEDIUM,Routine inquiry / order status check for DIST-TRI-STATE-OPS,Standard operational correspondence regarding order fulfillment tracking and invoice reconciliation.,0.26
ZD-TK-3004,2026-05-30T17:02:00Z,NA-Central,DIST-GREATLAKES-SUPPLY,PRICE_DISPUTE,MEDIUM,Routine inquiry / order status check for DIST-GREATLAKES-SUPPLY,Standard operational correspondence regarding order fulfillment tracking and invoice reconciliation.,-0.09
ZD-TK-3005,2026-05-30T15:54:00Z,NA-Central,DIST-MIDWEST-DIRECT,PRICE_DISPUTE,MEDIUM,Routine inquiry / order status check for DIST-MIDWEST-DIRECT,Standard operational correspondence regarding order fulfillment tracking and invoice reconciliation.,-0.09
ZD-TK-3006,2026-05-30T17:53:00Z,NA-Central,DIST-MIDWEST-DIRECT,PRICE_DISPUTE,MEDIUM,Routine inquiry / order status check for DIST-MIDWEST-DIRECT,Standard operational correspondence regarding order fulfillment tracking and invoice reconciliation.,-0.22
ZD-TK-3007,2026-05-30T15:08:00Z,NA-West,DIST-MOUNTAIN-PARTS,PRODUCT_QUALITY,LOW,Routine inquiry / order status check for DIST-MOUNTAIN-PARTS,Standard operational correspondence regarding order fulfillment tracking and invoice reconciliation.,0.02
ZD-TK-3008,2026-05-30T08:19:00Z,NA-West,DIST-MOUNTAIN-PARTS,FULFILLMENT_DELAY,MEDIUM,Routine inquiry / order status check for DIST-MOUNTAIN-PARTS,Standard operational correspondence regarding order fulfillment tracking and invoice reconciliation.,0.27
ZD-TK-3009,2026-05-30T08:05:00Z,NA-West,DIST-CAL-ENTERPRISE,PRICE_DISPUTE,MEDIUM,Routine inquiry / order status check for DIST-CAL-ENTERPRISE,Standard operational correspondence regarding order fulfillment tracking and invoice reconciliation.,0.19
ZD-TK-3010,2026-05-31T08:23:00Z,NA-East,DIST-APEX-EAST,PRODUCT_QUALITY,LOW,Routine inquiry / order status check for DIST-APEX-EAST,Standard operational correspondence regarding order fulfillment tracking and invoice reconciliation.,0.27
ZD-TK-3011,2026-05-31T09:27:00Z,NA-East,DIST-APEX-EAST,FULFILLMENT_DELAY,MEDIUM,Routine inquiry / order status check for DIST-APEX-EAST,Standard operational correspondence regarding order fulfillment tracking and invoice reconciliation.,0.27
ZD-TK-3012,2026-05-31T10:49:00Z,NA-Central,DIST-TEXAS-COMMERCIAL,FULFILLMENT_DELAY,LOW,Routine inquiry / order status check for DIST-TEXAS-COMMERCIAL,Standard operational correspondence regarding order fulfillment tracking and invoice reconciliation.,0.03
ZD-TK-3013,2026-05-31T10:32:00Z,NA-West,DIST-MOUNTAIN-PARTS,FULFILLMENT_DELAY,MEDIUM,Routine inquiry / order status check for DIST-MOUNTAIN-PARTS,Standard operational correspondence regarding order fulfillment tracking and invoice reconciliation.,-0.06
ZD-TK-3014,2026-05-31T15:08:00Z,NA-West,DIST-PACIFIC-LOGISTICS,PRICE_DISPUTE,LOW,Routine inquiry / order status check for DIST-PACIFIC-LOGISTICS,Standard operational correspondence regarding order fulfillment tracking and invoice reconciliation.,0.32
ZD-TK-3015,2026-06-01T16:28:00Z,NA-East,DIST-APEX-EAST,PRICE_DISPUTE,MEDIUM,Routine inquiry / order status check for DIST-APEX-EAST,Standard operational correspondence regarding order fulfillment tracking and invoice reconciliation.,0.11
ZD-TK-3016,2026-06-01T17:39:00Z,NA-Central,DIST-TEXAS-COMMERCIAL,FULFILLMENT_DELAY,LOW,Routine inquiry / order status check for DIST-TEXAS-COMMERCIAL,Standard operational correspondence regarding order fulfillment tracking and invoice reconciliation.,0.06
ZD-TK-3017,2026-06-01T11:39:00Z,NA-West,DIST-CAL-ENTERPRISE,PRICE_DISPUTE,LOW,Routine inquiry / order status check for DIST-CAL-ENTERPRISE,Standard operational correspondence regarding order fulfillment tracking and invoice reconciliation.,-0.02
ZD-TK-3018,2026-06-02T13:59:00Z,NA-East,DIST-COASTAL-WHOLESALE,PRICE_DISPUTE,LOW,Routine inquiry / order status check for DIST-COASTAL-WHOLESALE,Standard operational correspondence regarding order fulfillment tracking and invoice reconciliation.,-0.01
ZD-TK-3019,2026-06-02T11:51:00Z,NA-Central,DIST-TEXAS-COMMERCIAL,PRODUCT_QUALITY,MEDIUM,Routine inquiry / order status check for DIST-TEXAS-COMMERCIAL,Standard operational correspondence regarding order fulfillment tracking and invoice reconciliation.,0.12
ZD-TK-3020,2026-06-02T17:27:00Z,NA-West,DIST-PACIFIC-LOGISTICS,FULFILLMENT_DELAY,LOW,Routine inquiry / order status check for DIST-PACIFIC-LOGISTICS,Standard operational correspondence regarding order fulfillment tracking and invoice reconciliation.,0.19
ZD-TK-3021,2026-06-02T17:53:00Z,NA-West,DIST-PACIFIC-LOGISTICS,FULFILLMENT_DELAY,MEDIUM,Routine inquiry / order status check for DIST-PACIFIC-LOGISTICS,Standard operational correspondence regarding order fulfillment tracking and invoice reconciliation.,0.12
ZD-TK-3022,2026-06-03T10:26:00Z,NA-East,DIST-COASTAL-WHOLESALE,PRICE_DISPUTE,MEDIUM,Routine inquiry / order status check for DIST-COASTAL-WHOLESALE,Standard operational correspondence regarding order fulfillment tracking and invoice reconciliation.,0.06
ZD-TK-3023,2026-06-03T17:10:00Z,NA-East,DIST-COASTAL-WHOLESALE,PRICE_DISPUTE,LOW,Routine inquiry / order status check for DIST-COASTAL-WHOLESALE,Standard operational correspondence regarding order fulfillment tracking and invoice reconciliation.,0.31
ZD-TK-3024,2026-06-03T08:11:00Z,NA-East,DIST-MIDATL-SUPPLY,PRICE_DISPUTE,LOW,Routine inquiry / order status check for DIST-MIDATL-SUPPLY,Standard operational correspondence regarding order fulfillment tracking and invoice reconciliation.,0.2
ZD-TK-3025,2026-06-03T17:42:00Z,NA-Central,DIST-GREATLAKES-SUPPLY,PRODUCT_QUALITY,LOW,Routine inquiry / order status check for DIST-GREATLAKES-SUPPLY,Standard operational correspondence regarding order fulfillment tracking and invoice reconciliation.,-0.28
ZD-TK-3026,2026-06-03T12:58:00Z,NA-Central,DIST-MIDWEST-DIRECT,FULFILLMENT_DELAY,LOW,Routine inquiry / order status check for DIST-MIDWEST-DIRECT,Standard operational correspondence regarding order fulfillment tracking and invoice reconciliation.,0.09
ZD-TK-3027,2026-06-03T13:08:00Z,NA-Central,DIST-MIDWEST-DIRECT,FULFILLMENT_DELAY,MEDIUM,Routine inquiry / order status check for DIST-MIDWEST-DIRECT,Standard operational correspondence regarding order fulfillment tracking and invoice reconciliation.,-0.32
ZD-TK-3028,2026-06-03T14:07:00Z,NA-West,DIST-MOUNTAIN-PARTS,FULFILLMENT_DELAY,LOW,Routine inquiry / order status check for DIST-MOUNTAIN-PARTS,Standard operational correspondence regarding order fulfillment tracking and invoice reconciliation.,0.22
ZD-TK-3029,2026-06-04T11:51:00Z,NA-East,DIST-MIDATL-SUPPLY,PRICE_DISPUTE,MEDIUM,Routine inquiry / order status check for DIST-MIDATL-SUPPLY,Standard operational correspondence regarding order fulfillment tracking and invoice reconciliation.,0.18
ZD-TK-3030,2026-06-04T15:21:00Z,NA-East,DIST-EMPIRE-IND,FULFILLMENT_DELAY,MEDIUM,Routine inquiry / order status check for DIST-EMPIRE-IND,Standard operational correspondence regarding order fulfillment tracking and invoice reconciliation.,0.2
ZD-TK-3031,2026-06-04T16:37:00Z,NA-Central,DIST-MIDWEST-DIRECT,PRICE_DISPUTE,MEDIUM,Routine inquiry / order status check for DIST-MIDWEST-DIRECT,Standard operational correspondence regarding order fulfillment tracking and invoice reconciliation.,0.19
ZD-TK-3032,2026-06-04T09:33:00Z,NA-West,DIST-CAL-ENTERPRISE,PRODUCT_QUALITY,MEDIUM,Routine inquiry / order status check for DIST-CAL-ENTERPRISE,Standard operational correspondence regarding order fulfillment tracking and invoice reconciliation.,0.25
ZD-TK-3033,2026-06-04T08:49:00Z,NA-West,DIST-CAL-ENTERPRISE,PRICE_DISPUTE,MEDIUM,Routine inquiry / order status check for DIST-CAL-ENTERPRISE,Standard operational correspondence regarding order fulfillment tracking and invoice reconciliation.,0.2
ZD-TK-3034,2026-06-05T14:35:00Z,NA-East,DIST-APEX-EAST,PRICE_DISPUTE,MEDIUM,Routine inquiry / order status check for DIST-APEX-EAST,Standard operational correspondence regarding order fulfillment tracking and invoice reconciliation.,0.3
ZD-TK-3035,2026-06-05T14:24:00Z,NA-Central,DIST-GREATLAKES-SUPPLY,FULFILLMENT_DELAY,LOW,Routine inquiry / order status check for DIST-GREATLAKES-SUPPLY,Standard operational correspondence regarding order fulfillment tracking and invoice reconciliation.,0.08
ZD-TK-3036,2026-06-05T11:36:00Z,NA-Central,DIST-MIDWEST-DIRECT,PRICE_DISPUTE,MEDIUM,Routine inquiry / order status check for DIST-MIDWEST-DIRECT,Standard operational correspondence regarding order fulfillment tracking and invoice reconciliation.,0.1
ZD-TK-3037,2026-06-05T12:56:00Z,NA-Central,DIST-TEXAS-COMMERCIAL,FULFILLMENT_DELAY,LOW,Routine inquiry / order status check for DIST-TEXAS-COMMERCIAL,Standard operational correspondence regarding order fulfillment tracking and invoice reconciliation.,0.02
ZD-TK-3038,2026-06-05T08:14:00Z,NA-West,DIST-PACIFIC-LOGISTICS,FULFILLMENT_DELAY,LOW,Routine inquiry / order status check for DIST-PACIFIC-LOGISTICS,Standard operational correspondence regarding order fulfillment tracking and invoice reconciliation.,0.21
ZD-TK-3039,2026-06-06T12:36:00Z,NA-East,DIST-COASTAL-WHOLESALE,PRICE_DISPUTE,LOW,Routine inquiry / order status check for DIST-COASTAL-WHOLESALE,Standard operational correspondence regarding order fulfillment tracking and invoice reconciliation.,-0.13
ZD-TK-3040,2026-06-06T15:55:00Z,NA-Central,DIST-MIDWEST-DIRECT,PRODUCT_QUALITY,LOW,Routine inquiry / order status check for DIST-MIDWEST-DIRECT,Standard operational correspondence regarding order fulfillment tracking and invoice reconciliation.,-0.08
ZD-TK-3041,2026-06-06T13:51:00Z,NA-Central,DIST-TEXAS-COMMERCIAL,PRICE_DISPUTE,MEDIUM,Routine inquiry / order status check for DIST-TEXAS-COMMERCIAL,Standard operational correspondence regarding order fulfillment tracking and invoice reconciliation.,0.3
ZD-TK-3042,2026-06-06T15:21:00Z,NA-Central,DIST-MIDWEST-DIRECT,PRODUCT_QUALITY,LOW,Routine inquiry / order status check for DIST-MIDWEST-DIRECT,Standard operational correspondence regarding order fulfillment tracking and invoice reconciliation.,0.09
ZD-TK-3043,2026-06-06T15:58:00Z,NA-West,DIST-MOUNTAIN-PARTS,PRODUCT_QUALITY,LOW,Routine inquiry / order status check for DIST-MOUNTAIN-PARTS,Standard operational correspondence regarding order fulfillment tracking and invoice reconciliation.,0.3
ZD-TK-3044,2026-06-06T17:47:00Z,NA-West,DIST-MOUNTAIN-PARTS,FULFILLMENT_DELAY,LOW,Routine inquiry / order status check for DIST-MOUNTAIN-PARTS,Standard operational correspondence regarding order fulfillment tracking and invoice reconciliation.,0.19
ZD-TK-3045,2026-06-07T11:18:00Z,NA-East,DIST-TRI-STATE-OPS,PRICE_DISPUTE,MEDIUM,Routine inquiry / order status check for DIST-TRI-STATE-OPS,Standard operational correspondence regarding order fulfillment tracking and invoice reconciliation.,-0.28
ZD-TK-3046,2026-06-07T11:41:00Z,NA-Central,DIST-TEXAS-COMMERCIAL,PRICE_DISPUTE,MEDIUM,Routine inquiry / order status check for DIST-TEXAS-COMMERCIAL,Standard operational correspondence regarding order fulfillment tracking and invoice reconciliation.,0.05
ZD-TK-3047,2026-06-07T14:51:00Z,NA-West,DIST-CAL-ENTERPRISE,FULFILLMENT_DELAY,MEDIUM,Routine inquiry / order status check for DIST-CAL-ENTERPRISE,Standard operational correspondence regarding order fulfillment tracking and invoice reconciliation.,-0.2
ZD-TK-3048,2026-06-07T17:31:00Z,NA-West,DIST-PACIFIC-LOGISTICS,FULFILLMENT_DELAY,MEDIUM,Routine inquiry / order status check for DIST-PACIFIC-LOGISTICS,Standard operational correspondence regarding order fulfillment tracking and invoice reconciliation.,0.04
ZD-TK-3049,2026-06-07T08:04:00Z,NA-West,DIST-MOUNTAIN-PARTS,PRODUCT_QUALITY,MEDIUM,Routine inquiry / order status check for DIST-MOUNTAIN-PARTS,Standard operational correspondence regarding order fulfillment tracking and invoice reconciliation.,0.08
ZD-TK-3050,2026-06-08T11:56:00Z,NA-East,DIST-SUNBELT-PARTS,PRODUCT_QUALITY,LOW,Routine inquiry / order status check for DIST-SUNBELT-PARTS,Standard operational correspondence regarding order fulfillment tracking and invoice reconciliation.,-0.13
ZD-TK-3051,2026-06-08T09:56:00Z,NA-East,DIST-APEX-EAST,PRICE_DISPUTE,MEDIUM,Routine inquiry / order status check for DIST-APEX-EAST,Standard operational correspondence regarding order fulfillment tracking and invoice reconciliation.,0.09
ZD-TK-3052,2026-06-08T11:02:00Z,NA-East,DIST-MIDATL-SUPPLY,FULFILLMENT_DELAY,LOW,Routine inquiry / order status check for DIST-MIDATL-SUPPLY,Standard operational correspondence regarding order fulfillment tracking and invoice reconciliation.,0.27
ZD-TK-3053,2026-06-08T14:51:00Z,NA-Central,DIST-GREATLAKES-SUPPLY,PRODUCT_QUALITY,MEDIUM,Routine inquiry / order status check for DIST-GREATLAKES-SUPPLY,Standard operational correspondence regarding order fulfillment tracking and invoice reconciliation.,0.29
ZD-TK-3054,2026-06-08T10:40:00Z,NA-West,DIST-CAL-ENTERPRISE,PRICE_DISPUTE,MEDIUM,Routine inquiry / order status check for DIST-CAL-ENTERPRISE,Standard operational correspondence regarding order fulfillment tracking and invoice reconciliation.,-0.13
ZD-TK-3055,2026-06-09T17:34:00Z,NA-East,DIST-SUNBELT-PARTS,PRICE_DISPUTE,MEDIUM,Routine inquiry / order status check for DIST-SUNBELT-PARTS,Standard operational correspondence regarding order fulfillment tracking and invoice reconciliation.,0.15
ZD-TK-3056,2026-06-09T08:14:00Z,NA-East,DIST-COASTAL-WHOLESALE,PRICE_DISPUTE,LOW,Routine inquiry / order status check for DIST-COASTAL-WHOLESALE,Standard operational correspondence regarding order fulfillment tracking and invoice reconciliation.,-0.02
ZD-TK-3057,2026-06-09T17:10:00Z,NA-East,DIST-APEX-EAST,FULFILLMENT_DELAY,LOW,Routine inquiry / order status check for DIST-APEX-EAST,Standard operational correspondence regarding order fulfillment tracking and invoice reconciliation.,-0.11
ZD-TK-3058,2026-06-09T16:22:00Z,NA-Central,DIST-MIDWEST-DIRECT,PRODUCT_QUALITY,MEDIUM,Routine inquiry / order status check for DIST-MIDWEST-DIRECT,Standard operational correspondence regarding order fulfillment tracking and invoice reconciliation.,-0.28
ZD-TK-3059,2026-06-09T14:23:00Z,NA-West,DIST-PACIFIC-LOGISTICS,PRICE_DISPUTE,LOW,Routine inquiry / order status check for DIST-PACIFIC-LOGISTICS,Standard operational correspondence regarding order fulfillment tracking and invoice reconciliation.,-0.2
ZD-TK-3060,2026-06-09T13:35:00Z,NA-West,DIST-CAL-ENTERPRISE,FULFILLMENT_DELAY,LOW,Routine inquiry / order status check for DIST-CAL-ENTERPRISE,Standard operational correspondence regarding order fulfillment tracking and invoice reconciliation.,-0.13
ZD-TK-3061,2026-06-09T17:27:00Z,NA-West,DIST-PACIFIC-LOGISTICS,FULFILLMENT_DELAY,MEDIUM,Routine inquiry / order status check for DIST-PACIFIC-LOGISTICS,Standard operational correspondence regarding order fulfillment tracking and invoice reconciliation.,0.19
ZD-TK-3062,2026-06-10T10:56:00Z,NA-East,DIST-EMPIRE-IND,PRODUCT_QUALITY,MEDIUM,Routine inquiry / order status check for DIST-EMPIRE-IND,Standard operational correspondence regarding order fulfillment tracking and invoice reconciliation.,-0.23
ZD-TK-3063,2026-06-10T13:12:00Z,NA-East,DIST-EMPIRE-IND,PRODUCT_QUALITY,MEDIUM,Routine inquiry / order status check for DIST-EMPIRE-IND,Standard operational correspondence regarding order fulfillment tracking and invoice reconciliation.,0.14
ZD-TK-3064,2026-06-10T14:05:00Z,NA-Central,DIST-MIDWEST-DIRECT,PRICE_DISPUTE,LOW,Routine inquiry / order status check for DIST-MIDWEST-DIRECT,Standard operational correspondence regarding order fulfillment tracking and invoice reconciliation.,0.2
ZD-TK-3065,2026-06-10T09:35:00Z,NA-Central,DIST-GREATLAKES-SUPPLY,PRICE_DISPUTE,LOW,Routine inquiry / order status check for DIST-GREATLAKES-SUPPLY,Standard operational correspondence regarding order fulfillment tracking and invoice reconciliation.,0.0
ZD-TK-3066,2026-06-10T12:27:00Z,NA-West,DIST-PACIFIC-LOGISTICS,PRICE_DISPUTE,LOW,Routine inquiry / order status check for DIST-PACIFIC-LOGISTICS,Standard operational correspondence regarding order fulfillment tracking and invoice reconciliation.,0.29
ZD-TK-3067,2026-06-10T12:40:00Z,NA-West,DIST-MOUNTAIN-PARTS,PRICE_DISPUTE,LOW,Routine inquiry / order status check for DIST-MOUNTAIN-PARTS,Standard operational correspondence regarding order fulfillment tracking and invoice reconciliation.,-0.02
ZD-TK-3068,2026-06-10T09:47:00Z,NA-West,DIST-CAL-ENTERPRISE,PRICE_DISPUTE,LOW,Routine inquiry / order status check for DIST-CAL-ENTERPRISE,Standard operational correspondence regarding order fulfillment tracking and invoice reconciliation.,-0.17
ZD-TK-3069,2026-06-11T13:37:00Z,NA-East,DIST-APEX-EAST,PRODUCT_QUALITY,MEDIUM,Routine inquiry / order status check for DIST-APEX-EAST,Standard operational correspondence regarding order fulfillment tracking and invoice reconciliation.,-0.3
ZD-TK-3070,2026-06-11T17:39:00Z,NA-Central,DIST-TEXAS-COMMERCIAL,PRODUCT_QUALITY,MEDIUM,Routine inquiry / order status check for DIST-TEXAS-COMMERCIAL,Standard operational correspondence regarding order fulfillment tracking and invoice reconciliation.,0.25
ZD-TK-3071,2026-06-11T14:11:00Z,NA-Central,DIST-TEXAS-COMMERCIAL,PRODUCT_QUALITY,MEDIUM,Routine inquiry / order status check for DIST-TEXAS-COMMERCIAL,Standard operational correspondence regarding order fulfillment tracking and invoice reconciliation.,-0.06
ZD-TK-3072,2026-06-11T12:52:00Z,NA-Central,DIST-TEXAS-COMMERCIAL,PRODUCT_QUALITY,MEDIUM,Routine inquiry / order status check for DIST-TEXAS-COMMERCIAL,Standard operational correspondence regarding order fulfillment tracking and invoice reconciliation.,0.16
ZD-TK-3073,2026-06-11T16:42:00Z,NA-West,DIST-CAL-ENTERPRISE,FULFILLMENT_DELAY,MEDIUM,Routine inquiry / order status check for DIST-CAL-ENTERPRISE,Standard operational correspondence regarding order fulfillment tracking and invoice reconciliation.,-0.21
ZD-TK-3074,2026-06-12T09:28:00Z,NA-East,DIST-TRI-STATE-OPS,FULFILLMENT_DELAY,LOW,Routine inquiry / order status check for DIST-TRI-STATE-OPS,Standard operational correspondence regarding order fulfillment tracking and invoice reconciliation.,0.32
ZD-TK-3075,2026-06-12T17:42:00Z,NA-East,DIST-TRI-STATE-OPS,FULFILLMENT_DELAY,MEDIUM,Routine inquiry / order status check for DIST-TRI-STATE-OPS,Standard operational correspondence regarding order fulfillment tracking and invoice reconciliation.,0.16
ZD-TK-3076,2026-06-12T11:51:00Z,NA-East,DIST-COASTAL-WHOLESALE,PRODUCT_QUALITY,MEDIUM,Routine inquiry / order status check for DIST-COASTAL-WHOLESALE,Standard operational correspondence regarding order fulfillment tracking and invoice reconciliation.,-0.1
ZD-TK-3077,2026-06-12T15:40:00Z,NA-Central,DIST-MIDWEST-DIRECT,PRICE_DISPUTE,LOW,Routine inquiry / order status check for DIST-MIDWEST-DIRECT,Standard operational correspondence regarding order fulfillment tracking and invoice reconciliation.,0.32
ZD-TK-3078,2026-06-12T14:45:00Z,NA-West,DIST-CAL-ENTERPRISE,PRICE_DISPUTE,LOW,Routine inquiry / order status check for DIST-CAL-ENTERPRISE,Standard operational correspondence regarding order fulfillment tracking and invoice reconciliation.,0.23
ZD-TK-3079,2026-06-12T15:41:00Z,NA-West,DIST-MOUNTAIN-PARTS,PRICE_DISPUTE,MEDIUM,Routine inquiry / order status check for DIST-MOUNTAIN-PARTS,Standard operational correspondence regarding order fulfillment tracking and invoice reconciliation.,-0.23
ZD-TK-3080,2026-06-13T09:14:00Z,NA-East,DIST-SUNBELT-PARTS,PRODUCT_QUALITY,MEDIUM,Routine inquiry / order status check for DIST-SUNBELT-PARTS,Standard operational correspondence regarding order fulfillment tracking and invoice reconciliation.,0.15
ZD-TK-3081,2026-06-13T08:13:00Z,NA-Central,DIST-TEXAS-COMMERCIAL,PRICE_DISPUTE,MEDIUM,Routine inquiry / order status check for DIST-TEXAS-COMMERCIAL,Standard operational correspondence regarding order fulfillment tracking and invoice reconciliation.,0.16
ZD-TK-3082,2026-06-13T12:37:00Z,NA-West,DIST-PACIFIC-LOGISTICS,FULFILLMENT_DELAY,MEDIUM,Routine inquiry / order status check for DIST-PACIFIC-LOGISTICS,Standard operational correspondence regarding order fulfillment tracking and invoice reconciliation.,-0.02
ZD-TK-3083,2026-06-13T11:10:00Z,NA-West,DIST-MOUNTAIN-PARTS,FULFILLMENT_DELAY,MEDIUM,Routine inquiry / order status check for DIST-MOUNTAIN-PARTS,Standard operational correspondence regarding order fulfillment tracking and invoice reconciliation.,-0.0
ZD-TK-3084,2026-06-13T16:23:00Z,NA-West,DIST-CAL-ENTERPRISE,PRODUCT_QUALITY,MEDIUM,Routine inquiry / order status check for DIST-CAL-ENTERPRISE,Standard operational correspondence regarding order fulfillment tracking and invoice reconciliation.,0.12
ZD-TK-3085,2026-06-14T15:03:00Z,NA-East,DIST-TRI-STATE-OPS,FULFILLMENT_DELAY,LOW,Routine inquiry / order status check for DIST-TRI-STATE-OPS,Standard operational correspondence regarding order fulfillment tracking and invoice reconciliation.,0.29
ZD-TK-3086,2026-06-14T13:41:00Z,NA-East,DIST-SUNBELT-PARTS,PRICE_DISPUTE,MEDIUM,Routine inquiry / order status check for DIST-SUNBELT-PARTS,Standard operational correspondence regarding order fulfillment tracking and invoice reconciliation.,-0.25
ZD-TK-3087,2026-06-14T11:27:00Z,NA-East,DIST-TRI-STATE-OPS,PRICE_DISPUTE,LOW,Routine inquiry / order status check for DIST-TRI-STATE-OPS,Standard operational correspondence regarding order fulfillment tracking and invoice reconciliation.,0.09
ZD-TK-3088,2026-06-14T12:44:00Z,NA-Central,DIST-TEXAS-COMMERCIAL,PRODUCT_QUALITY,LOW,Routine inquiry / order status check for DIST-TEXAS-COMMERCIAL,Standard operational correspondence regarding order fulfillment tracking and invoice reconciliation.,-0.11
ZD-TK-3089,2026-06-14T15:57:00Z,NA-Central,DIST-TEXAS-COMMERCIAL,FULFILLMENT_DELAY,LOW,Routine inquiry / order status check for DIST-TEXAS-COMMERCIAL,Standard operational correspondence regarding order fulfillment tracking and invoice reconciliation.,0.19
ZD-TK-3090,2026-06-14T10:03:00Z,NA-West,DIST-MOUNTAIN-PARTS,PRICE_DISPUTE,LOW,Routine inquiry / order status check for DIST-MOUNTAIN-PARTS,Standard operational correspondence regarding order fulfillment tracking and invoice reconciliation.,-0.2
ZD-TK-3091,2026-06-14T10:00:00Z,NA-West,DIST-CAL-ENTERPRISE,PRODUCT_QUALITY,MEDIUM,Routine inquiry / order status check for DIST-CAL-ENTERPRISE,Standard operational correspondence regarding order fulfillment tracking and invoice reconciliation.,-0.28
ZD-TK-3092,2026-06-14T08:42:00Z,NA-West,DIST-PACIFIC-LOGISTICS,PRODUCT_QUALITY,MEDIUM,Routine inquiry / order status check for DIST-PACIFIC-LOGISTICS,Standard operational correspondence regarding order fulfillment tracking and invoice reconciliation.,0.02
ZD-TK-3093,2026-06-15T08:00:00Z,NA-East,DIST-COASTAL-WHOLESALE,PRICE_DISPUTE,MEDIUM,Routine inquiry / order status check for DIST-COASTAL-WHOLESALE,Standard operational correspondence regarding order fulfillment tracking and invoice reconciliation.,0.17
ZD-TK-3094,2026-06-15T12:31:00Z,NA-Central,DIST-TEXAS-COMMERCIAL,PRODUCT_QUALITY,LOW,Routine inquiry / order status check for DIST-TEXAS-COMMERCIAL,Standard operational correspondence regarding order fulfillment tracking and invoice reconciliation.,-0.18
ZD-TK-3095,2026-06-15T10:51:00Z,NA-West,DIST-CAL-ENTERPRISE,PRODUCT_QUALITY,MEDIUM,Routine inquiry / order status check for DIST-CAL-ENTERPRISE,Standard operational correspondence regarding order fulfillment tracking and invoice reconciliation.,0.02
ZD-TK-3096,2026-06-15T09:07:00Z,NA-West,DIST-PACIFIC-LOGISTICS,PRICE_DISPUTE,MEDIUM,Routine inquiry / order status check for DIST-PACIFIC-LOGISTICS,Standard operational correspondence regarding order fulfillment tracking and invoice reconciliation.,-0.33
ZD-TK-3097,2026-06-16T09:11:00Z,NA-East,DIST-MIDATL-SUPPLY,PRICE_DISPUTE,MEDIUM,Routine inquiry / order status check for DIST-MIDATL-SUPPLY,Standard operational correspondence regarding order fulfillment tracking and invoice reconciliation.,-0.06
ZD-TK-3098,2026-06-16T12:00:00Z,NA-East,DIST-COASTAL-WHOLESALE,PRICE_DISPUTE,MEDIUM,Routine inquiry / order status check for DIST-COASTAL-WHOLESALE,Standard operational correspondence regarding order fulfillment tracking and invoice reconciliation.,-0.04
ZD-TK-3099,2026-06-16T09:49:00Z,NA-East,DIST-TRI-STATE-OPS,PRODUCT_QUALITY,MEDIUM,Routine inquiry / order status check for DIST-TRI-STATE-OPS,Standard operational correspondence regarding order fulfillment tracking and invoice reconciliation.,0.24
ZD-TK-3100,2026-06-16T13:42:00Z,NA-Central,DIST-TEXAS-COMMERCIAL,PRODUCT_QUALITY,MEDIUM,Routine inquiry / order status check for DIST-TEXAS-COMMERCIAL,Standard operational correspondence regarding order fulfillment tracking and invoice reconciliation.,0.28
ZD-TK-3101,2026-06-16T17:57:00Z,NA-Central,DIST-TEXAS-COMMERCIAL,PRODUCT_QUALITY,MEDIUM,Routine inquiry / order status check for DIST-TEXAS-COMMERCIAL,Standard operational correspondence regarding order fulfillment tracking and invoice reconciliation.,0.08
ZD-TK-3102,2026-06-16T12:23:00Z,NA-West,DIST-CAL-ENTERPRISE,FULFILLMENT_DELAY,LOW,Routine inquiry / order status check for DIST-CAL-ENTERPRISE,Standard operational correspondence regarding order fulfillment tracking and invoice reconciliation.,0.23
ZD-TK-3103,2026-06-16T10:13:00Z,NA-West,DIST-PACIFIC-LOGISTICS,PRICE_DISPUTE,LOW,Routine inquiry / order status check for DIST-PACIFIC-LOGISTICS,Standard operational correspondence regarding order fulfillment tracking and invoice reconciliation.,0.2
ZD-TK-3104,2026-06-17T16:41:00Z,NA-East,DIST-SUNBELT-PARTS,PRODUCT_QUALITY,LOW,Routine inquiry / order status check for DIST-SUNBELT-PARTS,Standard operational correspondence regarding order fulfillment tracking and invoice reconciliation.,-0.12
ZD-TK-3105,2026-06-17T16:05:00Z,NA-East,DIST-COASTAL-WHOLESALE,PRODUCT_QUALITY,LOW,Routine inquiry / order status check for DIST-COASTAL-WHOLESALE,Standard operational correspondence regarding order fulfillment tracking and invoice reconciliation.,0.25
ZD-TK-3106,2026-06-17T15:24:00Z,NA-Central,DIST-MIDWEST-DIRECT,FULFILLMENT_DELAY,LOW,Routine inquiry / order status check for DIST-MIDWEST-DIRECT,Standard operational correspondence regarding order fulfillment tracking and invoice reconciliation.,-0.11
ZD-TK-3107,2026-06-17T11:51:00Z,NA-Central,DIST-TEXAS-COMMERCIAL,FULFILLMENT_DELAY,MEDIUM,Routine inquiry / order status check for DIST-TEXAS-COMMERCIAL,Standard operational correspondence regarding order fulfillment tracking and invoice reconciliation.,0.07
ZD-TK-3108,2026-06-17T14:21:00Z,NA-Central,DIST-GREATLAKES-SUPPLY,PRODUCT_QUALITY,MEDIUM,Routine inquiry / order status check for DIST-GREATLAKES-SUPPLY,Standard operational correspondence regarding order fulfillment tracking and invoice reconciliation.,0.26
ZD-TK-3109,2026-06-17T13:55:00Z,NA-West,DIST-CAL-ENTERPRISE,PRICE_DISPUTE,MEDIUM,Routine inquiry / order status check for DIST-CAL-ENTERPRISE,Standard operational correspondence regarding order fulfillment tracking and invoice reconciliation.,-0.26
ZD-TK-3110,2026-06-18T09:25:00Z,NA-East,DIST-TRI-STATE-OPS,PRICE_DISPUTE,MEDIUM,Routine inquiry / order status check for DIST-TRI-STATE-OPS,Standard operational correspondence regarding order fulfillment tracking and invoice reconciliation.,0.16
ZD-TK-3111,2026-06-18T16:21:00Z,NA-East,DIST-MIDATL-SUPPLY,PRODUCT_QUALITY,LOW,Routine inquiry / order status check for DIST-MIDATL-SUPPLY,Standard operational correspondence regarding order fulfillment tracking and invoice reconciliation.,0.08
ZD-TK-3112,2026-06-18T14:33:00Z,NA-Central,DIST-GREATLAKES-SUPPLY,PRODUCT_QUALITY,MEDIUM,Routine inquiry / order status check for DIST-GREATLAKES-SUPPLY,Standard operational correspondence regarding order fulfillment tracking and invoice reconciliation.,0.17
ZD-TK-3113,2026-06-18T15:23:00Z,NA-Central,DIST-MIDWEST-DIRECT,FULFILLMENT_DELAY,MEDIUM,Routine inquiry / order status check for DIST-MIDWEST-DIRECT,Standard operational correspondence regarding order fulfillment tracking and invoice reconciliation.,0.31
ZD-TK-3114,2026-06-18T09:21:00Z,NA-West,DIST-CAL-ENTERPRISE,FULFILLMENT_DELAY,LOW,Routine inquiry / order status check for DIST-CAL-ENTERPRISE,Standard operational correspondence regarding order fulfillment tracking and invoice reconciliation.,-0.16
ZD-TK-3115,2026-06-19T11:52:00Z,NA-East,DIST-MIDATL-SUPPLY,FULFILLMENT_DELAY,MEDIUM,Routine inquiry / order status check for DIST-MIDATL-SUPPLY,Standard operational correspondence regarding order fulfillment tracking and invoice reconciliation.,0.08
ZD-TK-3116,2026-06-19T11:20:00Z,NA-Central,DIST-TEXAS-COMMERCIAL,FULFILLMENT_DELAY,LOW,Routine inquiry / order status check for DIST-TEXAS-COMMERCIAL,Standard operational correspondence regarding order fulfillment tracking and invoice reconciliation.,-0.29
ZD-TK-3117,2026-06-19T14:26:00Z,NA-West,DIST-PACIFIC-LOGISTICS,FULFILLMENT_DELAY,MEDIUM,Routine inquiry / order status check for DIST-PACIFIC-LOGISTICS,Standard operational correspondence regarding order fulfillment tracking and invoice reconciliation.,0.33
ZD-TK-3118,2026-06-19T14:01:00Z,NA-West,DIST-MOUNTAIN-PARTS,PRODUCT_QUALITY,LOW,Routine inquiry / order status check for DIST-MOUNTAIN-PARTS,Standard operational correspondence regarding order fulfillment tracking and invoice reconciliation.,0.09
ZD-TK-3119,2026-06-20T13:29:00Z,NA-East,DIST-APEX-EAST,PRODUCT_QUALITY,MEDIUM,Routine inquiry / order status check for DIST-APEX-EAST,Standard operational correspondence regarding order fulfillment tracking and invoice reconciliation.,0.08
ZD-TK-3120,2026-06-20T13:30:00Z,NA-East,DIST-EMPIRE-IND,PRICE_DISPUTE,MEDIUM,Routine inquiry / order status check for DIST-EMPIRE-IND,Standard operational correspondence regarding order fulfillment tracking and invoice reconciliation.,0.01
ZD-TK-3121,2026-06-20T08:46:00Z,NA-East,DIST-EMPIRE-IND,FULFILLMENT_DELAY,LOW,Routine inquiry / order status check for DIST-EMPIRE-IND,Standard operational correspondence regarding order fulfillment tracking and invoice reconciliation.,-0.07
ZD-TK-3122,2026-06-20T12:00:00Z,NA-Central,DIST-GREATLAKES-SUPPLY,FULFILLMENT_DELAY,MEDIUM,Routine inquiry / order status check for DIST-GREATLAKES-SUPPLY,Standard operational correspondence regarding order fulfillment tracking and invoice reconciliation.,0.2
ZD-TK-3123,2026-06-20T08:04:00Z,NA-West,DIST-PACIFIC-LOGISTICS,FULFILLMENT_DELAY,MEDIUM,Routine inquiry / order status check for DIST-PACIFIC-LOGISTICS,Standard operational correspondence regarding order fulfillment tracking and invoice reconciliation.,0.19
ZD-TK-3124,2026-06-20T09:21:00Z,NA-West,DIST-PACIFIC-LOGISTICS,FULFILLMENT_DELAY,LOW,Routine inquiry / order status check for DIST-PACIFIC-LOGISTICS,Standard operational correspondence regarding order fulfillment tracking and invoice reconciliation.,0.17
ZD-TK-3125,2026-06-20T11:16:00Z,NA-West,DIST-PACIFIC-LOGISTICS,FULFILLMENT_DELAY,MEDIUM,Routine inquiry / order status check for DIST-PACIFIC-LOGISTICS,Standard operational correspondence regarding order fulfillment tracking and invoice reconciliation.,0.27
ZD-TK-3126,2026-06-21T10:59:00Z,NA-East,DIST-SUNBELT-PARTS,FULFILLMENT_DELAY,MEDIUM,Routine inquiry / order status check for DIST-SUNBELT-PARTS,Standard operational correspondence regarding order fulfillment tracking and invoice reconciliation.,0.07
ZD-TK-3127,2026-06-21T14:44:00Z,NA-East,DIST-SUNBELT-PARTS,FULFILLMENT_DELAY,LOW,Routine inquiry / order status check for DIST-SUNBELT-PARTS,Standard operational correspondence regarding order fulfillment tracking and invoice reconciliation.,0.31
ZD-TK-3128,2026-06-21T15:46:00Z,NA-East,DIST-EMPIRE-IND,PRODUCT_QUALITY,LOW,Routine inquiry / order status check for DIST-EMPIRE-IND,Standard operational correspondence regarding order fulfillment tracking and invoice reconciliation.,0.18
ZD-TK-3129,2026-06-21T10:59:00Z,NA-Central,DIST-GREATLAKES-SUPPLY,FULFILLMENT_DELAY,MEDIUM,Routine inquiry / order status check for DIST-GREATLAKES-SUPPLY,Standard operational correspondence regarding order fulfillment tracking and invoice reconciliation.,-0.19
ZD-TK-3130,2026-06-21T10:18:00Z,NA-West,DIST-MOUNTAIN-PARTS,PRODUCT_QUALITY,LOW,Routine inquiry / order status check for DIST-MOUNTAIN-PARTS,Standard operational correspondence regarding order fulfillment tracking and invoice reconciliation.,-0.08
ZD-TK-3131,2026-06-22T10:24:00Z,NA-East,DIST-MIDATL-SUPPLY,FULFILLMENT_DELAY,MEDIUM,Routine inquiry / order status check for DIST-MIDATL-SUPPLY,Standard operational correspondence regarding order fulfillment tracking and invoice reconciliation.,-0.28
ZD-TK-3132,2026-06-22T16:38:00Z,NA-Central,DIST-GREATLAKES-SUPPLY,FULFILLMENT_DELAY,MEDIUM,Routine inquiry / order status check for DIST-GREATLAKES-SUPPLY,Standard operational correspondence regarding order fulfillment tracking and invoice reconciliation.,-0.04
ZD-TK-3133,2026-06-22T16:03:00Z,NA-West,DIST-MOUNTAIN-PARTS,PRICE_DISPUTE,MEDIUM,Routine inquiry / order status check for DIST-MOUNTAIN-PARTS,Standard operational correspondence regarding order fulfillment tracking and invoice reconciliation.,0.33
ZD-TK-3134,2026-06-22T15:08:00Z,NA-West,DIST-CAL-ENTERPRISE,PRODUCT_QUALITY,LOW,Routine inquiry / order status check for DIST-CAL-ENTERPRISE,Standard operational correspondence regarding order fulfillment tracking and invoice reconciliation.,0.23
ZD-TK-3135,2026-06-23T08:20:00Z,NA-East,DIST-APEX-EAST,PRODUCT_QUALITY,LOW,Routine inquiry / order status check for DIST-APEX-EAST,Standard operational correspondence regarding order fulfillment tracking and invoice reconciliation.,0.34
ZD-TK-3136,2026-06-23T14:41:00Z,NA-East,DIST-APEX-EAST,PRODUCT_QUALITY,MEDIUM,Routine inquiry / order status check for DIST-APEX-EAST,Standard operational correspondence regarding order fulfillment tracking and invoice reconciliation.,-0.25
ZD-TK-3137,2026-06-23T11:54:00Z,NA-East,DIST-MIDATL-SUPPLY,PRODUCT_QUALITY,LOW,Routine inquiry / order status check for DIST-MIDATL-SUPPLY,Standard operational correspondence regarding order fulfillment tracking and invoice reconciliation.,0.29
ZD-TK-3138,2026-06-23T17:31:00Z,NA-Central,DIST-MIDWEST-DIRECT,PRODUCT_QUALITY,MEDIUM,Routine inquiry / order status check for DIST-MIDWEST-DIRECT,Standard operational correspondence regarding order fulfillment tracking and invoice reconciliation.,-0.02
ZD-TK-3139,2026-06-23T11:40:00Z,NA-Central,DIST-GREATLAKES-SUPPLY,FULFILLMENT_DELAY,MEDIUM,Routine inquiry / order status check for DIST-GREATLAKES-SUPPLY,Standard operational correspondence regarding order fulfillment tracking and invoice reconciliation.,0.15
ZD-TK-3140,2026-06-23T09:44:00Z,NA-Central,DIST-GREATLAKES-SUPPLY,PRODUCT_QUALITY,LOW,Routine inquiry / order status check for DIST-GREATLAKES-SUPPLY,Standard operational correspondence regarding order fulfillment tracking and invoice reconciliation.,0.19
ZD-TK-3141,2026-06-23T16:46:00Z,NA-West,DIST-PACIFIC-LOGISTICS,PRICE_DISPUTE,LOW,Routine inquiry / order status check for DIST-PACIFIC-LOGISTICS,Standard operational correspondence regarding order fulfillment tracking and invoice reconciliation.,-0.35
ZD-TK-3142,2026-06-23T11:13:00Z,NA-West,DIST-CAL-ENTERPRISE,FULFILLMENT_DELAY,LOW,Routine inquiry / order status check for DIST-CAL-ENTERPRISE,Standard operational correspondence regarding order fulfillment tracking and invoice reconciliation.,0.34
ZD-TK-3143,2026-06-24T15:47:00Z,NA-East,DIST-APEX-EAST,FULFILLMENT_DELAY,MEDIUM,Routine inquiry / order status check for DIST-APEX-EAST,Standard operational correspondence regarding order fulfillment tracking and invoice reconciliation.,-0.07
ZD-TK-3144,2026-06-24T15:22:00Z,NA-East,DIST-MIDATL-SUPPLY,PRODUCT_QUALITY,LOW,Routine inquiry / order status check for DIST-MIDATL-SUPPLY,Standard operational correspondence regarding order fulfillment tracking and invoice reconciliation.,0.18
ZD-TK-3145,2026-06-24T14:20:00Z,NA-Central,DIST-TEXAS-COMMERCIAL,FULFILLMENT_DELAY,LOW,Routine inquiry / order status check for DIST-TEXAS-COMMERCIAL,Standard operational correspondence regarding order fulfillment tracking and invoice reconciliation.,-0.19
ZD-TK-3146,2026-06-24T10:14:00Z,NA-Central,DIST-MIDWEST-DIRECT,PRODUCT_QUALITY,MEDIUM,Routine inquiry / order status check for DIST-MIDWEST-DIRECT,Standard operational correspondence regarding order fulfillment tracking and invoice reconciliation.,-0.1
ZD-TK-3147,2026-06-24T10:08:00Z,NA-Central,DIST-MIDWEST-DIRECT,PRICE_DISPUTE,MEDIUM,Routine inquiry / order status check for DIST-MIDWEST-DIRECT,Standard operational correspondence regarding order fulfillment tracking and invoice reconciliation.,0.18
ZD-TK-3148,2026-06-24T09:41:00Z,NA-West,DIST-CAL-ENTERPRISE,PRODUCT_QUALITY,LOW,Routine inquiry / order status check for DIST-CAL-ENTERPRISE,Standard operational correspondence regarding order fulfillment tracking and invoice reconciliation.,0.03
ZD-TK-3149,2026-06-24T16:43:00Z,NA-West,DIST-CAL-ENTERPRISE,PRODUCT_QUALITY,MEDIUM,Routine inquiry / order status check for DIST-CAL-ENTERPRISE,Standard operational correspondence regarding order fulfillment tracking and invoice reconciliation.,0.09
ZD-TK-3150,2026-06-25T12:17:00Z,NA-East,DIST-EMPIRE-IND,PRODUCT_QUALITY,LOW,Routine inquiry / order status check for DIST-EMPIRE-IND,Standard operational correspondence regarding order fulfillment tracking and invoice reconciliation.,-0.09
ZD-TK-3151,2026-06-25T13:54:00Z,NA-East,DIST-MIDATL-SUPPLY,FULFILLMENT_DELAY,LOW,Routine inquiry / order status check for DIST-MIDATL-SUPPLY,Standard operational correspondence regarding order fulfillment tracking and invoice reconciliation.,-0.13
ZD-TK-3152,2026-06-25T15:50:00Z,NA-Central,DIST-GREATLAKES-SUPPLY,PRODUCT_QUALITY,LOW,Routine inquiry / order status check for DIST-GREATLAKES-SUPPLY,Standard operational correspondence regarding order fulfillment tracking and invoice reconciliation.,0.04
ZD-TK-3153,2026-06-25T17:04:00Z,NA-West,DIST-MOUNTAIN-PARTS,PRODUCT_QUALITY,MEDIUM,Routine inquiry / order status check for DIST-MOUNTAIN-PARTS,Standard operational correspondence regarding order fulfillment tracking and invoice reconciliation.,0.05
ZD-TK-3154,2026-06-26T16:59:00Z,NA-East,DIST-MIDATL-SUPPLY,PRODUCT_QUALITY,MEDIUM,Routine inquiry / order status check for DIST-MIDATL-SUPPLY,Standard operational correspondence regarding order fulfillment tracking and invoice reconciliation.,-0.17
ZD-TK-3155,2026-06-26T13:07:00Z,NA-East,DIST-APEX-EAST,PRICE_DISPUTE,MEDIUM,Routine inquiry / order status check for DIST-APEX-EAST,Standard operational correspondence regarding order fulfillment tracking and invoice reconciliation.,0.15
ZD-TK-3156,2026-06-26T11:59:00Z,NA-Central,DIST-GREATLAKES-SUPPLY,PRICE_DISPUTE,MEDIUM,Routine inquiry / order status check for DIST-GREATLAKES-SUPPLY,Standard operational correspondence regarding order fulfillment tracking and invoice reconciliation.,0.04
ZD-TK-3157,2026-06-26T10:30:00Z,NA-Central,DIST-TEXAS-COMMERCIAL,PRICE_DISPUTE,LOW,Routine inquiry / order status check for DIST-TEXAS-COMMERCIAL,Standard operational correspondence regarding order fulfillment tracking and invoice reconciliation.,0.32
ZD-TK-3158,2026-06-26T14:09:00Z,NA-Central,DIST-TEXAS-COMMERCIAL,PRICE_DISPUTE,LOW,Routine inquiry / order status check for DIST-TEXAS-COMMERCIAL,Standard operational correspondence regarding order fulfillment tracking and invoice reconciliation.,0.13
ZD-TK-3159,2026-06-26T09:21:00Z,NA-West,DIST-MOUNTAIN-PARTS,PRICE_DISPUTE,LOW,Routine inquiry / order status check for DIST-MOUNTAIN-PARTS,Standard operational correspondence regarding order fulfillment tracking and invoice reconciliation.,0.17
ZD-TK-3160,2026-06-26T10:58:00Z,NA-West,DIST-PACIFIC-LOGISTICS,PRODUCT_QUALITY,MEDIUM,Routine inquiry / order status check for DIST-PACIFIC-LOGISTICS,Standard operational correspondence regarding order fulfillment tracking and invoice reconciliation.,-0.09
ZD-TK-3161,2026-06-26T08:21:00Z,NA-West,DIST-CAL-ENTERPRISE,FULFILLMENT_DELAY,LOW,Routine inquiry / order status check for DIST-CAL-ENTERPRISE,Standard operational correspondence regarding order fulfillment tracking and invoice reconciliation.,-0.05
ZD-TK-3162,2026-06-27T09:28:00Z,NA-East,DIST-COASTAL-WHOLESALE,PRODUCT_QUALITY,MEDIUM,Routine inquiry / order status check for DIST-COASTAL-WHOLESALE,Standard operational correspondence regarding order fulfillment tracking and invoice reconciliation.,0.06
ZD-TK-3163,2026-06-27T09:21:00Z,NA-Central,DIST-TEXAS-COMMERCIAL,FULFILLMENT_DELAY,LOW,Routine inquiry / order status check for DIST-TEXAS-COMMERCIAL,Standard operational correspondence regarding order fulfillment tracking and invoice reconciliation.,0.29
ZD-TK-3164,2026-06-27T16:43:00Z,NA-Central,DIST-TEXAS-COMMERCIAL,PRODUCT_QUALITY,LOW,Routine inquiry / order status check for DIST-TEXAS-COMMERCIAL,Standard operational correspondence regarding order fulfillment tracking and invoice reconciliation.,0.07
ZD-TK-3165,2026-06-27T11:39:00Z,NA-Central,DIST-TEXAS-COMMERCIAL,PRICE_DISPUTE,LOW,Routine inquiry / order status check for DIST-TEXAS-COMMERCIAL,Standard operational correspondence regarding order fulfillment tracking and invoice reconciliation.,0.13
ZD-TK-3166,2026-06-27T13:27:00Z,NA-West,DIST-MOUNTAIN-PARTS,PRICE_DISPUTE,LOW,Routine inquiry / order status check for DIST-MOUNTAIN-PARTS,Standard operational correspondence regarding order fulfillment tracking and invoice reconciliation.,-0.33
ZD-TK-3167,2026-06-27T12:55:00Z,NA-West,DIST-MOUNTAIN-PARTS,FULFILLMENT_DELAY,MEDIUM,Routine inquiry / order status check for DIST-MOUNTAIN-PARTS,Standard operational correspondence regarding order fulfillment tracking and invoice reconciliation.,0.21
ZD-TK-3168,2026-06-28T08:04:00Z,NA-East,DIST-MIDATL-SUPPLY,FULFILLMENT_DELAY,MEDIUM,Routine inquiry / order status check for DIST-MIDATL-SUPPLY,Standard operational correspondence regarding order fulfillment tracking and invoice reconciliation.,-0.18
ZD-TK-3169,2026-06-28T11:27:00Z,NA-Central,DIST-GREATLAKES-SUPPLY,PRICE_DISPUTE,MEDIUM,Routine inquiry / order status check for DIST-GREATLAKES-SUPPLY,Standard operational correspondence regarding order fulfillment tracking and invoice reconciliation.,0.18
ZD-TK-3170,2026-06-28T16:39:00Z,NA-Central,DIST-GREATLAKES-SUPPLY,PRODUCT_QUALITY,MEDIUM,Routine inquiry / order status check for DIST-GREATLAKES-SUPPLY,Standard operational correspondence regarding order fulfillment tracking and invoice reconciliation.,0.2
ZD-TK-3171,2026-06-28T08:48:00Z,NA-West,DIST-CAL-ENTERPRISE,PRODUCT_QUALITY,MEDIUM,Routine inquiry / order status check for DIST-CAL-ENTERPRISE,Standard operational correspondence regarding order fulfillment tracking and invoice reconciliation.,-0.1
ZD-TK-3172,2026-06-28T09:00:00Z,NA-West,DIST-CAL-ENTERPRISE,PRICE_DISPUTE,MEDIUM,Routine inquiry / order status check for DIST-CAL-ENTERPRISE,Standard operational correspondence regarding order fulfillment tracking and invoice reconciliation.,-0.18
ZD-TK-3173,2026-06-28T17:40:00Z,NA-West,DIST-MOUNTAIN-PARTS,PRODUCT_QUALITY,MEDIUM,Routine inquiry / order status check for DIST-MOUNTAIN-PARTS,Standard operational correspondence regarding order fulfillment tracking and invoice reconciliation.,-0.3
ZD-TK-3174,2026-06-29T11:12:00Z,NA-East,DIST-TRI-STATE-OPS,FULFILLMENT_DELAY,MEDIUM,Routine inquiry / order status check for DIST-TRI-STATE-OPS,Standard operational correspondence regarding order fulfillment tracking and invoice reconciliation.,0.19
ZD-TK-3175,2026-06-29T16:59:00Z,NA-East,DIST-APEX-EAST,PRICE_DISPUTE,MEDIUM,Routine inquiry / order status check for DIST-APEX-EAST,Standard operational correspondence regarding order fulfillment tracking and invoice reconciliation.,-0.11
ZD-TK-3176,2026-06-29T16:05:00Z,NA-East,DIST-MIDATL-SUPPLY,FULFILLMENT_DELAY,LOW,Routine inquiry / order status check for DIST-MIDATL-SUPPLY,Standard operational correspondence regarding order fulfillment tracking and invoice reconciliation.,-0.33
ZD-TK-3177,2026-06-29T14:40:00Z,NA-Central,DIST-TEXAS-COMMERCIAL,FULFILLMENT_DELAY,MEDIUM,Routine inquiry / order status check for DIST-TEXAS-COMMERCIAL,Standard operational correspondence regarding order fulfillment tracking and invoice reconciliation.,0.27
ZD-TK-3178,2026-06-29T17:21:00Z,NA-West,DIST-MOUNTAIN-PARTS,PRICE_DISPUTE,LOW,Routine inquiry / order status check for DIST-MOUNTAIN-PARTS,Standard operational correspondence regarding order fulfillment tracking and invoice reconciliation.,0.32
ZD-TK-3179,2026-06-29T12:03:00Z,NA-West,DIST-MOUNTAIN-PARTS,FULFILLMENT_DELAY,LOW,Routine inquiry / order status check for DIST-MOUNTAIN-PARTS,Standard operational correspondence regarding order fulfillment tracking and invoice reconciliation.,-0.08
ZD-TK-3180,2026-06-30T12:12:00Z,NA-East,DIST-MIDATL-SUPPLY,PRICE_DISPUTE,LOW,Routine inquiry / order status check for DIST-MIDATL-SUPPLY,Standard operational correspondence regarding order fulfillment tracking and invoice reconciliation.,-0.32
ZD-TK-3181,2026-06-30T15:17:00Z,NA-East,DIST-COASTAL-WHOLESALE,FULFILLMENT_DELAY,LOW,Routine inquiry / order status check for DIST-COASTAL-WHOLESALE,Standard operational correspondence regarding order fulfillment tracking and invoice reconciliation.,-0.17
ZD-TK-3182,2026-06-30T12:39:00Z,NA-Central,DIST-TEXAS-COMMERCIAL,PRODUCT_QUALITY,LOW,Routine inquiry / order status check for DIST-TEXAS-COMMERCIAL,Standard operational correspondence regarding order fulfillment tracking and invoice reconciliation.,-0.03
ZD-TK-3183,2026-06-30T17:22:00Z,NA-West,DIST-MOUNTAIN-PARTS,PRICE_DISPUTE,MEDIUM,Routine inquiry / order status check for DIST-MOUNTAIN-PARTS,Standard operational correspondence regarding order fulfillment tracking and invoice reconciliation.,-0.09
ZD-TK-3184,2026-06-30T16:51:00Z,NA-West,DIST-CAL-ENTERPRISE,PRODUCT_QUALITY,MEDIUM,Routine inquiry / order status check for DIST-CAL-ENTERPRISE,Standard operational correspondence regarding order fulfillment tracking and invoice reconciliation.,-0.25
ZD-TK-3185,2026-06-30T14:18:00Z,NA-West,DIST-CAL-ENTERPRISE,FULFILLMENT_DELAY,MEDIUM,Routine inquiry / order status check for DIST-CAL-ENTERPRISE,Standard operational correspondence regarding order fulfillment tracking and invoice reconciliation.,0.24
ZD-TK-3186,2026-07-01T16:03:00Z,NA-East,DIST-SUNBELT-PARTS,PRICE_DISPUTE,LOW,Routine inquiry / order status check for DIST-SUNBELT-PARTS,Standard operational correspondence regarding order fulfillment tracking and invoice reconciliation.,0.28
ZD-TK-3187,2026-07-01T13:02:00Z,NA-East,DIST-MIDATL-SUPPLY,FULFILLMENT_DELAY,MEDIUM,Routine inquiry / order status check for DIST-MIDATL-SUPPLY,Standard operational correspondence regarding order fulfillment tracking and invoice reconciliation.,-0.31
ZD-TK-3188,2026-07-01T17:01:00Z,NA-East,DIST-SUNBELT-PARTS,PRICE_DISPUTE,LOW,Routine inquiry / order status check for DIST-SUNBELT-PARTS,Standard operational correspondence regarding order fulfillment tracking and invoice reconciliation.,-0.08
ZD-TK-3189,2026-07-01T17:25:00Z,NA-Central,DIST-TEXAS-COMMERCIAL,PRODUCT_QUALITY,LOW,Routine inquiry / order status check for DIST-TEXAS-COMMERCIAL,Standard operational correspondence regarding order fulfillment tracking and invoice reconciliation.,-0.28
ZD-TK-3190,2026-07-01T15:15:00Z,NA-West,DIST-CAL-ENTERPRISE,PRODUCT_QUALITY,LOW,Routine inquiry / order status check for DIST-CAL-ENTERPRISE,Standard operational correspondence regarding order fulfillment tracking and invoice reconciliation.,-0.02
ZD-TK-3191,2026-07-01T15:08:00Z,NA-West,DIST-PACIFIC-LOGISTICS,PRODUCT_QUALITY,LOW,Routine inquiry / order status check for DIST-PACIFIC-LOGISTICS,Standard operational correspondence regarding order fulfillment tracking and invoice reconciliation.,-0.03
ZD-TK-3192,2026-07-01T10:03:00Z,NA-West,DIST-CAL-ENTERPRISE,PRODUCT_QUALITY,MEDIUM,Routine inquiry / order status check for DIST-CAL-ENTERPRISE,Standard operational correspondence regarding order fulfillment tracking and invoice reconciliation.,-0.13
ZD-TK-3193,2026-07-02T16:22:00Z,NA-East,DIST-APEX-EAST,FULFILLMENT_DELAY,LOW,Routine inquiry / order status check for DIST-APEX-EAST,Standard operational correspondence regarding order fulfillment tracking and invoice reconciliation.,-0.3
ZD-TK-3194,2026-07-02T10:16:00Z,NA-Central,DIST-GREATLAKES-SUPPLY,PRODUCT_QUALITY,MEDIUM,Routine inquiry / order status check for DIST-GREATLAKES-SUPPLY,Standard operational correspondence regarding order fulfillment tracking and invoice reconciliation.,0.11
ZD-TK-3195,2026-07-02T12:44:00Z,NA-West,DIST-PACIFIC-LOGISTICS,PRODUCT_QUALITY,MEDIUM,Routine inquiry / order status check for DIST-PACIFIC-LOGISTICS,Standard operational correspondence regarding order fulfillment tracking and invoice reconciliation.,-0.13
ZD-TK-3196,2026-07-02T17:36:00Z,NA-West,DIST-PACIFIC-LOGISTICS,PRICE_DISPUTE,MEDIUM,Routine inquiry / order status check for DIST-PACIFIC-LOGISTICS,Standard operational correspondence regarding order fulfillment tracking and invoice reconciliation.,-0.16
ZD-TK-3197,2026-07-03T16:44:00Z,NA-East,DIST-SUNBELT-PARTS,FULFILLMENT_DELAY,MEDIUM,Routine inquiry / order status check for DIST-SUNBELT-PARTS,Standard operational correspondence regarding order fulfillment tracking and invoice reconciliation.,0.29
ZD-TK-3198,2026-07-03T16:58:00Z,NA-East,DIST-SUNBELT-PARTS,FULFILLMENT_DELAY,MEDIUM,Routine inquiry / order status check for DIST-SUNBELT-PARTS,Standard operational correspondence regarding order fulfillment tracking and invoice reconciliation.,0.28
ZD-TK-3199,2026-07-03T08:07:00Z,NA-Central,DIST-MIDWEST-DIRECT,PRICE_DISPUTE,MEDIUM,Routine inquiry / order status check for DIST-MIDWEST-DIRECT,Standard operational correspondence regarding order fulfillment tracking and invoice reconciliation.,-0.35
ZD-TK-3200,2026-07-03T11:41:00Z,NA-Central,DIST-GREATLAKES-SUPPLY,FULFILLMENT_DELAY,MEDIUM,Routine inquiry / order status check for DIST-GREATLAKES-SUPPLY,Standard operational correspondence regarding order fulfillment tracking and invoice reconciliation.,-0.05
ZD-TK-3201,2026-07-03T11:40:00Z,NA-West,DIST-PACIFIC-LOGISTICS,FULFILLMENT_DELAY,MEDIUM,Routine inquiry / order status check for DIST-PACIFIC-LOGISTICS,Standard operational correspondence regarding order fulfillment tracking and invoice reconciliation.,0.22
ZD-TK-3202,2026-07-03T10:30:00Z,NA-West,DIST-CAL-ENTERPRISE,FULFILLMENT_DELAY,LOW,Routine inquiry / order status check for DIST-CAL-ENTERPRISE,Standard operational correspondence regarding order fulfillment tracking and invoice reconciliation.,0.05
ZD-TK-3203,2026-07-03T13:05:00Z,NA-West,DIST-PACIFIC-LOGISTICS,FULFILLMENT_DELAY,LOW,Routine inquiry / order status check for DIST-PACIFIC-LOGISTICS,Standard operational correspondence regarding order fulfillment tracking and invoice reconciliation.,0.08
ZD-TK-3204,2026-07-04T13:43:00Z,NA-East,DIST-APEX-EAST,PRODUCT_QUALITY,LOW,Routine inquiry / order status check for DIST-APEX-EAST,Standard operational correspondence regarding order fulfillment tracking and invoice reconciliation.,0.32
ZD-TK-3205,2026-07-04T14:25:00Z,NA-East,DIST-TRI-STATE-OPS,PRODUCT_QUALITY,MEDIUM,Routine inquiry / order status check for DIST-TRI-STATE-OPS,Standard operational correspondence regarding order fulfillment tracking and invoice reconciliation.,-0.33
ZD-TK-3206,2026-07-04T09:13:00Z,NA-Central,DIST-TEXAS-COMMERCIAL,FULFILLMENT_DELAY,MEDIUM,Routine inquiry / order status check for DIST-TEXAS-COMMERCIAL,Standard operational correspondence regarding order fulfillment tracking and invoice reconciliation.,-0.01
ZD-TK-3207,2026-07-04T16:14:00Z,NA-West,DIST-MOUNTAIN-PARTS,PRODUCT_QUALITY,LOW,Routine inquiry / order status check for DIST-MOUNTAIN-PARTS,Standard operational correspondence regarding order fulfillment tracking and invoice reconciliation.,0.27
ZD-TK-3208,2026-07-05T13:35:00Z,NA-East,DIST-COASTAL-WHOLESALE,FULFILLMENT_DELAY,LOW,Routine inquiry / order status check for DIST-COASTAL-WHOLESALE,Standard operational correspondence regarding order fulfillment tracking and invoice reconciliation.,0.15
ZD-TK-3209,2026-07-05T11:01:00Z,NA-Central,DIST-MIDWEST-DIRECT,PRICE_DISPUTE,MEDIUM,Routine inquiry / order status check for DIST-MIDWEST-DIRECT,Standard operational correspondence regarding order fulfillment tracking and invoice reconciliation.,0.23
ZD-TK-3210,2026-07-05T12:46:00Z,NA-Central,DIST-GREATLAKES-SUPPLY,PRICE_DISPUTE,MEDIUM,Routine inquiry / order status check for DIST-GREATLAKES-SUPPLY,Standard operational correspondence regarding order fulfillment tracking and invoice reconciliation.,0.1
ZD-TK-3211,2026-07-05T13:44:00Z,NA-West,DIST-CAL-ENTERPRISE,PRODUCT_QUALITY,MEDIUM,Routine inquiry / order status check for DIST-CAL-ENTERPRISE,Standard operational correspondence regarding order fulfillment tracking and invoice reconciliation.,0.16
ZD-TK-3212,2026-07-05T10:15:00Z,NA-West,DIST-MOUNTAIN-PARTS,FULFILLMENT_DELAY,MEDIUM,Routine inquiry / order status check for DIST-MOUNTAIN-PARTS,Standard operational correspondence regarding order fulfillment tracking and invoice reconciliation.,-0.31
ZD-TK-3213,2026-07-06T08:40:00Z,NA-East,DIST-EMPIRE-IND,FULFILLMENT_DELAY,LOW,Routine inquiry / order status check for DIST-EMPIRE-IND,Standard operational correspondence regarding order fulfillment tracking and invoice reconciliation.,-0.07
ZD-TK-3214,2026-07-06T15:26:00Z,NA-East,DIST-MIDATL-SUPPLY,PRODUCT_QUALITY,LOW,Routine inquiry / order status check for DIST-MIDATL-SUPPLY,Standard operational correspondence regarding order fulfillment tracking and invoice reconciliation.,0.28
ZD-TK-3215,2026-07-06T08:51:00Z,NA-East,DIST-EMPIRE-IND,FULFILLMENT_DELAY,LOW,Routine inquiry / order status check for DIST-EMPIRE-IND,Standard operational correspondence regarding order fulfillment tracking and invoice reconciliation.,0.21
ZD-TK-3216,2026-07-06T16:46:00Z,NA-Central,DIST-GREATLAKES-SUPPLY,PRICE_DISPUTE,MEDIUM,Routine inquiry / order status check for DIST-GREATLAKES-SUPPLY,Standard operational correspondence regarding order fulfillment tracking and invoice reconciliation.,0.17
ZD-TK-3217,2026-07-06T08:47:00Z,NA-Central,DIST-MIDWEST-DIRECT,FULFILLMENT_DELAY,MEDIUM,Routine inquiry / order status check for DIST-MIDWEST-DIRECT,Standard operational correspondence regarding order fulfillment tracking and invoice reconciliation.,0.29
ZD-TK-3218,2026-07-06T17:43:00Z,NA-Central,DIST-MIDWEST-DIRECT,PRICE_DISPUTE,LOW,Routine inquiry / order status check for DIST-MIDWEST-DIRECT,Standard operational correspondence regarding order fulfillment tracking and invoice reconciliation.,-0.25
ZD-TK-3219,2026-07-06T15:32:00Z,NA-West,DIST-PACIFIC-LOGISTICS,PRICE_DISPUTE,LOW,Routine inquiry / order status check for DIST-PACIFIC-LOGISTICS,Standard operational correspondence regarding order fulfillment tracking and invoice reconciliation.,0.18
ZD-TK-3220,2026-07-06T13:11:00Z,NA-West,DIST-PACIFIC-LOGISTICS,FULFILLMENT_DELAY,LOW,Routine inquiry / order status check for DIST-PACIFIC-LOGISTICS,Standard operational correspondence regarding order fulfillment tracking and invoice reconciliation.,0.34
ZD-TK-3221,2026-07-06T13:16:00Z,NA-West,DIST-CAL-ENTERPRISE,PRICE_DISPUTE,LOW,Routine inquiry / order status check for DIST-CAL-ENTERPRISE,Standard operational correspondence regarding order fulfillment tracking and invoice reconciliation.,-0.17
ZD-TK-3222,2026-07-07T17:29:00Z,NA-East,DIST-SUNBELT-PARTS,PRICE_DISPUTE,MEDIUM,Routine inquiry / order status check for DIST-SUNBELT-PARTS,Standard operational correspondence regarding order fulfillment tracking and invoice reconciliation.,-0.1
ZD-TK-3223,2026-07-07T09:16:00Z,NA-Central,DIST-GREATLAKES-SUPPLY,PRODUCT_QUALITY,MEDIUM,Routine inquiry / order status check for DIST-GREATLAKES-SUPPLY,Standard operational correspondence regarding order fulfillment tracking and invoice reconciliation.,-0.11
ZD-TK-3224,2026-07-07T17:37:00Z,NA-Central,DIST-TEXAS-COMMERCIAL,PRODUCT_QUALITY,MEDIUM,Routine inquiry / order status check for DIST-TEXAS-COMMERCIAL,Standard operational correspondence regarding order fulfillment tracking and invoice reconciliation.,0.16
ZD-TK-3225,2026-07-07T16:48:00Z,NA-Central,DIST-GREATLAKES-SUPPLY,PRICE_DISPUTE,LOW,Routine inquiry / order status check for DIST-GREATLAKES-SUPPLY,Standard operational correspondence regarding order fulfillment tracking and invoice reconciliation.,0.34
ZD-TK-3226,2026-07-07T09:55:00Z,NA-West,DIST-CAL-ENTERPRISE,PRICE_DISPUTE,MEDIUM,Routine inquiry / order status check for DIST-CAL-ENTERPRISE,Standard operational correspondence regarding order fulfillment tracking and invoice reconciliation.,0.18
ZD-TK-3227,2026-07-07T16:00:00Z,NA-West,DIST-MOUNTAIN-PARTS,PRICE_DISPUTE,MEDIUM,Routine inquiry / order status check for DIST-MOUNTAIN-PARTS,Standard operational correspondence regarding order fulfillment tracking and invoice reconciliation.,0.3
ZD-TK-3228,2026-07-07T12:04:00Z,NA-West,DIST-MOUNTAIN-PARTS,PRICE_DISPUTE,LOW,Routine inquiry / order status check for DIST-MOUNTAIN-PARTS,Standard operational correspondence regarding order fulfillment tracking and invoice reconciliation.,0.18
ZD-TK-3229,2026-07-08T14:36:00Z,NA-East,DIST-COASTAL-WHOLESALE,FULFILLMENT_DELAY,MEDIUM,Routine inquiry / order status check for DIST-COASTAL-WHOLESALE,Standard operational correspondence regarding order fulfillment tracking and invoice reconciliation.,0.19
ZD-TK-3230,2026-07-08T16:57:00Z,NA-Central,DIST-GREATLAKES-SUPPLY,FULFILLMENT_DELAY,LOW,Routine inquiry / order status check for DIST-GREATLAKES-SUPPLY,Standard operational correspondence regarding order fulfillment tracking and invoice reconciliation.,-0.28
ZD-TK-3231,2026-07-08T16:21:00Z,NA-Central,DIST-TEXAS-COMMERCIAL,FULFILLMENT_DELAY,MEDIUM,Routine inquiry / order status check for DIST-TEXAS-COMMERCIAL,Standard operational correspondence regarding order fulfillment tracking and invoice reconciliation.,-0.15
ZD-TK-3232,2026-07-08T15:10:00Z,NA-Central,DIST-MIDWEST-DIRECT,PRODUCT_QUALITY,LOW,Routine inquiry / order status check for DIST-MIDWEST-DIRECT,Standard operational correspondence regarding order fulfillment tracking and invoice reconciliation.,-0.11
ZD-TK-3233,2026-07-08T15:39:00Z,NA-West,DIST-CAL-ENTERPRISE,FULFILLMENT_DELAY,MEDIUM,Routine inquiry / order status check for DIST-CAL-ENTERPRISE,Standard operational correspondence regarding order fulfillment tracking and invoice reconciliation.,0.27
ZD-TK-3234,2026-07-08T13:42:00Z,NA-West,DIST-MOUNTAIN-PARTS,PRODUCT_QUALITY,LOW,Routine inquiry / order status check for DIST-MOUNTAIN-PARTS,Standard operational correspondence regarding order fulfillment tracking and invoice reconciliation.,0.14
ZD-TK-3235,2026-07-08T11:38:00Z,NA-West,DIST-MOUNTAIN-PARTS,PRODUCT_QUALITY,LOW,Routine inquiry / order status check for DIST-MOUNTAIN-PARTS,Standard operational correspondence regarding order fulfillment tracking and invoice reconciliation.,-0.05
ZD-TK-3236,2026-07-09T17:04:00Z,NA-East,DIST-MIDATL-SUPPLY,FULFILLMENT_DELAY,MEDIUM,Routine inquiry / order status check for DIST-MIDATL-SUPPLY,Standard operational correspondence regarding order fulfillment tracking and invoice reconciliation.,-0.08
ZD-TK-3237,2026-07-09T14:34:00Z,NA-Central,DIST-GREATLAKES-SUPPLY,FULFILLMENT_DELAY,LOW,Routine inquiry / order status check for DIST-GREATLAKES-SUPPLY,Standard operational correspondence regarding order fulfillment tracking and invoice reconciliation.,0.23
ZD-TK-3238,2026-07-09T17:49:00Z,NA-West,DIST-MOUNTAIN-PARTS,PRODUCT_QUALITY,MEDIUM,Routine inquiry / order status check for DIST-MOUNTAIN-PARTS,Standard operational correspondence regarding order fulfillment tracking and invoice reconciliation.,-0.16
ZD-TK-3239,2026-07-10T16:00:00Z,NA-East,DIST-SUNBELT-PARTS,PRICE_DISPUTE,LOW,Routine inquiry / order status check for DIST-SUNBELT-PARTS,Standard operational correspondence regarding order fulfillment tracking and invoice reconciliation.,-0.12
ZD-TK-3240,2026-07-10T09:21:00Z,NA-East,DIST-COASTAL-WHOLESALE,PRICE_DISPUTE,LOW,Routine inquiry / order status check for DIST-COASTAL-WHOLESALE,Standard operational correspondence regarding order fulfillment tracking and invoice reconciliation.,-0.19
ZD-TK-3241,2026-07-10T12:04:00Z,NA-Central,DIST-MIDWEST-DIRECT,PRICE_DISPUTE,LOW,Routine inquiry / order status check for DIST-MIDWEST-DIRECT,Standard operational correspondence regarding order fulfillment tracking and invoice reconciliation.,-0.13
ZD-TK-3242,2026-07-10T08:35:00Z,NA-Central,DIST-GREATLAKES-SUPPLY,PRODUCT_QUALITY,LOW,Routine inquiry / order status check for DIST-GREATLAKES-SUPPLY,Standard operational correspondence regarding order fulfillment tracking and invoice reconciliation.,0.19
ZD-TK-3243,2026-07-10T12:45:00Z,NA-Central,DIST-GREATLAKES-SUPPLY,PRODUCT_QUALITY,MEDIUM,Routine inquiry / order status check for DIST-GREATLAKES-SUPPLY,Standard operational correspondence regarding order fulfillment tracking and invoice reconciliation.,-0.24
ZD-TK-3244,2026-07-10T08:52:00Z,NA-West,DIST-PACIFIC-LOGISTICS,PRICE_DISPUTE,LOW,Routine inquiry / order status check for DIST-PACIFIC-LOGISTICS,Standard operational correspondence regarding order fulfillment tracking and invoice reconciliation.,-0.07
ZD-TK-3245,2026-07-10T10:44:00Z,NA-West,DIST-CAL-ENTERPRISE,PRODUCT_QUALITY,MEDIUM,Routine inquiry / order status check for DIST-CAL-ENTERPRISE,Standard operational correspondence regarding order fulfillment tracking and invoice reconciliation.,-0.06
ZD-TK-3246,2026-07-11T11:59:00Z,NA-East,DIST-EMPIRE-IND,PRODUCT_QUALITY,LOW,Routine inquiry / order status check for DIST-EMPIRE-IND,Standard operational correspondence regarding order fulfillment tracking and invoice reconciliation.,-0.29
ZD-TK-3247,2026-07-11T13:44:00Z,NA-East,DIST-APEX-EAST,FULFILLMENT_DELAY,LOW,Routine inquiry / order status check for DIST-APEX-EAST,Standard operational correspondence regarding order fulfillment tracking and invoice reconciliation.,0.18
ZD-TK-3248,2026-07-11T13:05:00Z,NA-East,DIST-SUNBELT-PARTS,FULFILLMENT_DELAY,LOW,Routine inquiry / order status check for DIST-SUNBELT-PARTS,Standard operational correspondence regarding order fulfillment tracking and invoice reconciliation.,-0.06
ZD-TK-3249,2026-07-11T15:38:00Z,NA-Central,DIST-GREATLAKES-SUPPLY,PRODUCT_QUALITY,MEDIUM,Routine inquiry / order status check for DIST-GREATLAKES-SUPPLY,Standard operational correspondence regarding order fulfillment tracking and invoice reconciliation.,-0.31
ZD-TK-3250,2026-07-11T10:21:00Z,NA-Central,DIST-MIDWEST-DIRECT,FULFILLMENT_DELAY,MEDIUM,Routine inquiry / order status check for DIST-MIDWEST-DIRECT,Standard operational correspondence regarding order fulfillment tracking and invoice reconciliation.,-0.05
ZD-TK-3251,2026-07-11T17:31:00Z,NA-West,DIST-MOUNTAIN-PARTS,PRODUCT_QUALITY,LOW,Routine inquiry / order status check for DIST-MOUNTAIN-PARTS,Standard operational correspondence regarding order fulfillment tracking and invoice reconciliation.,0.23
ZD-TK-3252,2026-07-11T12:36:00Z,NA-West,DIST-PACIFIC-LOGISTICS,PRICE_DISPUTE,LOW,Routine inquiry / order status check for DIST-PACIFIC-LOGISTICS,Standard operational correspondence regarding order fulfillment tracking and invoice reconciliation.,-0.13
ZD-TK-3253,2026-07-12T14:18:00Z,NA-East,DIST-EMPIRE-IND,PRICE_DISPUTE,MEDIUM,Routine inquiry / order status check for DIST-EMPIRE-IND,Standard operational correspondence regarding order fulfillment tracking and invoice reconciliation.,-0.35
ZD-TK-3254,2026-07-12T13:59:00Z,NA-East,DIST-EMPIRE-IND,PRODUCT_QUALITY,MEDIUM,Routine inquiry / order status check for DIST-EMPIRE-IND,Standard operational correspondence regarding order fulfillment tracking and invoice reconciliation.,-0.09
ZD-TK-3255,2026-07-12T14:51:00Z,NA-East,DIST-APEX-EAST,FULFILLMENT_DELAY,LOW,Routine inquiry / order status check for DIST-APEX-EAST,Standard operational correspondence regarding order fulfillment tracking and invoice reconciliation.,0.06
ZD-TK-3256,2026-07-12T14:39:00Z,NA-Central,DIST-TEXAS-COMMERCIAL,PRODUCT_QUALITY,LOW,Routine inquiry / order status check for DIST-TEXAS-COMMERCIAL,Standard operational correspondence regarding order fulfillment tracking and invoice reconciliation.,0.14
ZD-TK-3257,2026-07-12T13:28:00Z,NA-Central,DIST-TEXAS-COMMERCIAL,PRODUCT_QUALITY,MEDIUM,Routine inquiry / order status check for DIST-TEXAS-COMMERCIAL,Standard operational correspondence regarding order fulfillment tracking and invoice reconciliation.,0.23
ZD-TK-3258,2026-07-12T09:12:00Z,NA-West,DIST-PACIFIC-LOGISTICS,PRICE_DISPUTE,MEDIUM,Routine inquiry / order status check for DIST-PACIFIC-LOGISTICS,Standard operational correspondence regarding order fulfillment tracking and invoice reconciliation.,-0.06
ZD-TK-3259,2026-07-12T16:20:00Z,NA-West,DIST-PACIFIC-LOGISTICS,PRODUCT_QUALITY,MEDIUM,Routine inquiry / order status check for DIST-PACIFIC-LOGISTICS,Standard operational correspondence regarding order fulfillment tracking and invoice reconciliation.,0.0
ZD-TK-3260,2026-07-13T16:11:00Z,NA-East,DIST-APEX-EAST,PRICE_DISPUTE,MEDIUM,Routine inquiry / order status check for DIST-APEX-EAST,Standard operational correspondence regarding order fulfillment tracking and invoice reconciliation.,0.28
ZD-TK-3261,2026-07-13T16:41:00Z,NA-Central,DIST-GREATLAKES-SUPPLY,PRODUCT_QUALITY,MEDIUM,Routine inquiry / order status check for DIST-GREATLAKES-SUPPLY,Standard operational correspondence regarding order fulfillment tracking and invoice reconciliation.,0.31
ZD-TK-3262,2026-07-13T15:27:00Z,NA-Central,DIST-MIDWEST-DIRECT,PRICE_DISPUTE,LOW,Routine inquiry / order status check for DIST-MIDWEST-DIRECT,Standard operational correspondence regarding order fulfillment tracking and invoice reconciliation.,-0.24
ZD-TK-3263,2026-07-13T11:57:00Z,NA-Central,DIST-GREATLAKES-SUPPLY,FULFILLMENT_DELAY,MEDIUM,Routine inquiry / order status check for DIST-GREATLAKES-SUPPLY,Standard operational correspondence regarding order fulfillment tracking and invoice reconciliation.,-0.01
ZD-TK-3264,2026-07-13T11:04:00Z,NA-West,DIST-PACIFIC-LOGISTICS,FULFILLMENT_DELAY,LOW,Routine inquiry / order status check for DIST-PACIFIC-LOGISTICS,Standard operational correspondence regarding order fulfillment tracking and invoice reconciliation.,-0.04
ZD-TK-3265,2026-07-14T11:38:00Z,NA-East,DIST-APEX-EAST,FULFILLMENT_DELAY,MEDIUM,Routine inquiry / order status check for DIST-APEX-EAST,Standard operational correspondence regarding order fulfillment tracking and invoice reconciliation.,-0.18
ZD-TK-3266,2026-07-14T10:53:00Z,NA-Central,DIST-TEXAS-COMMERCIAL,PRICE_DISPUTE,LOW,Routine inquiry / order status check for DIST-TEXAS-COMMERCIAL,Standard operational correspondence regarding order fulfillment tracking and invoice reconciliation.,-0.04
ZD-TK-3267,2026-07-14T08:11:00Z,NA-Central,DIST-TEXAS-COMMERCIAL,PRODUCT_QUALITY,MEDIUM,Routine inquiry / order status check for DIST-TEXAS-COMMERCIAL,Standard operational correspondence regarding order fulfillment tracking and invoice reconciliation.,0.0
ZD-TK-3268,2026-07-14T12:20:00Z,NA-West,DIST-PACIFIC-LOGISTICS,PRODUCT_QUALITY,MEDIUM,Routine inquiry / order status check for DIST-PACIFIC-LOGISTICS,Standard operational correspondence regarding order fulfillment tracking and invoice reconciliation.,-0.19
ZD-TK-3269,2026-07-15T16:48:00Z,NA-East,DIST-COASTAL-WHOLESALE,PRODUCT_QUALITY,MEDIUM,Routine inquiry / order status check for DIST-COASTAL-WHOLESALE,Standard operational correspondence regarding order fulfillment tracking and invoice reconciliation.,0.29
ZD-TK-3270,2026-07-15T08:58:00Z,NA-East,DIST-EMPIRE-IND,PRODUCT_QUALITY,LOW,Routine inquiry / order status check for DIST-EMPIRE-IND,Standard operational correspondence regarding order fulfillment tracking and invoice reconciliation.,-0.12
ZD-TK-3271,2026-07-15T11:40:00Z,NA-Central,DIST-GREATLAKES-SUPPLY,PRODUCT_QUALITY,LOW,Routine inquiry / order status check for DIST-GREATLAKES-SUPPLY,Standard operational correspondence regarding order fulfillment tracking and invoice reconciliation.,0.0
ZD-TK-3272,2026-07-15T17:59:00Z,NA-Central,DIST-GREATLAKES-SUPPLY,PRODUCT_QUALITY,MEDIUM,Routine inquiry / order status check for DIST-GREATLAKES-SUPPLY,Standard operational correspondence regarding order fulfillment tracking and invoice reconciliation.,-0.35
ZD-TK-3273,2026-07-15T14:33:00Z,NA-Central,DIST-TEXAS-COMMERCIAL,FULFILLMENT_DELAY,MEDIUM,Routine inquiry / order status check for DIST-TEXAS-COMMERCIAL,Standard operational correspondence regarding order fulfillment tracking and invoice reconciliation.,-0.05
ZD-TK-3274,2026-07-15T08:51:00Z,NA-West,DIST-MOUNTAIN-PARTS,FULFILLMENT_DELAY,LOW,Routine inquiry / order status check for DIST-MOUNTAIN-PARTS,Standard operational correspondence regarding order fulfillment tracking and invoice reconciliation.,0.35
ZD-TK-3275,2026-07-15T13:53:00Z,NA-West,DIST-MOUNTAIN-PARTS,FULFILLMENT_DELAY,MEDIUM,Routine inquiry / order status check for DIST-MOUNTAIN-PARTS,Standard operational correspondence regarding order fulfillment tracking and invoice reconciliation.,-0.3
ZD-TK-3276,2026-07-15T15:35:00Z,NA-West,DIST-PACIFIC-LOGISTICS,PRODUCT_QUALITY,MEDIUM,Routine inquiry / order status check for DIST-PACIFIC-LOGISTICS,Standard operational correspondence regarding order fulfillment tracking and invoice reconciliation.,-0.25
ZD-TK-3277,2026-07-16T15:12:00Z,NA-East,DIST-COASTAL-WHOLESALE,FULFILLMENT_DELAY,LOW,Routine inquiry / order status check for DIST-COASTAL-WHOLESALE,Standard operational correspondence regarding order fulfillment tracking and invoice reconciliation.,0.31
ZD-TK-3278,2026-07-16T15:18:00Z,NA-East,DIST-MIDATL-SUPPLY,PRODUCT_QUALITY,LOW,Routine inquiry / order status check for DIST-MIDATL-SUPPLY,Standard operational correspondence regarding order fulfillment tracking and invoice reconciliation.,-0.08
ZD-TK-3279,2026-07-16T13:06:00Z,NA-East,DIST-MIDATL-SUPPLY,FULFILLMENT_DELAY,LOW,Routine inquiry / order status check for DIST-MIDATL-SUPPLY,Standard operational correspondence regarding order fulfillment tracking and invoice reconciliation.,-0.32
ZD-TK-3280,2026-07-16T16:45:00Z,NA-Central,DIST-GREATLAKES-SUPPLY,PRICE_DISPUTE,LOW,Routine inquiry / order status check for DIST-GREATLAKES-SUPPLY,Standard operational correspondence regarding order fulfillment tracking and invoice reconciliation.,-0.03
ZD-TK-3281,2026-07-16T12:19:00Z,NA-Central,DIST-TEXAS-COMMERCIAL,PRODUCT_QUALITY,LOW,Routine inquiry / order status check for DIST-TEXAS-COMMERCIAL,Standard operational correspondence regarding order fulfillment tracking and invoice reconciliation.,0.35
ZD-TK-3282,2026-07-16T09:55:00Z,NA-West,DIST-PACIFIC-LOGISTICS,PRODUCT_QUALITY,LOW,Routine inquiry / order status check for DIST-PACIFIC-LOGISTICS,Standard operational correspondence regarding order fulfillment tracking and invoice reconciliation.,-0.01
ZD-TK-3283,2026-07-17T08:06:00Z,NA-East,DIST-SUNBELT-PARTS,PRODUCT_QUALITY,MEDIUM,Routine inquiry / order status check for DIST-SUNBELT-PARTS,Standard operational correspondence regarding order fulfillment tracking and invoice reconciliation.,0.25
ZD-TK-3284,2026-07-17T14:47:00Z,NA-East,DIST-COASTAL-WHOLESALE,PRICE_DISPUTE,MEDIUM,Routine inquiry / order status check for DIST-COASTAL-WHOLESALE,Standard operational correspondence regarding order fulfillment tracking and invoice reconciliation.,0.29
ZD-TK-3285,2026-07-17T14:56:00Z,NA-Central,DIST-TEXAS-COMMERCIAL,FULFILLMENT_DELAY,MEDIUM,Routine inquiry / order status check for DIST-TEXAS-COMMERCIAL,Standard operational correspondence regarding order fulfillment tracking and invoice reconciliation.,0.2
ZD-TK-3286,2026-07-17T12:42:00Z,NA-Central,DIST-GREATLAKES-SUPPLY,FULFILLMENT_DELAY,LOW,Routine inquiry / order status check for DIST-GREATLAKES-SUPPLY,Standard operational correspondence regarding order fulfillment tracking and invoice reconciliation.,0.15
ZD-TK-3287,2026-07-17T16:15:00Z,NA-Central,DIST-TEXAS-COMMERCIAL,FULFILLMENT_DELAY,MEDIUM,Routine inquiry / order status check for DIST-TEXAS-COMMERCIAL,Standard operational correspondence regarding order fulfillment tracking and invoice reconciliation.,-0.26
ZD-TK-3288,2026-07-17T11:57:00Z,NA-West,DIST-CAL-ENTERPRISE,PRICE_DISPUTE,MEDIUM,Routine inquiry / order status check for DIST-CAL-ENTERPRISE,Standard operational correspondence regarding order fulfillment tracking and invoice reconciliation.,-0.11
ZD-TK-3289,2026-07-17T11:39:00Z,NA-West,DIST-CAL-ENTERPRISE,PRODUCT_QUALITY,MEDIUM,Routine inquiry / order status check for DIST-CAL-ENTERPRISE,Standard operational correspondence regarding order fulfillment tracking and invoice reconciliation.,0.13
ZD-TK-3290,2026-07-17T14:48:00Z,NA-West,DIST-CAL-ENTERPRISE,PRICE_DISPUTE,LOW,Routine inquiry / order status check for DIST-CAL-ENTERPRISE,Standard operational correspondence regarding order fulfillment tracking and invoice reconciliation.,0.24
ZD-TK-3291,2026-07-18T10:37:00Z,NA-East,DIST-COASTAL-WHOLESALE,PRICE_DISPUTE,LOW,Routine inquiry / order status check for DIST-COASTAL-WHOLESALE,Standard operational correspondence regarding order fulfillment tracking and invoice reconciliation.,-0.27
ZD-TK-3292,2026-07-18T11:46:00Z,NA-East,DIST-EMPIRE-IND,FULFILLMENT_DELAY,LOW,Routine inquiry / order status check for DIST-EMPIRE-IND,Standard operational correspondence regarding order fulfillment tracking and invoice reconciliation.,0.09
ZD-TK-3293,2026-07-18T12:13:00Z,NA-East,DIST-SUNBELT-PARTS,PRICE_DISPUTE,LOW,Routine inquiry / order status check for DIST-SUNBELT-PARTS,Standard operational correspondence regarding order fulfillment tracking and invoice reconciliation.,-0.35
ZD-TK-3294,2026-07-18T17:35:00Z,NA-Central,DIST-MIDWEST-DIRECT,FULFILLMENT_DELAY,MEDIUM,Routine inquiry / order status check for DIST-MIDWEST-DIRECT,Standard operational correspondence regarding order fulfillment tracking and invoice reconciliation.,0.08
ZD-TK-3295,2026-07-18T09:08:00Z,NA-Central,DIST-TEXAS-COMMERCIAL,PRODUCT_QUALITY,MEDIUM,Routine inquiry / order status check for DIST-TEXAS-COMMERCIAL,Standard operational correspondence regarding order fulfillment tracking and invoice reconciliation.,0.08
ZD-TK-3296,2026-07-18T12:22:00Z,NA-Central,DIST-GREATLAKES-SUPPLY,FULFILLMENT_DELAY,LOW,Routine inquiry / order status check for DIST-GREATLAKES-SUPPLY,Standard operational correspondence regarding order fulfillment tracking and invoice reconciliation.,-0.22
ZD-TK-3297,2026-07-18T13:14:00Z,NA-West,DIST-MOUNTAIN-PARTS,PRICE_DISPUTE,MEDIUM,Routine inquiry / order status check for DIST-MOUNTAIN-PARTS,Standard operational correspondence regarding order fulfillment tracking and invoice reconciliation.,0.08
ZD-TK-3298,2026-07-19T13:52:00Z,NA-East,DIST-MIDATL-SUPPLY,PRICE_DISPUTE,MEDIUM,Routine inquiry / order status check for DIST-MIDATL-SUPPLY,Standard operational correspondence regarding order fulfillment tracking and invoice reconciliation.,0.1
ZD-TK-3299,2026-07-19T10:33:00Z,NA-East,DIST-EMPIRE-IND,PRODUCT_QUALITY,LOW,Routine inquiry / order status check for DIST-EMPIRE-IND,Standard operational correspondence regarding order fulfillment tracking and invoice reconciliation.,0.27
ZD-TK-3300,2026-07-19T11:46:00Z,NA-Central,DIST-TEXAS-COMMERCIAL,PRODUCT_QUALITY,LOW,Routine inquiry / order status check for DIST-TEXAS-COMMERCIAL,Standard operational correspondence regarding order fulfillment tracking and invoice reconciliation.,0.15
ZD-TK-3301,2026-07-19T12:12:00Z,NA-Central,DIST-TEXAS-COMMERCIAL,FULFILLMENT_DELAY,LOW,Routine inquiry / order status check for DIST-TEXAS-COMMERCIAL,Standard operational correspondence regarding order fulfillment tracking and invoice reconciliation.,-0.1
ZD-TK-3302,2026-07-19T13:03:00Z,NA-Central,DIST-TEXAS-COMMERCIAL,PRICE_DISPUTE,MEDIUM,Routine inquiry / order status check for DIST-TEXAS-COMMERCIAL,Standard operational correspondence regarding order fulfillment tracking and invoice reconciliation.,0.21
ZD-TK-3303,2026-07-19T15:38:00Z,NA-West,DIST-PACIFIC-LOGISTICS,PRODUCT_QUALITY,MEDIUM,Routine inquiry / order status check for DIST-PACIFIC-LOGISTICS,Standard operational correspondence regarding order fulfillment tracking and invoice reconciliation.,0.15
ZD-TK-3304,2026-07-19T10:06:00Z,NA-West,DIST-CAL-ENTERPRISE,PRICE_DISPUTE,MEDIUM,Routine inquiry / order status check for DIST-CAL-ENTERPRISE,Standard operational correspondence regarding order fulfillment tracking and invoice reconciliation.,0.11
ZD-TK-3305,2026-07-19T11:26:00Z,NA-West,DIST-PACIFIC-LOGISTICS,FULFILLMENT_DELAY,LOW,Routine inquiry / order status check for DIST-PACIFIC-LOGISTICS,Standard operational correspondence regarding order fulfillment tracking and invoice reconciliation.,0.3
ZD-TK-3306,2026-07-20T09:21:00Z,NA-East,DIST-TRI-STATE-OPS,PRODUCT_QUALITY,LOW,Routine inquiry / order status check for DIST-TRI-STATE-OPS,Standard operational correspondence regarding order fulfillment tracking and invoice reconciliation.,0.04
ZD-TK-3307,2026-07-20T16:17:00Z,NA-East,DIST-TRI-STATE-OPS,FULFILLMENT_DELAY,LOW,Routine inquiry / order status check for DIST-TRI-STATE-OPS,Standard operational correspondence regarding order fulfillment tracking and invoice reconciliation.,-0.24
ZD-TK-3308,2026-07-20T15:02:00Z,NA-East,DIST-EMPIRE-IND,PRICE_DISPUTE,LOW,Routine inquiry / order status check for DIST-EMPIRE-IND,Standard operational correspondence regarding order fulfillment tracking and invoice reconciliation.,0.06
ZD-TK-3309,2026-07-20T16:26:00Z,NA-Central,DIST-MIDWEST-DIRECT,PRICE_DISPUTE,MEDIUM,Routine inquiry / order status check for DIST-MIDWEST-DIRECT,Standard operational correspondence regarding order fulfillment tracking and invoice reconciliation.,0.19
ZD-TK-3310,2026-07-20T08:18:00Z,NA-West,DIST-CAL-ENTERPRISE,PRICE_DISPUTE,MEDIUM,Routine inquiry / order status check for DIST-CAL-ENTERPRISE,Standard operational correspondence regarding order fulfillment tracking and invoice reconciliation.,0.01
ZD-TK-3311,2026-07-21T17:02:00Z,NA-East,DIST-EMPIRE-IND,PRODUCT_QUALITY,LOW,Routine inquiry / order status check for DIST-EMPIRE-IND,Standard operational correspondence regarding order fulfillment tracking and invoice reconciliation.,-0.05
ZD-TK-3312,2026-07-21T10:31:00Z,NA-East,DIST-APEX-EAST,PRICE_DISPUTE,LOW,Routine inquiry / order status check for DIST-APEX-EAST,Standard operational correspondence regarding order fulfillment tracking and invoice reconciliation.,0.1
ZD-TK-3313,2026-07-21T14:50:00Z,NA-East,DIST-APEX-EAST,FULFILLMENT_DELAY,MEDIUM,Routine inquiry / order status check for DIST-APEX-EAST,Standard operational correspondence regarding order fulfillment tracking and invoice reconciliation.,-0.01
ZD-TK-3314,2026-07-21T12:08:00Z,NA-Central,DIST-MIDWEST-DIRECT,PRODUCT_QUALITY,LOW,Routine inquiry / order status check for DIST-MIDWEST-DIRECT,Standard operational correspondence regarding order fulfillment tracking and invoice reconciliation.,-0.03
ZD-TK-3315,2026-07-21T15:36:00Z,NA-Central,DIST-MIDWEST-DIRECT,PRICE_DISPUTE,LOW,Routine inquiry / order status check for DIST-MIDWEST-DIRECT,Standard operational correspondence regarding order fulfillment tracking and invoice reconciliation.,-0.27
ZD-TK-3316,2026-07-21T14:32:00Z,NA-West,DIST-MOUNTAIN-PARTS,FULFILLMENT_DELAY,MEDIUM,Routine inquiry / order status check for DIST-MOUNTAIN-PARTS,Standard operational correspondence regarding order fulfillment tracking and invoice reconciliation.,-0.2
ZD-TK-3317,2026-07-21T13:01:00Z,NA-West,DIST-CAL-ENTERPRISE,FULFILLMENT_DELAY,LOW,Routine inquiry / order status check for DIST-CAL-ENTERPRISE,Standard operational correspondence regarding order fulfillment tracking and invoice reconciliation.,0.13
ZD-TK-3318,2026-07-21T10:40:00Z,NA-West,DIST-CAL-ENTERPRISE,PRODUCT_QUALITY,MEDIUM,Routine inquiry / order status check for DIST-CAL-ENTERPRISE,Standard operational correspondence regarding order fulfillment tracking and invoice reconciliation.,0.13
ZD-TK-3319,2026-07-22T16:07:00Z,NA-East,DIST-EMPIRE-IND,PRODUCT_QUALITY,LOW,Routine inquiry / order status check for DIST-EMPIRE-IND,Standard operational correspondence regarding order fulfillment tracking and invoice reconciliation.,-0.17
ZD-TK-3320,2026-07-22T13:11:00Z,NA-Central,DIST-TEXAS-COMMERCIAL,FULFILLMENT_DELAY,LOW,Routine inquiry / order status check for DIST-TEXAS-COMMERCIAL,Standard operational correspondence regarding order fulfillment tracking and invoice reconciliation.,0.07
ZD-TK-3321,2026-07-22T14:23:00Z,NA-Central,DIST-TEXAS-COMMERCIAL,PRICE_DISPUTE,MEDIUM,Routine inquiry / order status check for DIST-TEXAS-COMMERCIAL,Standard operational correspondence regarding order fulfillment tracking and invoice reconciliation.,-0.3
ZD-TK-3322,2026-07-22T12:48:00Z,NA-Central,DIST-MIDWEST-DIRECT,FULFILLMENT_DELAY,LOW,Routine inquiry / order status check for DIST-MIDWEST-DIRECT,Standard operational correspondence regarding order fulfillment tracking and invoice reconciliation.,-0.34
ZD-TK-3323,2026-07-22T14:07:00Z,NA-West,DIST-MOUNTAIN-PARTS,FULFILLMENT_DELAY,LOW,Routine inquiry / order status check for DIST-MOUNTAIN-PARTS,Standard operational correspondence regarding order fulfillment tracking and invoice reconciliation.,0.31
ZD-TK-3324,2026-07-22T14:22:00Z,NA-West,DIST-MOUNTAIN-PARTS,PRICE_DISPUTE,MEDIUM,Routine inquiry / order status check for DIST-MOUNTAIN-PARTS,Standard operational correspondence regarding order fulfillment tracking and invoice reconciliation.,0.24
ZD-TK-3325,2026-07-22T13:44:00Z,NA-West,DIST-PACIFIC-LOGISTICS,FULFILLMENT_DELAY,LOW,Routine inquiry / order status check for DIST-PACIFIC-LOGISTICS,Standard operational correspondence regarding order fulfillment tracking and invoice reconciliation.,-0.23
ZD-TK-3326,2026-07-23T15:18:00Z,NA-East,DIST-COASTAL-WHOLESALE,PRICE_DISPUTE,LOW,Routine inquiry / order status check for DIST-COASTAL-WHOLESALE,Standard operational correspondence regarding order fulfillment tracking and invoice reconciliation.,0.09
ZD-TK-3327,2026-07-23T08:17:00Z,NA-East,DIST-MIDATL-SUPPLY,FULFILLMENT_DELAY,LOW,Routine inquiry / order status check for DIST-MIDATL-SUPPLY,Standard operational correspondence regarding order fulfillment tracking and invoice reconciliation.,0.19
ZD-TK-3328,2026-07-23T14:03:00Z,NA-Central,DIST-MIDWEST-DIRECT,FULFILLMENT_DELAY,MEDIUM,Routine inquiry / order status check for DIST-MIDWEST-DIRECT,Standard operational correspondence regarding order fulfillment tracking and invoice reconciliation.,0.24
ZD-TK-3329,2026-07-23T11:54:00Z,NA-West,DIST-CAL-ENTERPRISE,FULFILLMENT_DELAY,MEDIUM,Routine inquiry / order status check for DIST-CAL-ENTERPRISE,Standard operational correspondence regarding order fulfillment tracking and invoice reconciliation.,0.11
ZD-TK-3330,2026-07-24T15:23:00Z,NA-East,DIST-MIDATL-SUPPLY,PRODUCT_QUALITY,LOW,Routine inquiry / order status check for DIST-MIDATL-SUPPLY,Standard operational correspondence regarding order fulfillment tracking and invoice reconciliation.,0.09
ZD-TK-3331,2026-07-24T12:24:00Z,NA-East,DIST-MIDATL-SUPPLY,FULFILLMENT_DELAY,MEDIUM,Routine inquiry / order status check for DIST-MIDATL-SUPPLY,Standard operational correspondence regarding order fulfillment tracking and invoice reconciliation.,0.25
ZD-TK-3332,2026-07-24T17:58:00Z,NA-Central,DIST-MIDWEST-DIRECT,FULFILLMENT_DELAY,LOW,Routine inquiry / order status check for DIST-MIDWEST-DIRECT,Standard operational correspondence regarding order fulfillment tracking and invoice reconciliation.,-0.07
ZD-TK-3333,2026-07-24T14:36:00Z,NA-West,DIST-CAL-ENTERPRISE,PRICE_DISPUTE,LOW,Routine inquiry / order status check for DIST-CAL-ENTERPRISE,Standard operational correspondence regarding order fulfillment tracking and invoice reconciliation.,-0.17
ZD-TK-3334,2026-07-24T15:52:00Z,NA-West,DIST-MOUNTAIN-PARTS,FULFILLMENT_DELAY,MEDIUM,Routine inquiry / order status check for DIST-MOUNTAIN-PARTS,Standard operational correspondence regarding order fulfillment tracking and invoice reconciliation.,0.21
ZD-TK-3335,2026-07-24T10:22:00Z,NA-West,DIST-PACIFIC-LOGISTICS,PRODUCT_QUALITY,MEDIUM,Routine inquiry / order status check for DIST-PACIFIC-LOGISTICS,Standard operational correspondence regarding order fulfillment tracking and invoice reconciliation.,-0.09
ZD-TK-3336,2026-07-25T10:22:00Z,NA-East,DIST-EMPIRE-IND,PRODUCT_QUALITY,MEDIUM,Routine inquiry / order status check for DIST-EMPIRE-IND,Standard operational correspondence regarding order fulfillment tracking and invoice reconciliation.,0.31
ZD-TK-3337,2026-07-25T10:21:00Z,NA-Central,DIST-TEXAS-COMMERCIAL,PRICE_DISPUTE,LOW,Routine inquiry / order status check for DIST-TEXAS-COMMERCIAL,Standard operational correspondence regarding order fulfillment tracking and invoice reconciliation.,0.2
ZD-TK-3338,2026-07-25T11:05:00Z,NA-West,DIST-PACIFIC-LOGISTICS,PRODUCT_QUALITY,LOW,Routine inquiry / order status check for DIST-PACIFIC-LOGISTICS,Standard operational correspondence regarding order fulfillment tracking and invoice reconciliation.,-0.09
ZD-TK-3339,2026-07-26T10:36:00Z,NA-East,DIST-COASTAL-WHOLESALE,FULFILLMENT_DELAY,LOW,Routine inquiry / order status check for DIST-COASTAL-WHOLESALE,Standard operational correspondence regarding order fulfillment tracking and invoice reconciliation.,-0.3
ZD-TK-3340,2026-07-26T16:40:00Z,NA-Central,DIST-TEXAS-COMMERCIAL,PRICE_DISPUTE,LOW,Routine inquiry / order status check for DIST-TEXAS-COMMERCIAL,Standard operational correspondence regarding order fulfillment tracking and invoice reconciliation.,0.19
ZD-TK-3341,2026-07-26T09:08:00Z,NA-West,DIST-MOUNTAIN-PARTS,PRODUCT_QUALITY,MEDIUM,Routine inquiry / order status check for DIST-MOUNTAIN-PARTS,Standard operational correspondence regarding order fulfillment tracking and invoice reconciliation.,0.05
ZD-TK-3342,2026-07-27T14:52:00Z,NA-East,DIST-MIDATL-SUPPLY,FULFILLMENT_DELAY,MEDIUM,Routine inquiry / order status check for DIST-MIDATL-SUPPLY,Standard operational correspondence regarding order fulfillment tracking and invoice reconciliation.,0.16
ZD-TK-3343,2026-07-27T12:47:00Z,NA-East,DIST-SUNBELT-PARTS,PRODUCT_QUALITY,LOW,Routine inquiry / order status check for DIST-SUNBELT-PARTS,Standard operational correspondence regarding order fulfillment tracking and invoice reconciliation.,-0.32
ZD-TK-3344,2026-07-27T16:36:00Z,NA-Central,DIST-GREATLAKES-SUPPLY,PRODUCT_QUALITY,LOW,Routine inquiry / order status check for DIST-GREATLAKES-SUPPLY,Standard operational correspondence regarding order fulfillment tracking and invoice reconciliation.,-0.03
ZD-TK-3345,2026-07-27T15:43:00Z,NA-Central,DIST-GREATLAKES-SUPPLY,PRODUCT_QUALITY,MEDIUM,Routine inquiry / order status check for DIST-GREATLAKES-SUPPLY,Standard operational correspondence regarding order fulfillment tracking and invoice reconciliation.,0.08
ZD-TK-3346,2026-07-27T09:14:00Z,NA-Central,DIST-TEXAS-COMMERCIAL,FULFILLMENT_DELAY,LOW,Routine inquiry / order status check for DIST-TEXAS-COMMERCIAL,Standard operational correspondence regarding order fulfillment tracking and invoice reconciliation.,0.0
ZD-TK-3347,2026-07-27T16:42:00Z,NA-West,DIST-PACIFIC-LOGISTICS,FULFILLMENT_DELAY,LOW,Routine inquiry / order status check for DIST-PACIFIC-LOGISTICS,Standard operational correspondence regarding order fulfillment tracking and invoice reconciliation.,0.25
ZD-TK-3348,2026-07-28T17:22:00Z,NA-East,DIST-TRI-STATE-OPS,PRICE_DISPUTE,LOW,Routine inquiry / order status check for DIST-TRI-STATE-OPS,Standard operational correspondence regarding order fulfillment tracking and invoice reconciliation.,0.09
ZD-TK-3349,2026-07-28T17:40:00Z,NA-East,DIST-SUNBELT-PARTS,PRICE_DISPUTE,MEDIUM,Routine inquiry / order status check for DIST-SUNBELT-PARTS,Standard operational correspondence regarding order fulfillment tracking and invoice reconciliation.,-0.26
ZD-TK-3350,2026-07-28T16:53:00Z,NA-East,DIST-COASTAL-WHOLESALE,PRODUCT_QUALITY,LOW,Routine inquiry / order status check for DIST-COASTAL-WHOLESALE,Standard operational correspondence regarding order fulfillment tracking and invoice reconciliation.,-0.18
ZD-TK-3351,2026-07-28T10:55:00Z,NA-Central,DIST-MIDWEST-DIRECT,PRODUCT_QUALITY,LOW,Routine inquiry / order status check for DIST-MIDWEST-DIRECT,Standard operational correspondence regarding order fulfillment tracking and invoice reconciliation.,-0.12
ZD-TK-3352,2026-07-28T14:12:00Z,NA-West,DIST-MOUNTAIN-PARTS,PRICE_DISPUTE,LOW,Routine inquiry / order status check for DIST-MOUNTAIN-PARTS,Standard operational correspondence regarding order fulfillment tracking and invoice reconciliation.,-0.14
ZD-TK-3353,2026-07-28T10:36:00Z,NA-West,DIST-MOUNTAIN-PARTS,PRODUCT_QUALITY,LOW,Routine inquiry / order status check for DIST-MOUNTAIN-PARTS,Standard operational correspondence regarding order fulfillment tracking and invoice reconciliation.,-0.1
ZD-TK-3354,2026-07-28T14:27:00Z,NA-West,DIST-CAL-ENTERPRISE,PRICE_DISPUTE,LOW,Routine inquiry / order status check for DIST-CAL-ENTERPRISE,Standard operational correspondence regarding order fulfillment tracking and invoice reconciliation.,0.09
ZD-TK-3355,2026-07-29T17:56:00Z,NA-East,DIST-COASTAL-WHOLESALE,PRICE_DISPUTE,LOW,Routine inquiry / order status check for DIST-COASTAL-WHOLESALE,Standard operational correspondence regarding order fulfillment tracking and invoice reconciliation.,0.15
ZD-TK-3356,2026-07-29T14:42:00Z,NA-East,DIST-EMPIRE-IND,PRICE_DISPUTE,MEDIUM,Routine inquiry / order status check for DIST-EMPIRE-IND,Standard operational correspondence regarding order fulfillment tracking and invoice reconciliation.,-0.12
ZD-TK-3357,2026-07-29T14:07:00Z,NA-Central,DIST-MIDWEST-DIRECT,FULFILLMENT_DELAY,LOW,Routine inquiry / order status check for DIST-MIDWEST-DIRECT,Standard operational correspondence regarding order fulfillment tracking and invoice reconciliation.,0.1
ZD-TK-3358,2026-07-29T11:52:00Z,NA-Central,DIST-TEXAS-COMMERCIAL,PRODUCT_QUALITY,LOW,Routine inquiry / order status check for DIST-TEXAS-COMMERCIAL,Standard operational correspondence regarding order fulfillment tracking and invoice reconciliation.,-0.18
ZD-TK-3359,2026-07-29T08:02:00Z,NA-Central,DIST-TEXAS-COMMERCIAL,PRICE_DISPUTE,LOW,Routine inquiry / order status check for DIST-TEXAS-COMMERCIAL,Standard operational correspondence regarding order fulfillment tracking and invoice reconciliation.,-0.16
ZD-TK-3360,2026-07-29T11:18:00Z,NA-West,DIST-PACIFIC-LOGISTICS,PRICE_DISPUTE,LOW,Routine inquiry / order status check for DIST-PACIFIC-LOGISTICS,Standard operational correspondence regarding order fulfillment tracking and invoice reconciliation.,0.29
ZD-TK-3361,2026-07-29T14:02:00Z,NA-West,DIST-MOUNTAIN-PARTS,PRODUCT_QUALITY,LOW,Routine inquiry / order status check for DIST-MOUNTAIN-PARTS,Standard operational correspondence regarding order fulfillment tracking and invoice reconciliation.,-0.07
ZD-TK-3362,2026-07-30T11:54:00Z,NA-East,DIST-APEX-EAST,FULFILLMENT_DELAY,LOW,Routine inquiry / order status check for DIST-APEX-EAST,Standard operational correspondence regarding order fulfillment tracking and invoice reconciliation.,-0.32
ZD-TK-3363,2026-07-30T13:58:00Z,NA-East,DIST-TRI-STATE-OPS,PRODUCT_QUALITY,LOW,Routine inquiry / order status check for DIST-TRI-STATE-OPS,Standard operational correspondence regarding order fulfillment tracking and invoice reconciliation.,0.09
ZD-TK-3364,2026-07-30T17:16:00Z,NA-Central,DIST-MIDWEST-DIRECT,FULFILLMENT_DELAY,MEDIUM,Routine inquiry / order status check for DIST-MIDWEST-DIRECT,Standard operational correspondence regarding order fulfillment tracking and invoice reconciliation.,-0.14
ZD-TK-3365,2026-07-30T16:13:00Z,NA-West,DIST-PACIFIC-LOGISTICS,PRODUCT_QUALITY,MEDIUM,Routine inquiry / order status check for DIST-PACIFIC-LOGISTICS,Standard operational correspondence regarding order fulfillment tracking and invoice reconciliation.,0.02
ZD-TK-3366,2026-07-30T16:07:00Z,NA-West,DIST-PACIFIC-LOGISTICS,PRODUCT_QUALITY,MEDIUM,Routine inquiry / order status check for DIST-PACIFIC-LOGISTICS,Standard operational correspondence regarding order fulfillment tracking and invoice reconciliation.,-0.05
ZD-TK-3367,2026-07-31T12:12:00Z,NA-East,DIST-COASTAL-WHOLESALE,FULFILLMENT_DELAY,MEDIUM,Routine inquiry / order status check for DIST-COASTAL-WHOLESALE,Standard operational correspondence regarding order fulfillment tracking and invoice reconciliation.,0.19
ZD-TK-3368,2026-07-31T16:37:00Z,NA-Central,DIST-TEXAS-COMMERCIAL,FULFILLMENT_DELAY,LOW,Routine inquiry / order status check for DIST-TEXAS-COMMERCIAL,Standard operational correspondence regarding order fulfillment tracking and invoice reconciliation.,-0.19
ZD-TK-3369,2026-07-31T11:24:00Z,NA-Central,DIST-GREATLAKES-SUPPLY,PRODUCT_QUALITY,MEDIUM,Routine inquiry / order status check for DIST-GREATLAKES-SUPPLY,Standard operational correspondence regarding order fulfillment tracking and invoice reconciliation.,0.01
ZD-TK-3370,2026-07-31T09:55:00Z,NA-West,DIST-PACIFIC-LOGISTICS,FULFILLMENT_DELAY,MEDIUM,Routine inquiry / order status check for DIST-PACIFIC-LOGISTICS,Standard operational correspondence regarding order fulfillment tracking and invoice reconciliation.,-0.27
ZD-TK-3371,2026-07-31T13:45:00Z,NA-West,DIST-MOUNTAIN-PARTS,PRODUCT_QUALITY,LOW,Routine inquiry / order status check for DIST-MOUNTAIN-PARTS,Standard operational correspondence regarding order fulfillment tracking and invoice reconciliation.,0.14
ZD-TK-3372,2026-07-31T16:19:00Z,NA-West,DIST-CAL-ENTERPRISE,PRICE_DISPUTE,LOW,Routine inquiry / order status check for DIST-CAL-ENTERPRISE,Standard operational correspondence regarding order fulfillment tracking and invoice reconciliation.,-0.22
ZD-TK-3373,2026-08-01T17:01:00Z,NA-East,DIST-COASTAL-WHOLESALE,FULFILLMENT_DELAY,CRITICAL,Shipment lag on PO exceeding 12 days — Southeast territory,Backorder status on industrial lubricants resulting in critical operational halt for manufacturing customer.,-0.79
ZD-TK-3374,2026-08-01T16:54:00Z,NA-East,DIST-COASTAL-WHOLESALE,FULFILLMENT_DELAY,HIGH,Shipment lag on PO exceeding 12 days — Southeast territory,Backorder status on industrial lubricants resulting in critical operational halt for manufacturing customer.,-0.71
ZD-TK-3375,2026-08-01T09:59:00Z,NA-East,DIST-EMPIRE-IND,FULFILLMENT_DELAY,MEDIUM,Shipment lag on PO exceeding 12 days — Southeast territory,Backorder status on industrial lubricants resulting in critical operational halt for manufacturing customer.,-0.87
ZD-TK-3376,2026-08-01T10:48:00Z,NA-East,DIST-SUNBELT-PARTS,STOCKOUT_COMPLAINT,HIGH,Emergency: Atlanta DC stockout impacting SKU-8821 delivery for DIST-SUNBELT-PARTS,Distributor reports retail sub-accounts threatening contract cancellations due to depleted on-hand inventory at Atlanta DC hub.,-0.6
ZD-TK-3377,2026-08-01T16:52:00Z,NA-East,DIST-TRI-STATE-OPS,PRICE_DISPUTE,HIGH,Competitive price matching request — Horizon Foods 15% discount,Distributor requesting immediate credit memo or rebate match against Horizon Foods Mid-Atlantic promo.,-0.86
ZD-TK-3378,2026-08-01T14:02:00Z,NA-East,DIST-COASTAL-WHOLESALE,FULFILLMENT_DELAY,MEDIUM,Shipment lag on PO exceeding 12 days — Southeast territory,Backorder status on industrial lubricants resulting in critical operational halt for manufacturing customer.,-0.76
ZD-TK-3379,2026-08-01T11:28:00Z,NA-East,DIST-EMPIRE-IND,FULFILLMENT_DELAY,CRITICAL,Shipment lag on PO exceeding 12 days — Southeast territory,Backorder status on industrial lubricants resulting in critical operational halt for manufacturing customer.,-0.79
ZD-TK-3380,2026-08-01T14:32:00Z,NA-Central,DIST-MIDWEST-DIRECT,FULFILLMENT_DELAY,MEDIUM,Routine inquiry / order status check for DIST-MIDWEST-DIRECT,Standard operational correspondence regarding order fulfillment tracking and invoice reconciliation.,0.18
ZD-TK-3381,2026-08-01T16:49:00Z,NA-Central,DIST-TEXAS-COMMERCIAL,FULFILLMENT_DELAY,LOW,Routine inquiry / order status check for DIST-TEXAS-COMMERCIAL,Standard operational correspondence regarding order fulfillment tracking and invoice reconciliation.,-0.34
ZD-TK-3382,2026-08-01T08:20:00Z,NA-West,DIST-MOUNTAIN-PARTS,FULFILLMENT_DELAY,LOW,Routine inquiry / order status check for DIST-MOUNTAIN-PARTS,Standard operational correspondence regarding order fulfillment tracking and invoice reconciliation.,-0.02
ZD-TK-3383,2026-08-02T09:33:00Z,NA-East,DIST-SUNBELT-PARTS,STOCKOUT_COMPLAINT,HIGH,Emergency: Atlanta DC stockout impacting SKU-8821 delivery for DIST-SUNBELT-PARTS,Distributor reports retail sub-accounts threatening contract cancellations due to depleted on-hand inventory at Atlanta DC hub.,-0.71
ZD-TK-3384,2026-08-02T11:35:00Z,NA-East,DIST-EMPIRE-IND,STOCKOUT_COMPLAINT,HIGH,Emergency: Atlanta DC stockout impacting SKU-8821 delivery for DIST-EMPIRE-IND,Distributor reports retail sub-accounts threatening contract cancellations due to depleted on-hand inventory at Atlanta DC hub.,-0.92
ZD-TK-3385,2026-08-02T17:13:00Z,NA-East,DIST-MIDATL-SUPPLY,PRODUCT_QUALITY,CRITICAL,General technical inquiry,Requesting updated safety data sheet and batch compliance certificate.,-0.8
ZD-TK-3386,2026-08-02T15:04:00Z,NA-East,DIST-EMPIRE-IND,STOCKOUT_COMPLAINT,HIGH,Emergency: Atlanta DC stockout impacting SKU-8821 delivery for DIST-EMPIRE-IND,Distributor reports retail sub-accounts threatening contract cancellations due to depleted on-hand inventory at Atlanta DC hub.,-0.7
ZD-TK-3387,2026-08-02T17:32:00Z,NA-East,DIST-EMPIRE-IND,FULFILLMENT_DELAY,CRITICAL,Shipment lag on PO exceeding 12 days — Southeast territory,Backorder status on industrial lubricants resulting in critical operational halt for manufacturing customer.,-0.9
ZD-TK-3388,2026-08-02T08:19:00Z,NA-East,DIST-TRI-STATE-OPS,STOCKOUT_COMPLAINT,HIGH,Emergency: Atlanta DC stockout impacting SKU-8821 delivery for DIST-TRI-STATE-OPS,Distributor reports retail sub-accounts threatening contract cancellations due to depleted on-hand inventory at Atlanta DC hub.,-0.86
ZD-TK-3389,2026-08-02T08:42:00Z,NA-Central,DIST-GREATLAKES-SUPPLY,PRICE_DISPUTE,MEDIUM,Routine inquiry / order status check for DIST-GREATLAKES-SUPPLY,Standard operational correspondence regarding order fulfillment tracking and invoice reconciliation.,0.26
ZD-TK-3390,2026-08-02T08:18:00Z,NA-West,DIST-PACIFIC-LOGISTICS,FULFILLMENT_DELAY,LOW,Routine inquiry / order status check for DIST-PACIFIC-LOGISTICS,Standard operational correspondence regarding order fulfillment tracking and invoice reconciliation.,-0.26
ZD-TK-3391,2026-08-02T17:28:00Z,NA-West,DIST-PACIFIC-LOGISTICS,PRODUCT_QUALITY,LOW,Routine inquiry / order status check for DIST-PACIFIC-LOGISTICS,Standard operational correspondence regarding order fulfillment tracking and invoice reconciliation.,-0.04
ZD-TK-3392,2026-08-02T13:35:00Z,NA-West,DIST-CAL-ENTERPRISE,PRICE_DISPUTE,MEDIUM,Routine inquiry / order status check for DIST-CAL-ENTERPRISE,Standard operational correspondence regarding order fulfillment tracking and invoice reconciliation.,-0.19
ZD-TK-3393,2026-08-03T15:43:00Z,NA-East,DIST-COASTAL-WHOLESALE,FULFILLMENT_DELAY,CRITICAL,Shipment lag on PO exceeding 12 days — Southeast territory,Backorder status on industrial lubricants resulting in critical operational halt for manufacturing customer.,-0.79
ZD-TK-3394,2026-08-03T16:00:00Z,NA-East,DIST-SUNBELT-PARTS,FULFILLMENT_DELAY,CRITICAL,Shipment lag on PO exceeding 12 days — Southeast territory,Backorder status on industrial lubricants resulting in critical operational halt for manufacturing customer.,-0.8
ZD-TK-3395,2026-08-03T16:42:00Z,NA-East,DIST-SUNBELT-PARTS,STOCKOUT_COMPLAINT,HIGH,Emergency: Atlanta DC stockout impacting SKU-8821 delivery for DIST-SUNBELT-PARTS,Distributor reports retail sub-accounts threatening contract cancellations due to depleted on-hand inventory at Atlanta DC hub.,-0.6
ZD-TK-3396,2026-08-03T17:54:00Z,NA-East,DIST-COASTAL-WHOLESALE,STOCKOUT_COMPLAINT,CRITICAL,Emergency: Atlanta DC stockout impacting SKU-8821 delivery for DIST-COASTAL-WHOLESALE,Distributor reports retail sub-accounts threatening contract cancellations due to depleted on-hand inventory at Atlanta DC hub.,-0.79
ZD-TK-3397,2026-08-03T12:29:00Z,NA-East,DIST-EMPIRE-IND,STOCKOUT_COMPLAINT,HIGH,Emergency: Atlanta DC stockout impacting SKU-8821 delivery for DIST-EMPIRE-IND,Distributor reports retail sub-accounts threatening contract cancellations due to depleted on-hand inventory at Atlanta DC hub.,-0.73
ZD-TK-3398,2026-08-03T11:15:00Z,NA-East,DIST-EMPIRE-IND,STOCKOUT_COMPLAINT,HIGH,Emergency: Atlanta DC stockout impacting SKU-8821 delivery for DIST-EMPIRE-IND,Distributor reports retail sub-accounts threatening contract cancellations due to depleted on-hand inventory at Atlanta DC hub.,-0.87
ZD-TK-3399,2026-08-03T11:11:00Z,NA-East,DIST-COASTAL-WHOLESALE,PRICE_DISPUTE,CRITICAL,Competitive price matching request — Horizon Foods 15% discount,Distributor requesting immediate credit memo or rebate match against Horizon Foods Mid-Atlantic promo.,-0.79
ZD-TK-3400,2026-08-03T14:52:00Z,NA-East,DIST-APEX-EAST,STOCKOUT_COMPLAINT,MEDIUM,Emergency: Atlanta DC stockout impacting SKU-8821 delivery for DIST-APEX-EAST,Distributor reports retail sub-accounts threatening contract cancellations due to depleted on-hand inventory at Atlanta DC hub.,-0.88
ZD-TK-3401,2026-08-03T08:38:00Z,NA-East,DIST-EMPIRE-IND,STOCKOUT_COMPLAINT,HIGH,Emergency: Atlanta DC stockout impacting SKU-8821 delivery for DIST-EMPIRE-IND,Distributor reports retail sub-accounts threatening contract cancellations due to depleted on-hand inventory at Atlanta DC hub.,-0.74
ZD-TK-3402,2026-08-03T08:11:00Z,NA-Central,DIST-TEXAS-COMMERCIAL,PRODUCT_QUALITY,MEDIUM,Routine inquiry / order status check for DIST-TEXAS-COMMERCIAL,Standard operational correspondence regarding order fulfillment tracking and invoice reconciliation.,-0.2
ZD-TK-3403,2026-08-03T13:18:00Z,NA-West,DIST-MOUNTAIN-PARTS,FULFILLMENT_DELAY,LOW,Routine inquiry / order status check for DIST-MOUNTAIN-PARTS,Standard operational correspondence regarding order fulfillment tracking and invoice reconciliation.,-0.15
ZD-TK-3404,2026-08-03T10:48:00Z,NA-West,DIST-CAL-ENTERPRISE,PRICE_DISPUTE,LOW,Routine inquiry / order status check for DIST-CAL-ENTERPRISE,Standard operational correspondence regarding order fulfillment tracking and invoice reconciliation.,0.23
ZD-TK-3405,2026-08-04T09:12:00Z,NA-East,DIST-EMPIRE-IND,FULFILLMENT_DELAY,HIGH,Shipment lag on PO exceeding 12 days — Southeast territory,Backorder status on industrial lubricants resulting in critical operational halt for manufacturing customer.,-0.87
ZD-TK-3406,2026-08-04T14:44:00Z,NA-East,DIST-MIDATL-SUPPLY,PRODUCT_QUALITY,HIGH,General technical inquiry,Requesting updated safety data sheet and batch compliance certificate.,-0.64
ZD-TK-3407,2026-08-04T08:16:00Z,NA-East,DIST-APEX-EAST,STOCKOUT_COMPLAINT,HIGH,Emergency: Atlanta DC stockout impacting SKU-8821 delivery for DIST-APEX-EAST,Distributor reports retail sub-accounts threatening contract cancellations due to depleted on-hand inventory at Atlanta DC hub.,-0.63
ZD-TK-3408,2026-08-04T12:04:00Z,NA-East,DIST-MIDATL-SUPPLY,STOCKOUT_COMPLAINT,CRITICAL,Emergency: Atlanta DC stockout impacting SKU-8821 delivery for DIST-MIDATL-SUPPLY,Distributor reports retail sub-accounts threatening contract cancellations due to depleted on-hand inventory at Atlanta DC hub.,-0.81
ZD-TK-3409,2026-08-04T09:04:00Z,NA-Central,DIST-TEXAS-COMMERCIAL,FULFILLMENT_DELAY,MEDIUM,Routine inquiry / order status check for DIST-TEXAS-COMMERCIAL,Standard operational correspondence regarding order fulfillment tracking and invoice reconciliation.,-0.08
ZD-TK-3410,2026-08-04T16:04:00Z,NA-Central,DIST-TEXAS-COMMERCIAL,FULFILLMENT_DELAY,LOW,Routine inquiry / order status check for DIST-TEXAS-COMMERCIAL,Standard operational correspondence regarding order fulfillment tracking and invoice reconciliation.,-0.25
ZD-TK-3411,2026-08-04T11:40:00Z,NA-Central,DIST-TEXAS-COMMERCIAL,FULFILLMENT_DELAY,MEDIUM,Routine inquiry / order status check for DIST-TEXAS-COMMERCIAL,Standard operational correspondence regarding order fulfillment tracking and invoice reconciliation.,-0.07
ZD-TK-3412,2026-08-04T15:15:00Z,NA-West,DIST-MOUNTAIN-PARTS,PRODUCT_QUALITY,MEDIUM,Routine inquiry / order status check for DIST-MOUNTAIN-PARTS,Standard operational correspondence regarding order fulfillment tracking and invoice reconciliation.,-0.26
ZD-TK-3413,2026-08-04T13:47:00Z,NA-West,DIST-MOUNTAIN-PARTS,FULFILLMENT_DELAY,MEDIUM,Routine inquiry / order status check for DIST-MOUNTAIN-PARTS,Standard operational correspondence regarding order fulfillment tracking and invoice reconciliation.,-0.09
ZD-TK-3414,2026-08-04T13:09:00Z,NA-West,DIST-MOUNTAIN-PARTS,PRICE_DISPUTE,MEDIUM,Routine inquiry / order status check for DIST-MOUNTAIN-PARTS,Standard operational correspondence regarding order fulfillment tracking and invoice reconciliation.,0.28
ZD-TK-3415,2026-08-05T16:18:00Z,NA-East,DIST-APEX-EAST,STOCKOUT_COMPLAINT,CRITICAL,Emergency: Atlanta DC stockout impacting SKU-8821 delivery for DIST-APEX-EAST,Distributor reports retail sub-accounts threatening contract cancellations due to depleted on-hand inventory at Atlanta DC hub.,-0.61
ZD-TK-3416,2026-08-05T09:29:00Z,NA-East,DIST-TRI-STATE-OPS,STOCKOUT_COMPLAINT,CRITICAL,Emergency: Atlanta DC stockout impacting SKU-8821 delivery for DIST-TRI-STATE-OPS,Distributor reports retail sub-accounts threatening contract cancellations due to depleted on-hand inventory at Atlanta DC hub.,-0.68
ZD-TK-3417,2026-08-05T14:19:00Z,NA-East,DIST-SUNBELT-PARTS,FULFILLMENT_DELAY,CRITICAL,Shipment lag on PO exceeding 12 days — Southeast territory,Backorder status on industrial lubricants resulting in critical operational halt for manufacturing customer.,-0.76
ZD-TK-3418,2026-08-05T08:15:00Z,NA-East,DIST-APEX-EAST,STOCKOUT_COMPLAINT,CRITICAL,Emergency: Atlanta DC stockout impacting SKU-8821 delivery for DIST-APEX-EAST,Distributor reports retail sub-accounts threatening contract cancellations due to depleted on-hand inventory at Atlanta DC hub.,-0.87
ZD-TK-3419,2026-08-05T10:13:00Z,NA-East,DIST-EMPIRE-IND,FULFILLMENT_DELAY,CRITICAL,Shipment lag on PO exceeding 12 days — Southeast territory,Backorder status on industrial lubricants resulting in critical operational halt for manufacturing customer.,-0.84
ZD-TK-3420,2026-08-05T14:32:00Z,NA-East,DIST-MIDATL-SUPPLY,STOCKOUT_COMPLAINT,HIGH,Emergency: Atlanta DC stockout impacting SKU-8821 delivery for DIST-MIDATL-SUPPLY,Distributor reports retail sub-accounts threatening contract cancellations due to depleted on-hand inventory at Atlanta DC hub.,-0.7
ZD-TK-3421,2026-08-05T17:34:00Z,NA-East,DIST-EMPIRE-IND,STOCKOUT_COMPLAINT,HIGH,Emergency: Atlanta DC stockout impacting SKU-8821 delivery for DIST-EMPIRE-IND,Distributor reports retail sub-accounts threatening contract cancellations due to depleted on-hand inventory at Atlanta DC hub.,-0.61
ZD-TK-3422,2026-08-05T11:13:00Z,NA-East,DIST-TRI-STATE-OPS,FULFILLMENT_DELAY,HIGH,Shipment lag on PO exceeding 12 days — Southeast territory,Backorder status on industrial lubricants resulting in critical operational halt for manufacturing customer.,-0.91
ZD-TK-3423,2026-08-05T14:16:00Z,NA-East,DIST-MIDATL-SUPPLY,FULFILLMENT_DELAY,CRITICAL,Shipment lag on PO exceeding 12 days — Southeast territory,Backorder status on industrial lubricants resulting in critical operational halt for manufacturing customer.,-0.92
ZD-TK-3424,2026-08-05T10:05:00Z,NA-Central,DIST-MIDWEST-DIRECT,FULFILLMENT_DELAY,MEDIUM,Routine inquiry / order status check for DIST-MIDWEST-DIRECT,Standard operational correspondence regarding order fulfillment tracking and invoice reconciliation.,0.08
ZD-TK-3425,2026-08-05T11:46:00Z,NA-Central,DIST-TEXAS-COMMERCIAL,PRODUCT_QUALITY,LOW,Routine inquiry / order status check for DIST-TEXAS-COMMERCIAL,Standard operational correspondence regarding order fulfillment tracking and invoice reconciliation.,0.2
ZD-TK-3426,2026-08-05T14:19:00Z,NA-West,DIST-MOUNTAIN-PARTS,FULFILLMENT_DELAY,MEDIUM,Routine inquiry / order status check for DIST-MOUNTAIN-PARTS,Standard operational correspondence regarding order fulfillment tracking and invoice reconciliation.,-0.23
ZD-TK-3427,2026-08-05T17:01:00Z,NA-West,DIST-MOUNTAIN-PARTS,PRICE_DISPUTE,MEDIUM,Routine inquiry / order status check for DIST-MOUNTAIN-PARTS,Standard operational correspondence regarding order fulfillment tracking and invoice reconciliation.,0.08
ZD-TK-3428,2026-08-05T11:16:00Z,NA-West,DIST-MOUNTAIN-PARTS,PRODUCT_QUALITY,MEDIUM,Routine inquiry / order status check for DIST-MOUNTAIN-PARTS,Standard operational correspondence regarding order fulfillment tracking and invoice reconciliation.,0.17
ZD-TK-3429,2026-08-06T08:46:00Z,NA-East,DIST-COASTAL-WHOLESALE,FULFILLMENT_DELAY,HIGH,Shipment lag on PO exceeding 12 days — Southeast territory,Backorder status on industrial lubricants resulting in critical operational halt for manufacturing customer.,-0.61
ZD-TK-3430,2026-08-06T16:16:00Z,NA-East,DIST-EMPIRE-IND,STOCKOUT_COMPLAINT,HIGH,Emergency: Atlanta DC stockout impacting SKU-8821 delivery for DIST-EMPIRE-IND,Distributor reports retail sub-accounts threatening contract cancellations due to depleted on-hand inventory at Atlanta DC hub.,-0.94
ZD-TK-3431,2026-08-06T16:09:00Z,NA-East,DIST-MIDATL-SUPPLY,FULFILLMENT_DELAY,HIGH,Shipment lag on PO exceeding 12 days — Southeast territory,Backorder status on industrial lubricants resulting in critical operational halt for manufacturing customer.,-0.86
ZD-TK-3432,2026-08-06T11:07:00Z,NA-East,DIST-APEX-EAST,STOCKOUT_COMPLAINT,HIGH,Emergency: Atlanta DC stockout impacting SKU-8821 delivery for DIST-APEX-EAST,Distributor reports retail sub-accounts threatening contract cancellations due to depleted on-hand inventory at Atlanta DC hub.,-0.69
ZD-TK-3433,2026-08-06T15:47:00Z,NA-East,DIST-SUNBELT-PARTS,PRICE_DISPUTE,HIGH,Competitive price matching request — Horizon Foods 15% discount,Distributor requesting immediate credit memo or rebate match against Horizon Foods Mid-Atlantic promo.,-0.69
ZD-TK-3434,2026-08-06T12:09:00Z,NA-East,DIST-EMPIRE-IND,FULFILLMENT_DELAY,HIGH,Shipment lag on PO exceeding 12 days — Southeast territory,Backorder status on industrial lubricants resulting in critical operational halt for manufacturing customer.,-0.89
ZD-TK-3435,2026-08-06T11:24:00Z,NA-Central,DIST-MIDWEST-DIRECT,PRICE_DISPUTE,LOW,Routine inquiry / order status check for DIST-MIDWEST-DIRECT,Standard operational correspondence regarding order fulfillment tracking and invoice reconciliation.,-0.25
ZD-TK-3436,2026-08-06T11:53:00Z,NA-Central,DIST-GREATLAKES-SUPPLY,PRODUCT_QUALITY,MEDIUM,Routine inquiry / order status check for DIST-GREATLAKES-SUPPLY,Standard operational correspondence regarding order fulfillment tracking and invoice reconciliation.,-0.07
ZD-TK-3437,2026-08-06T10:35:00Z,NA-Central,DIST-TEXAS-COMMERCIAL,PRODUCT_QUALITY,LOW,Routine inquiry / order status check for DIST-TEXAS-COMMERCIAL,Standard operational correspondence regarding order fulfillment tracking and invoice reconciliation.,0.02
ZD-TK-3438,2026-08-06T17:45:00Z,NA-West,DIST-MOUNTAIN-PARTS,PRODUCT_QUALITY,LOW,Routine inquiry / order status check for DIST-MOUNTAIN-PARTS,Standard operational correspondence regarding order fulfillment tracking and invoice reconciliation.,-0.02
ZD-TK-3439,2026-08-06T10:22:00Z,NA-West,DIST-PACIFIC-LOGISTICS,PRODUCT_QUALITY,LOW,Routine inquiry / order status check for DIST-PACIFIC-LOGISTICS,Standard operational correspondence regarding order fulfillment tracking and invoice reconciliation.,0.17
ZD-TK-3440,2026-08-07T14:39:00Z,NA-East,DIST-MIDATL-SUPPLY,STOCKOUT_COMPLAINT,CRITICAL,Emergency: Atlanta DC stockout impacting SKU-8821 delivery for DIST-MIDATL-SUPPLY,Distributor reports retail sub-accounts threatening contract cancellations due to depleted on-hand inventory at Atlanta DC hub.,-0.63
ZD-TK-3441,2026-08-07T10:07:00Z,NA-East,DIST-APEX-EAST,STOCKOUT_COMPLAINT,MEDIUM,Emergency: Atlanta DC stockout impacting SKU-8821 delivery for DIST-APEX-EAST,Distributor reports retail sub-accounts threatening contract cancellations due to depleted on-hand inventory at Atlanta DC hub.,-0.91
ZD-TK-3442,2026-08-07T13:38:00Z,NA-East,DIST-TRI-STATE-OPS,STOCKOUT_COMPLAINT,HIGH,Emergency: Atlanta DC stockout impacting SKU-8821 delivery for DIST-TRI-STATE-OPS,Distributor reports retail sub-accounts threatening contract cancellations due to depleted on-hand inventory at Atlanta DC hub.,-0.62
ZD-TK-3443,2026-08-07T08:14:00Z,NA-East,DIST-COASTAL-WHOLESALE,FULFILLMENT_DELAY,CRITICAL,Shipment lag on PO exceeding 12 days — Southeast territory,Backorder status on industrial lubricants resulting in critical operational halt for manufacturing customer.,-0.76
ZD-TK-3444,2026-08-07T14:15:00Z,NA-East,DIST-APEX-EAST,STOCKOUT_COMPLAINT,HIGH,Emergency: Atlanta DC stockout impacting SKU-8821 delivery for DIST-APEX-EAST,Distributor reports retail sub-accounts threatening contract cancellations due to depleted on-hand inventory at Atlanta DC hub.,-0.61
ZD-TK-3445,2026-08-07T16:56:00Z,NA-East,DIST-MIDATL-SUPPLY,FULFILLMENT_DELAY,MEDIUM,Shipment lag on PO exceeding 12 days — Southeast territory,Backorder status on industrial lubricants resulting in critical operational halt for manufacturing customer.,-0.77
ZD-TK-3446,2026-08-07T14:15:00Z,NA-East,DIST-TRI-STATE-OPS,STOCKOUT_COMPLAINT,CRITICAL,Emergency: Atlanta DC stockout impacting SKU-8821 delivery for DIST-TRI-STATE-OPS,Distributor reports retail sub-accounts threatening contract cancellations due to depleted on-hand inventory at Atlanta DC hub.,-0.95
ZD-TK-3447,2026-08-07T15:33:00Z,NA-Central,DIST-MIDWEST-DIRECT,PRICE_DISPUTE,MEDIUM,Routine inquiry / order status check for DIST-MIDWEST-DIRECT,Standard operational correspondence regarding order fulfillment tracking and invoice reconciliation.,-0.15
ZD-TK-3448,2026-08-07T10:43:00Z,NA-Central,DIST-MIDWEST-DIRECT,FULFILLMENT_DELAY,MEDIUM,Routine inquiry / order status check for DIST-MIDWEST-DIRECT,Standard operational correspondence regarding order fulfillment tracking and invoice reconciliation.,-0.24
ZD-TK-3449,2026-08-07T08:09:00Z,NA-Central,DIST-GREATLAKES-SUPPLY,FULFILLMENT_DELAY,LOW,Routine inquiry / order status check for DIST-GREATLAKES-SUPPLY,Standard operational correspondence regarding order fulfillment tracking and invoice reconciliation.,-0.31
ZD-TK-3450,2026-08-07T12:13:00Z,NA-West,DIST-PACIFIC-LOGISTICS,PRODUCT_QUALITY,MEDIUM,Routine inquiry / order status check for DIST-PACIFIC-LOGISTICS,Standard operational correspondence regarding order fulfillment tracking and invoice reconciliation.,-0.21
ZD-TK-3451,2026-08-07T16:32:00Z,NA-West,DIST-PACIFIC-LOGISTICS,PRODUCT_QUALITY,LOW,Routine inquiry / order status check for DIST-PACIFIC-LOGISTICS,Standard operational correspondence regarding order fulfillment tracking and invoice reconciliation.,-0.22
ZD-TK-3452,2026-08-08T12:29:00Z,NA-East,DIST-MIDATL-SUPPLY,FULFILLMENT_DELAY,CRITICAL,Shipment lag on PO exceeding 12 days — Southeast territory,Backorder status on industrial lubricants resulting in critical operational halt for manufacturing customer.,-0.91
ZD-TK-3453,2026-08-08T15:27:00Z,NA-East,DIST-APEX-EAST,STOCKOUT_COMPLAINT,MEDIUM,Emergency: Atlanta DC stockout impacting SKU-8821 delivery for DIST-APEX-EAST,Distributor reports retail sub-accounts threatening contract cancellations due to depleted on-hand inventory at Atlanta DC hub.,-0.62
ZD-TK-3454,2026-08-08T14:37:00Z,NA-East,DIST-APEX-EAST,FULFILLMENT_DELAY,HIGH,Shipment lag on PO exceeding 12 days — Southeast territory,Backorder status on industrial lubricants resulting in critical operational halt for manufacturing customer.,-0.81
ZD-TK-3455,2026-08-08T14:12:00Z,NA-East,DIST-MIDATL-SUPPLY,FULFILLMENT_DELAY,CRITICAL,Shipment lag on PO exceeding 12 days — Southeast territory,Backorder status on industrial lubricants resulting in critical operational halt for manufacturing customer.,-0.89
ZD-TK-3456,2026-08-08T10:17:00Z,NA-East,DIST-MIDATL-SUPPLY,STOCKOUT_COMPLAINT,CRITICAL,Emergency: Atlanta DC stockout impacting SKU-8821 delivery for DIST-MIDATL-SUPPLY,Distributor reports retail sub-accounts threatening contract cancellations due to depleted on-hand inventory at Atlanta DC hub.,-0.7
ZD-TK-3457,2026-08-08T17:15:00Z,NA-East,DIST-TRI-STATE-OPS,STOCKOUT_COMPLAINT,HIGH,Emergency: Atlanta DC stockout impacting SKU-8821 delivery for DIST-TRI-STATE-OPS,Distributor reports retail sub-accounts threatening contract cancellations due to depleted on-hand inventory at Atlanta DC hub.,-0.78
ZD-TK-3458,2026-08-08T16:19:00Z,NA-East,DIST-SUNBELT-PARTS,FULFILLMENT_DELAY,CRITICAL,Shipment lag on PO exceeding 12 days — Southeast territory,Backorder status on industrial lubricants resulting in critical operational halt for manufacturing customer.,-0.76
ZD-TK-3459,2026-08-08T14:10:00Z,NA-East,DIST-MIDATL-SUPPLY,FULFILLMENT_DELAY,HIGH,Shipment lag on PO exceeding 12 days — Southeast territory,Backorder status on industrial lubricants resulting in critical operational halt for manufacturing customer.,-0.61
ZD-TK-3460,2026-08-08T13:03:00Z,NA-East,DIST-EMPIRE-IND,FULFILLMENT_DELAY,CRITICAL,Shipment lag on PO exceeding 12 days — Southeast territory,Backorder status on industrial lubricants resulting in critical operational halt for manufacturing customer.,-0.78
ZD-TK-3461,2026-08-08T08:36:00Z,NA-Central,DIST-GREATLAKES-SUPPLY,FULFILLMENT_DELAY,LOW,Routine inquiry / order status check for DIST-GREATLAKES-SUPPLY,Standard operational correspondence regarding order fulfillment tracking and invoice reconciliation.,-0.18
ZD-TK-3462,2026-08-08T16:19:00Z,NA-West,DIST-PACIFIC-LOGISTICS,PRICE_DISPUTE,LOW,Routine inquiry / order status check for DIST-PACIFIC-LOGISTICS,Standard operational correspondence regarding order fulfillment tracking and invoice reconciliation.,-0.35
ZD-TK-3463,2026-08-08T17:43:00Z,NA-West,DIST-PACIFIC-LOGISTICS,PRODUCT_QUALITY,MEDIUM,Routine inquiry / order status check for DIST-PACIFIC-LOGISTICS,Standard operational correspondence regarding order fulfillment tracking and invoice reconciliation.,0.08
ZD-TK-3464,2026-08-09T09:04:00Z,NA-East,DIST-SUNBELT-PARTS,FULFILLMENT_DELAY,HIGH,Shipment lag on PO exceeding 12 days — Southeast territory,Backorder status on industrial lubricants resulting in critical operational halt for manufacturing customer.,-0.67
ZD-TK-3465,2026-08-09T10:20:00Z,NA-East,DIST-TRI-STATE-OPS,FULFILLMENT_DELAY,CRITICAL,Shipment lag on PO exceeding 12 days — Southeast territory,Backorder status on industrial lubricants resulting in critical operational halt for manufacturing customer.,-0.77
ZD-TK-3466,2026-08-09T17:07:00Z,NA-East,DIST-EMPIRE-IND,FULFILLMENT_DELAY,HIGH,Shipment lag on PO exceeding 12 days — Southeast territory,Backorder status on industrial lubricants resulting in critical operational halt for manufacturing customer.,-0.84
ZD-TK-3467,2026-08-09T11:52:00Z,NA-East,DIST-COASTAL-WHOLESALE,FULFILLMENT_DELAY,CRITICAL,Shipment lag on PO exceeding 12 days — Southeast territory,Backorder status on industrial lubricants resulting in critical operational halt for manufacturing customer.,-0.94
ZD-TK-3468,2026-08-09T16:19:00Z,NA-East,DIST-MIDATL-SUPPLY,STOCKOUT_COMPLAINT,HIGH,Emergency: Atlanta DC stockout impacting SKU-8821 delivery for DIST-MIDATL-SUPPLY,Distributor reports retail sub-accounts threatening contract cancellations due to depleted on-hand inventory at Atlanta DC hub.,-0.93
ZD-TK-3469,2026-08-09T08:17:00Z,NA-East,DIST-TRI-STATE-OPS,STOCKOUT_COMPLAINT,CRITICAL,Emergency: Atlanta DC stockout impacting SKU-8821 delivery for DIST-TRI-STATE-OPS,Distributor reports retail sub-accounts threatening contract cancellations due to depleted on-hand inventory at Atlanta DC hub.,-0.91
ZD-TK-3470,2026-08-09T17:41:00Z,NA-East,DIST-COASTAL-WHOLESALE,STOCKOUT_COMPLAINT,HIGH,Emergency: Atlanta DC stockout impacting SKU-8821 delivery for DIST-COASTAL-WHOLESALE,Distributor reports retail sub-accounts threatening contract cancellations due to depleted on-hand inventory at Atlanta DC hub.,-0.88
ZD-TK-3471,2026-08-09T17:49:00Z,NA-East,DIST-COASTAL-WHOLESALE,STOCKOUT_COMPLAINT,HIGH,Emergency: Atlanta DC stockout impacting SKU-8821 delivery for DIST-COASTAL-WHOLESALE,Distributor reports retail sub-accounts threatening contract cancellations due to depleted on-hand inventory at Atlanta DC hub.,-0.85
ZD-TK-3472,2026-08-09T12:30:00Z,NA-East,DIST-MIDATL-SUPPLY,STOCKOUT_COMPLAINT,HIGH,Emergency: Atlanta DC stockout impacting SKU-8821 delivery for DIST-MIDATL-SUPPLY,Distributor reports retail sub-accounts threatening contract cancellations due to depleted on-hand inventory at Atlanta DC hub.,-0.81
ZD-TK-3473,2026-08-09T15:34:00Z,NA-Central,DIST-MIDWEST-DIRECT,PRODUCT_QUALITY,LOW,Routine inquiry / order status check for DIST-MIDWEST-DIRECT,Standard operational correspondence regarding order fulfillment tracking and invoice reconciliation.,0.2
ZD-TK-3474,2026-08-09T08:35:00Z,NA-West,DIST-PACIFIC-LOGISTICS,PRICE_DISPUTE,LOW,Routine inquiry / order status check for DIST-PACIFIC-LOGISTICS,Standard operational correspondence regarding order fulfillment tracking and invoice reconciliation.,0.14
ZD-TK-3475,2026-08-09T13:15:00Z,NA-West,DIST-CAL-ENTERPRISE,PRICE_DISPUTE,LOW,Routine inquiry / order status check for DIST-CAL-ENTERPRISE,Standard operational correspondence regarding order fulfillment tracking and invoice reconciliation.,0.01
ZD-TK-3476,2026-08-09T14:13:00Z,NA-West,DIST-MOUNTAIN-PARTS,FULFILLMENT_DELAY,LOW,Routine inquiry / order status check for DIST-MOUNTAIN-PARTS,Standard operational correspondence regarding order fulfillment tracking and invoice reconciliation.,0.06
ZD-TK-3477,2026-08-10T16:21:00Z,NA-East,DIST-EMPIRE-IND,STOCKOUT_COMPLAINT,HIGH,Emergency: Atlanta DC stockout impacting SKU-8821 delivery for DIST-EMPIRE-IND,Distributor reports retail sub-accounts threatening contract cancellations due to depleted on-hand inventory at Atlanta DC hub.,-0.92
ZD-TK-3478,2026-08-10T09:18:00Z,NA-East,DIST-COASTAL-WHOLESALE,FULFILLMENT_DELAY,HIGH,Shipment lag on PO exceeding 12 days — Southeast territory,Backorder status on industrial lubricants resulting in critical operational halt for manufacturing customer.,-0.79
ZD-TK-3479,2026-08-10T11:12:00Z,NA-East,DIST-COASTAL-WHOLESALE,STOCKOUT_COMPLAINT,CRITICAL,Emergency: Atlanta DC stockout impacting SKU-8821 delivery for DIST-COASTAL-WHOLESALE,Distributor reports retail sub-accounts threatening contract cancellations due to depleted on-hand inventory at Atlanta DC hub.,-0.66
ZD-TK-3480,2026-08-10T10:54:00Z,NA-East,DIST-MIDATL-SUPPLY,FULFILLMENT_DELAY,CRITICAL,Shipment lag on PO exceeding 12 days — Southeast territory,Backorder status on industrial lubricants resulting in critical operational halt for manufacturing customer.,-0.89
ZD-TK-3481,2026-08-10T16:40:00Z,NA-Central,DIST-TEXAS-COMMERCIAL,PRICE_DISPUTE,MEDIUM,Routine inquiry / order status check for DIST-TEXAS-COMMERCIAL,Standard operational correspondence regarding order fulfillment tracking and invoice reconciliation.,0.25
ZD-TK-3482,2026-08-10T17:34:00Z,NA-Central,DIST-MIDWEST-DIRECT,FULFILLMENT_DELAY,MEDIUM,Routine inquiry / order status check for DIST-MIDWEST-DIRECT,Standard operational correspondence regarding order fulfillment tracking and invoice reconciliation.,-0.12
ZD-TK-3483,2026-08-10T10:36:00Z,NA-Central,DIST-TEXAS-COMMERCIAL,PRICE_DISPUTE,MEDIUM,Routine inquiry / order status check for DIST-TEXAS-COMMERCIAL,Standard operational correspondence regarding order fulfillment tracking and invoice reconciliation.,-0.19
ZD-TK-3484,2026-08-10T11:43:00Z,NA-West,DIST-PACIFIC-LOGISTICS,PRODUCT_QUALITY,LOW,Routine inquiry / order status check for DIST-PACIFIC-LOGISTICS,Standard operational correspondence regarding order fulfillment tracking and invoice reconciliation.,-0.04
ZD-TK-3485,2026-08-10T08:14:00Z,NA-West,DIST-MOUNTAIN-PARTS,PRODUCT_QUALITY,LOW,Routine inquiry / order status check for DIST-MOUNTAIN-PARTS,Standard operational correspondence regarding order fulfillment tracking and invoice reconciliation.,-0.08
ZD-TK-3486,2026-08-11T17:21:00Z,NA-East,DIST-EMPIRE-IND,PRICE_DISPUTE,HIGH,Competitive price matching request — Horizon Foods 15% discount,Distributor requesting immediate credit memo or rebate match against Horizon Foods Mid-Atlantic promo.,-0.66
ZD-TK-3487,2026-08-11T14:17:00Z,NA-East,DIST-APEX-EAST,STOCKOUT_COMPLAINT,CRITICAL,Emergency: Atlanta DC stockout impacting SKU-8821 delivery for DIST-APEX-EAST,Distributor reports retail sub-accounts threatening contract cancellations due to depleted on-hand inventory at Atlanta DC hub.,-0.79
ZD-TK-3488,2026-08-11T08:42:00Z,NA-East,DIST-MIDATL-SUPPLY,STOCKOUT_COMPLAINT,CRITICAL,Emergency: Atlanta DC stockout impacting SKU-8821 delivery for DIST-MIDATL-SUPPLY,Distributor reports retail sub-accounts threatening contract cancellations due to depleted on-hand inventory at Atlanta DC hub.,-0.85
ZD-TK-3489,2026-08-11T17:32:00Z,NA-East,DIST-COASTAL-WHOLESALE,FULFILLMENT_DELAY,HIGH,Shipment lag on PO exceeding 12 days — Southeast territory,Backorder status on industrial lubricants resulting in critical operational halt for manufacturing customer.,-0.63
ZD-TK-3490,2026-08-11T14:03:00Z,NA-East,DIST-SUNBELT-PARTS,STOCKOUT_COMPLAINT,HIGH,Emergency: Atlanta DC stockout impacting SKU-8821 delivery for DIST-SUNBELT-PARTS,Distributor reports retail sub-accounts threatening contract cancellations due to depleted on-hand inventory at Atlanta DC hub.,-0.87
ZD-TK-3491,2026-08-11T10:44:00Z,NA-East,DIST-COASTAL-WHOLESALE,PRICE_DISPUTE,CRITICAL,Competitive price matching request — Horizon Foods 15% discount,Distributor requesting immediate credit memo or rebate match against Horizon Foods Mid-Atlantic promo.,-0.82
ZD-TK-3492,2026-08-11T10:23:00Z,NA-Central,DIST-GREATLAKES-SUPPLY,PRODUCT_QUALITY,MEDIUM,Routine inquiry / order status check for DIST-GREATLAKES-SUPPLY,Standard operational correspondence regarding order fulfillment tracking and invoice reconciliation.,-0.35
ZD-TK-3493,2026-08-11T16:58:00Z,NA-West,DIST-MOUNTAIN-PARTS,FULFILLMENT_DELAY,MEDIUM,Routine inquiry / order status check for DIST-MOUNTAIN-PARTS,Standard operational correspondence regarding order fulfillment tracking and invoice reconciliation.,0.21
ZD-TK-3494,2026-08-11T12:00:00Z,NA-West,DIST-MOUNTAIN-PARTS,PRICE_DISPUTE,MEDIUM,Routine inquiry / order status check for DIST-MOUNTAIN-PARTS,Standard operational correspondence regarding order fulfillment tracking and invoice reconciliation.,0.0
ZD-TK-3495,2026-08-11T15:43:00Z,NA-West,DIST-MOUNTAIN-PARTS,PRICE_DISPUTE,MEDIUM,Routine inquiry / order status check for DIST-MOUNTAIN-PARTS,Standard operational correspondence regarding order fulfillment tracking and invoice reconciliation.,-0.15
ZD-TK-3496,2026-08-12T13:37:00Z,NA-East,DIST-MIDATL-SUPPLY,FULFILLMENT_DELAY,MEDIUM,Shipment lag on PO exceeding 12 days — Southeast territory,Backorder status on industrial lubricants resulting in critical operational halt for manufacturing customer.,-0.83
ZD-TK-3497,2026-08-12T12:07:00Z,NA-East,DIST-TRI-STATE-OPS,STOCKOUT_COMPLAINT,CRITICAL,Emergency: Atlanta DC stockout impacting SKU-8821 delivery for DIST-TRI-STATE-OPS,Distributor reports retail sub-accounts threatening contract cancellations due to depleted on-hand inventory at Atlanta DC hub.,-0.93
ZD-TK-3498,2026-08-12T12:14:00Z,NA-East,DIST-COASTAL-WHOLESALE,FULFILLMENT_DELAY,MEDIUM,Shipment lag on PO exceeding 12 days — Southeast territory,Backorder status on industrial lubricants resulting in critical operational halt for manufacturing customer.,-0.86
ZD-TK-3499,2026-08-12T15:13:00Z,NA-East,DIST-TRI-STATE-OPS,FULFILLMENT_DELAY,CRITICAL,Shipment lag on PO exceeding 12 days — Southeast territory,Backorder status on industrial lubricants resulting in critical operational halt for manufacturing customer.,-0.93
ZD-TK-3500,2026-08-12T09:48:00Z,NA-East,DIST-APEX-EAST,FULFILLMENT_DELAY,CRITICAL,Shipment lag on PO exceeding 12 days — Southeast territory,Backorder status on industrial lubricants resulting in critical operational halt for manufacturing customer.,-0.79
ZD-TK-3501,2026-08-12T15:57:00Z,NA-Central,DIST-MIDWEST-DIRECT,PRICE_DISPUTE,LOW,Routine inquiry / order status check for DIST-MIDWEST-DIRECT,Standard operational correspondence regarding order fulfillment tracking and invoice reconciliation.,-0.02
ZD-TK-3502,2026-08-12T16:28:00Z,NA-Central,DIST-MIDWEST-DIRECT,FULFILLMENT_DELAY,MEDIUM,Routine inquiry / order status check for DIST-MIDWEST-DIRECT,Standard operational correspondence regarding order fulfillment tracking and invoice reconciliation.,0.1
ZD-TK-3503,2026-08-12T17:32:00Z,NA-West,DIST-MOUNTAIN-PARTS,PRODUCT_QUALITY,LOW,Routine inquiry / order status check for DIST-MOUNTAIN-PARTS,Standard operational correspondence regarding order fulfillment tracking and invoice reconciliation.,-0.05
ZD-TK-3504,2026-08-12T11:01:00Z,NA-West,DIST-CAL-ENTERPRISE,FULFILLMENT_DELAY,LOW,Routine inquiry / order status check for DIST-CAL-ENTERPRISE,Standard operational correspondence regarding order fulfillment tracking and invoice reconciliation.,-0.3
ZD-TK-3505,2026-08-12T15:00:00Z,NA-West,DIST-PACIFIC-LOGISTICS,PRICE_DISPUTE,MEDIUM,Routine inquiry / order status check for DIST-PACIFIC-LOGISTICS,Standard operational correspondence regarding order fulfillment tracking and invoice reconciliation.,0.33
ZD-TK-3506,2026-08-13T12:26:00Z,NA-East,DIST-EMPIRE-IND,STOCKOUT_COMPLAINT,CRITICAL,Emergency: Atlanta DC stockout impacting SKU-8821 delivery for DIST-EMPIRE-IND,Distributor reports retail sub-accounts threatening contract cancellations due to depleted on-hand inventory at Atlanta DC hub.,-0.74
ZD-TK-3507,2026-08-13T10:52:00Z,NA-East,DIST-APEX-EAST,FULFILLMENT_DELAY,HIGH,Shipment lag on PO exceeding 12 days — Southeast territory,Backorder status on industrial lubricants resulting in critical operational halt for manufacturing customer.,-0.82
ZD-TK-3508,2026-08-13T11:38:00Z,NA-East,DIST-TRI-STATE-OPS,FULFILLMENT_DELAY,HIGH,Shipment lag on PO exceeding 12 days — Southeast territory,Backorder status on industrial lubricants resulting in critical operational halt for manufacturing customer.,-0.85
ZD-TK-3509,2026-08-13T09:53:00Z,NA-East,DIST-SUNBELT-PARTS,FULFILLMENT_DELAY,CRITICAL,Shipment lag on PO exceeding 12 days — Southeast territory,Backorder status on industrial lubricants resulting in critical operational halt for manufacturing customer.,-0.61
ZD-TK-3510,2026-08-13T11:04:00Z,NA-East,DIST-COASTAL-WHOLESALE,FULFILLMENT_DELAY,MEDIUM,Shipment lag on PO exceeding 12 days — Southeast territory,Backorder status on industrial lubricants resulting in critical operational halt for manufacturing customer.,-0.61
ZD-TK-3511,2026-08-13T08:07:00Z,NA-East,DIST-COASTAL-WHOLESALE,STOCKOUT_COMPLAINT,CRITICAL,Emergency: Atlanta DC stockout impacting SKU-8821 delivery for DIST-COASTAL-WHOLESALE,Distributor reports retail sub-accounts threatening contract cancellations due to depleted on-hand inventory at Atlanta DC hub.,-0.71
ZD-TK-3512,2026-08-13T09:58:00Z,NA-East,DIST-APEX-EAST,FULFILLMENT_DELAY,MEDIUM,Shipment lag on PO exceeding 12 days — Southeast territory,Backorder status on industrial lubricants resulting in critical operational halt for manufacturing customer.,-0.76
ZD-TK-3513,2026-08-13T14:03:00Z,NA-East,DIST-EMPIRE-IND,STOCKOUT_COMPLAINT,HIGH,Emergency: Atlanta DC stockout impacting SKU-8821 delivery for DIST-EMPIRE-IND,Distributor reports retail sub-accounts threatening contract cancellations due to depleted on-hand inventory at Atlanta DC hub.,-0.73
ZD-TK-3514,2026-08-13T16:44:00Z,NA-East,DIST-COASTAL-WHOLESALE,FULFILLMENT_DELAY,MEDIUM,Shipment lag on PO exceeding 12 days — Southeast territory,Backorder status on industrial lubricants resulting in critical operational halt for manufacturing customer.,-0.64
ZD-TK-3515,2026-08-13T16:48:00Z,NA-Central,DIST-MIDWEST-DIRECT,PRODUCT_QUALITY,MEDIUM,Routine inquiry / order status check for DIST-MIDWEST-DIRECT,Standard operational correspondence regarding order fulfillment tracking and invoice reconciliation.,0.19
ZD-TK-3516,2026-08-13T16:44:00Z,NA-West,DIST-PACIFIC-LOGISTICS,FULFILLMENT_DELAY,LOW,Routine inquiry / order status check for DIST-PACIFIC-LOGISTICS,Standard operational correspondence regarding order fulfillment tracking and invoice reconciliation.,0.03
ZD-TK-3517,2026-08-13T12:32:00Z,NA-West,DIST-MOUNTAIN-PARTS,PRICE_DISPUTE,MEDIUM,Routine inquiry / order status check for DIST-MOUNTAIN-PARTS,Standard operational correspondence regarding order fulfillment tracking and invoice reconciliation.,-0.21
ZD-TK-3518,2026-08-14T08:49:00Z,NA-East,DIST-MIDATL-SUPPLY,FULFILLMENT_DELAY,HIGH,Shipment lag on PO exceeding 12 days — Southeast territory,Backorder status on industrial lubricants resulting in critical operational halt for manufacturing customer.,-0.81
ZD-TK-3519,2026-08-14T13:00:00Z,NA-East,DIST-TRI-STATE-OPS,FULFILLMENT_DELAY,CRITICAL,Shipment lag on PO exceeding 12 days — Southeast territory,Backorder status on industrial lubricants resulting in critical operational halt for manufacturing customer.,-0.65
ZD-TK-3520,2026-08-14T12:18:00Z,NA-East,DIST-TRI-STATE-OPS,FULFILLMENT_DELAY,CRITICAL,Shipment lag on PO exceeding 12 days — Southeast territory,Backorder status on industrial lubricants resulting in critical operational halt for manufacturing customer.,-0.82
ZD-TK-3521,2026-08-14T16:38:00Z,NA-East,DIST-COASTAL-WHOLESALE,PRICE_DISPUTE,HIGH,Competitive price matching request — Horizon Foods 15% discount,Distributor requesting immediate credit memo or rebate match against Horizon Foods Mid-Atlantic promo.,-0.92
ZD-TK-3522,2026-08-14T15:32:00Z,NA-East,DIST-TRI-STATE-OPS,FULFILLMENT_DELAY,HIGH,Shipment lag on PO exceeding 12 days — Southeast territory,Backorder status on industrial lubricants resulting in critical operational halt for manufacturing customer.,-0.78
ZD-TK-3523,2026-08-14T14:17:00Z,NA-East,DIST-TRI-STATE-OPS,FULFILLMENT_DELAY,HIGH,Shipment lag on PO exceeding 12 days — Southeast territory,Backorder status on industrial lubricants resulting in critical operational halt for manufacturing customer.,-0.72
ZD-TK-3524,2026-08-14T14:40:00Z,NA-Central,DIST-MIDWEST-DIRECT,PRODUCT_QUALITY,MEDIUM,Routine inquiry / order status check for DIST-MIDWEST-DIRECT,Standard operational correspondence regarding order fulfillment tracking and invoice reconciliation.,0.12
ZD-TK-3525,2026-08-14T08:24:00Z,NA-Central,DIST-TEXAS-COMMERCIAL,FULFILLMENT_DELAY,MEDIUM,Routine inquiry / order status check for DIST-TEXAS-COMMERCIAL,Standard operational correspondence regarding order fulfillment tracking and invoice reconciliation.,-0.3
ZD-TK-3526,2026-08-14T12:22:00Z,NA-West,DIST-CAL-ENTERPRISE,PRODUCT_QUALITY,MEDIUM,Routine inquiry / order status check for DIST-CAL-ENTERPRISE,Standard operational correspondence regarding order fulfillment tracking and invoice reconciliation.,0.04
ZD-TK-3527,2026-08-14T16:20:00Z,NA-West,DIST-CAL-ENTERPRISE,PRICE_DISPUTE,LOW,Routine inquiry / order status check for DIST-CAL-ENTERPRISE,Standard operational correspondence regarding order fulfillment tracking and invoice reconciliation.,0.3
ZD-TK-3528,2026-08-15T12:53:00Z,NA-East,DIST-MIDATL-SUPPLY,FULFILLMENT_DELAY,HIGH,Shipment lag on PO exceeding 12 days — Southeast territory,Backorder status on industrial lubricants resulting in critical operational halt for manufacturing customer.,-0.69
ZD-TK-3529,2026-08-15T13:17:00Z,NA-East,DIST-SUNBELT-PARTS,FULFILLMENT_DELAY,CRITICAL,Shipment lag on PO exceeding 12 days — Southeast territory,Backorder status on industrial lubricants resulting in critical operational halt for manufacturing customer.,-0.67
ZD-TK-3530,2026-08-15T11:41:00Z,NA-East,DIST-APEX-EAST,STOCKOUT_COMPLAINT,CRITICAL,Emergency: Atlanta DC stockout impacting SKU-8821 delivery for DIST-APEX-EAST,Distributor reports retail sub-accounts threatening contract cancellations due to depleted on-hand inventory at Atlanta DC hub.,-0.83
ZD-TK-3531,2026-08-15T13:42:00Z,NA-East,DIST-SUNBELT-PARTS,FULFILLMENT_DELAY,HIGH,Shipment lag on PO exceeding 12 days — Southeast territory,Backorder status on industrial lubricants resulting in critical operational halt for manufacturing customer.,-0.72
ZD-TK-3532,2026-08-15T16:33:00Z,NA-Central,DIST-GREATLAKES-SUPPLY,PRODUCT_QUALITY,LOW,Routine inquiry / order status check for DIST-GREATLAKES-SUPPLY,Standard operational correspondence regarding order fulfillment tracking and invoice reconciliation.,-0.17
ZD-TK-3533,2026-08-15T10:01:00Z,NA-Central,DIST-GREATLAKES-SUPPLY,PRODUCT_QUALITY,LOW,Routine inquiry / order status check for DIST-GREATLAKES-SUPPLY,Standard operational correspondence regarding order fulfillment tracking and invoice reconciliation.,0.05
ZD-TK-3534,2026-08-15T14:25:00Z,NA-West,DIST-PACIFIC-LOGISTICS,PRODUCT_QUALITY,MEDIUM,Routine inquiry / order status check for DIST-PACIFIC-LOGISTICS,Standard operational correspondence regarding order fulfillment tracking and invoice reconciliation.,0.22
ZD-TK-3535,2026-08-16T10:11:00Z,NA-East,DIST-APEX-EAST,FULFILLMENT_DELAY,CRITICAL,Shipment lag on PO exceeding 12 days — Southeast territory,Backorder status on industrial lubricants resulting in critical operational halt for manufacturing customer.,-0.72
ZD-TK-3536,2026-08-16T15:50:00Z,NA-East,DIST-TRI-STATE-OPS,FULFILLMENT_DELAY,HIGH,Shipment lag on PO exceeding 12 days — Southeast territory,Backorder status on industrial lubricants resulting in critical operational halt for manufacturing customer.,-0.77
ZD-TK-3537,2026-08-16T14:02:00Z,NA-East,DIST-MIDATL-SUPPLY,PRICE_DISPUTE,MEDIUM,Competitive price matching request — Horizon Foods 15% discount,Distributor requesting immediate credit memo or rebate match against Horizon Foods Mid-Atlantic promo.,-0.66
ZD-TK-3538,2026-08-16T08:40:00Z,NA-East,DIST-MIDATL-SUPPLY,FULFILLMENT_DELAY,CRITICAL,Shipment lag on PO exceeding 12 days — Southeast territory,Backorder status on industrial lubricants resulting in critical operational halt for manufacturing customer.,-0.68
ZD-TK-3539,2026-08-16T14:33:00Z,NA-East,DIST-EMPIRE-IND,FULFILLMENT_DELAY,CRITICAL,Shipment lag on PO exceeding 12 days — Southeast territory,Backorder status on industrial lubricants resulting in critical operational halt for manufacturing customer.,-0.74
ZD-TK-3540,2026-08-16T09:38:00Z,NA-East,DIST-EMPIRE-IND,STOCKOUT_COMPLAINT,HIGH,Emergency: Atlanta DC stockout impacting SKU-8821 delivery for DIST-EMPIRE-IND,Distributor reports retail sub-accounts threatening contract cancellations due to depleted on-hand inventory at Atlanta DC hub.,-0.62
ZD-TK-3541,2026-08-16T16:31:00Z,NA-East,DIST-TRI-STATE-OPS,FULFILLMENT_DELAY,CRITICAL,Shipment lag on PO exceeding 12 days — Southeast territory,Backorder status on industrial lubricants resulting in critical operational halt for manufacturing customer.,-0.67
ZD-TK-3542,2026-08-16T15:13:00Z,NA-East,DIST-TRI-STATE-OPS,FULFILLMENT_DELAY,CRITICAL,Shipment lag on PO exceeding 12 days — Southeast territory,Backorder status on industrial lubricants resulting in critical operational halt for manufacturing customer.,-0.63
ZD-TK-3543,2026-08-16T14:44:00Z,NA-Central,DIST-TEXAS-COMMERCIAL,FULFILLMENT_DELAY,MEDIUM,Routine inquiry / order status check for DIST-TEXAS-COMMERCIAL,Standard operational correspondence regarding order fulfillment tracking and invoice reconciliation.,-0.31
ZD-TK-3544,2026-08-16T15:29:00Z,NA-Central,DIST-GREATLAKES-SUPPLY,PRICE_DISPUTE,MEDIUM,Routine inquiry / order status check for DIST-GREATLAKES-SUPPLY,Standard operational correspondence regarding order fulfillment tracking and invoice reconciliation.,0.09
ZD-TK-3545,2026-08-16T12:10:00Z,NA-Central,DIST-GREATLAKES-SUPPLY,PRODUCT_QUALITY,MEDIUM,Routine inquiry / order status check for DIST-GREATLAKES-SUPPLY,Standard operational correspondence regarding order fulfillment tracking and invoice reconciliation.,0.2
ZD-TK-3546,2026-08-16T14:22:00Z,NA-West,DIST-CAL-ENTERPRISE,PRICE_DISPUTE,MEDIUM,Routine inquiry / order status check for DIST-CAL-ENTERPRISE,Standard operational correspondence regarding order fulfillment tracking and invoice reconciliation.,0.14
ZD-TK-3547,2026-08-17T14:15:00Z,NA-East,DIST-COASTAL-WHOLESALE,STOCKOUT_COMPLAINT,HIGH,Emergency: Atlanta DC stockout impacting SKU-8821 delivery for DIST-COASTAL-WHOLESALE,Distributor reports retail sub-accounts threatening contract cancellations due to depleted on-hand inventory at Atlanta DC hub.,-0.68
ZD-TK-3548,2026-08-17T11:23:00Z,NA-East,DIST-COASTAL-WHOLESALE,STOCKOUT_COMPLAINT,CRITICAL,Emergency: Atlanta DC stockout impacting SKU-8821 delivery for DIST-COASTAL-WHOLESALE,Distributor reports retail sub-accounts threatening contract cancellations due to depleted on-hand inventory at Atlanta DC hub.,-0.64
ZD-TK-3549,2026-08-17T14:08:00Z,NA-East,DIST-COASTAL-WHOLESALE,FULFILLMENT_DELAY,CRITICAL,Shipment lag on PO exceeding 12 days — Southeast territory,Backorder status on industrial lubricants resulting in critical operational halt for manufacturing customer.,-0.61
ZD-TK-3550,2026-08-17T13:44:00Z,NA-East,DIST-APEX-EAST,STOCKOUT_COMPLAINT,HIGH,Emergency: Atlanta DC stockout impacting SKU-8821 delivery for DIST-APEX-EAST,Distributor reports retail sub-accounts threatening contract cancellations due to depleted on-hand inventory at Atlanta DC hub.,-0.66
ZD-TK-3551,2026-08-17T12:54:00Z,NA-East,DIST-TRI-STATE-OPS,FULFILLMENT_DELAY,HIGH,Shipment lag on PO exceeding 12 days — Southeast territory,Backorder status on industrial lubricants resulting in critical operational halt for manufacturing customer.,-0.88
ZD-TK-3552,2026-08-17T11:12:00Z,NA-Central,DIST-TEXAS-COMMERCIAL,PRODUCT_QUALITY,LOW,Routine inquiry / order status check for DIST-TEXAS-COMMERCIAL,Standard operational correspondence regarding order fulfillment tracking and invoice reconciliation.,0.23
ZD-TK-3553,2026-08-17T13:17:00Z,NA-Central,DIST-GREATLAKES-SUPPLY,PRODUCT_QUALITY,MEDIUM,Routine inquiry / order status check for DIST-GREATLAKES-SUPPLY,Standard operational correspondence regarding order fulfillment tracking and invoice reconciliation.,0.3
ZD-TK-3554,2026-08-17T14:23:00Z,NA-Central,DIST-MIDWEST-DIRECT,PRICE_DISPUTE,LOW,Routine inquiry / order status check for DIST-MIDWEST-DIRECT,Standard operational correspondence regarding order fulfillment tracking and invoice reconciliation.,-0.02
ZD-TK-3555,2026-08-17T09:57:00Z,NA-West,DIST-CAL-ENTERPRISE,PRODUCT_QUALITY,MEDIUM,Routine inquiry / order status check for DIST-CAL-ENTERPRISE,Standard operational correspondence regarding order fulfillment tracking and invoice reconciliation.,-0.18
ZD-TK-3556,2026-08-17T11:31:00Z,NA-West,DIST-CAL-ENTERPRISE,PRICE_DISPUTE,LOW,Routine inquiry / order status check for DIST-CAL-ENTERPRISE,Standard operational correspondence regarding order fulfillment tracking and invoice reconciliation.,-0.23
ZD-TK-3557,2026-08-17T14:08:00Z,NA-West,DIST-MOUNTAIN-PARTS,PRICE_DISPUTE,LOW,Routine inquiry / order status check for DIST-MOUNTAIN-PARTS,Standard operational correspondence regarding order fulfillment tracking and invoice reconciliation.,-0.19
ZD-TK-3558,2026-08-18T16:11:00Z,NA-East,DIST-APEX-EAST,PRICE_DISPUTE,CRITICAL,Competitive price matching request — Horizon Foods 15% discount,Distributor requesting immediate credit memo or rebate match against Horizon Foods Mid-Atlantic promo.,-0.83
ZD-TK-3559,2026-08-18T13:11:00Z,NA-East,DIST-TRI-STATE-OPS,STOCKOUT_COMPLAINT,MEDIUM,Emergency: Atlanta DC stockout impacting SKU-8821 delivery for DIST-TRI-STATE-OPS,Distributor reports retail sub-accounts threatening contract cancellations due to depleted on-hand inventory at Atlanta DC hub.,-0.9
ZD-TK-3560,2026-08-18T13:25:00Z,NA-East,DIST-TRI-STATE-OPS,FULFILLMENT_DELAY,HIGH,Shipment lag on PO exceeding 12 days — Southeast territory,Backorder status on industrial lubricants resulting in critical operational halt for manufacturing customer.,-0.72
ZD-TK-3561,2026-08-18T10:12:00Z,NA-East,DIST-SUNBELT-PARTS,PRICE_DISPUTE,MEDIUM,Competitive price matching request — Horizon Foods 15% discount,Distributor requesting immediate credit memo or rebate match against Horizon Foods Mid-Atlantic promo.,-0.9
ZD-TK-3562,2026-08-18T16:29:00Z,NA-East,DIST-COASTAL-WHOLESALE,FULFILLMENT_DELAY,HIGH,Shipment lag on PO exceeding 12 days — Southeast territory,Backorder status on industrial lubricants resulting in critical operational halt for manufacturing customer.,-0.75
ZD-TK-3563,2026-08-18T08:04:00Z,NA-Central,DIST-MIDWEST-DIRECT,PRICE_DISPUTE,MEDIUM,Routine inquiry / order status check for DIST-MIDWEST-DIRECT,Standard operational correspondence regarding order fulfillment tracking and invoice reconciliation.,0.13
ZD-TK-3564,2026-08-18T15:38:00Z,NA-West,DIST-PACIFIC-LOGISTICS,PRICE_DISPUTE,MEDIUM,Routine inquiry / order status check for DIST-PACIFIC-LOGISTICS,Standard operational correspondence regarding order fulfillment tracking and invoice reconciliation.,-0.35
ZD-TK-3565,2026-08-19T15:07:00Z,NA-East,DIST-APEX-EAST,STOCKOUT_COMPLAINT,CRITICAL,Emergency: Atlanta DC stockout impacting SKU-8821 delivery for DIST-APEX-EAST,Distributor reports retail sub-accounts threatening contract cancellations due to depleted on-hand inventory at Atlanta DC hub.,-0.6
ZD-TK-3566,2026-08-19T09:46:00Z,NA-East,DIST-SUNBELT-PARTS,STOCKOUT_COMPLAINT,MEDIUM,Emergency: Atlanta DC stockout impacting SKU-8821 delivery for DIST-SUNBELT-PARTS,Distributor reports retail sub-accounts threatening contract cancellations due to depleted on-hand inventory at Atlanta DC hub.,-0.73
ZD-TK-3567,2026-08-19T09:25:00Z,NA-East,DIST-TRI-STATE-OPS,FULFILLMENT_DELAY,HIGH,Shipment lag on PO exceeding 12 days — Southeast territory,Backorder status on industrial lubricants resulting in critical operational halt for manufacturing customer.,-0.68
ZD-TK-3568,2026-08-19T17:59:00Z,NA-East,DIST-MIDATL-SUPPLY,PRICE_DISPUTE,HIGH,Competitive price matching request — Horizon Foods 15% discount,Distributor requesting immediate credit memo or rebate match against Horizon Foods Mid-Atlantic promo.,-0.92
ZD-TK-3569,2026-08-19T13:08:00Z,NA-East,DIST-COASTAL-WHOLESALE,PRICE_DISPUTE,MEDIUM,Competitive price matching request — Horizon Foods 15% discount,Distributor requesting immediate credit memo or rebate match against Horizon Foods Mid-Atlantic promo.,-0.88
ZD-TK-3570,2026-08-19T15:24:00Z,NA-East,DIST-APEX-EAST,PRICE_DISPUTE,HIGH,Competitive price matching request — Horizon Foods 15% discount,Distributor requesting immediate credit memo or rebate match against Horizon Foods Mid-Atlantic promo.,-0.65
ZD-TK-3571,2026-08-19T08:47:00Z,NA-East,DIST-COASTAL-WHOLESALE,FULFILLMENT_DELAY,CRITICAL,Shipment lag on PO exceeding 12 days — Southeast territory,Backorder status on industrial lubricants resulting in critical operational halt for manufacturing customer.,-0.77
ZD-TK-3572,2026-08-19T13:28:00Z,NA-Central,DIST-GREATLAKES-SUPPLY,PRODUCT_QUALITY,MEDIUM,Routine inquiry / order status check for DIST-GREATLAKES-SUPPLY,Standard operational correspondence regarding order fulfillment tracking and invoice reconciliation.,-0.2
ZD-TK-3573,2026-08-19T14:47:00Z,NA-Central,DIST-MIDWEST-DIRECT,FULFILLMENT_DELAY,MEDIUM,Routine inquiry / order status check for DIST-MIDWEST-DIRECT,Standard operational correspondence regarding order fulfillment tracking and invoice reconciliation.,0.16
ZD-TK-3574,2026-08-19T16:44:00Z,NA-West,DIST-MOUNTAIN-PARTS,FULFILLMENT_DELAY,LOW,Routine inquiry / order status check for DIST-MOUNTAIN-PARTS,Standard operational correspondence regarding order fulfillment tracking and invoice reconciliation.,0.34
ZD-TK-3575,2026-08-20T17:33:00Z,NA-East,DIST-COASTAL-WHOLESALE,PRICE_DISPUTE,CRITICAL,Competitive price matching request — Horizon Foods 15% discount,Distributor requesting immediate credit memo or rebate match against Horizon Foods Mid-Atlantic promo.,-0.9
ZD-TK-3576,2026-08-20T10:43:00Z,NA-East,DIST-MIDATL-SUPPLY,STOCKOUT_COMPLAINT,CRITICAL,Emergency: Atlanta DC stockout impacting SKU-8821 delivery for DIST-MIDATL-SUPPLY,Distributor reports retail sub-accounts threatening contract cancellations due to depleted on-hand inventory at Atlanta DC hub.,-0.94
ZD-TK-3577,2026-08-20T08:31:00Z,NA-East,DIST-MIDATL-SUPPLY,STOCKOUT_COMPLAINT,HIGH,Emergency: Atlanta DC stockout impacting SKU-8821 delivery for DIST-MIDATL-SUPPLY,Distributor reports retail sub-accounts threatening contract cancellations due to depleted on-hand inventory at Atlanta DC hub.,-0.76
ZD-TK-3578,2026-08-20T14:05:00Z,NA-East,DIST-TRI-STATE-OPS,FULFILLMENT_DELAY,CRITICAL,Shipment lag on PO exceeding 12 days — Southeast territory,Backorder status on industrial lubricants resulting in critical operational halt for manufacturing customer.,-0.62
ZD-TK-3579,2026-08-20T13:25:00Z,NA-East,DIST-TRI-STATE-OPS,STOCKOUT_COMPLAINT,HIGH,Emergency: Atlanta DC stockout impacting SKU-8821 delivery for DIST-TRI-STATE-OPS,Distributor reports retail sub-accounts threatening contract cancellations due to depleted on-hand inventory at Atlanta DC hub.,-0.83
ZD-TK-3580,2026-08-20T15:06:00Z,NA-East,DIST-APEX-EAST,FULFILLMENT_DELAY,HIGH,Shipment lag on PO exceeding 12 days — Southeast territory,Backorder status on industrial lubricants resulting in critical operational halt for manufacturing customer.,-0.63
ZD-TK-3581,2026-08-20T13:11:00Z,NA-East,DIST-COASTAL-WHOLESALE,STOCKOUT_COMPLAINT,CRITICAL,Emergency: Atlanta DC stockout impacting SKU-8821 delivery for DIST-COASTAL-WHOLESALE,Distributor reports retail sub-accounts threatening contract cancellations due to depleted on-hand inventory at Atlanta DC hub.,-0.94
ZD-TK-3582,2026-08-20T13:44:00Z,NA-East,DIST-TRI-STATE-OPS,FULFILLMENT_DELAY,HIGH,Shipment lag on PO exceeding 12 days — Southeast territory,Backorder status on industrial lubricants resulting in critical operational halt for manufacturing customer.,-0.9
ZD-TK-3583,2026-08-20T09:10:00Z,NA-East,DIST-MIDATL-SUPPLY,FULFILLMENT_DELAY,HIGH,Shipment lag on PO exceeding 12 days — Southeast territory,Backorder status on industrial lubricants resulting in critical operational halt for manufacturing customer.,-0.82
ZD-TK-3584,2026-08-20T08:20:00Z,NA-Central,DIST-GREATLAKES-SUPPLY,PRICE_DISPUTE,LOW,Routine inquiry / order status check for DIST-GREATLAKES-SUPPLY,Standard operational correspondence regarding order fulfillment tracking and invoice reconciliation.,0.08
ZD-TK-3585,2026-08-20T08:54:00Z,NA-Central,DIST-TEXAS-COMMERCIAL,FULFILLMENT_DELAY,LOW,Routine inquiry / order status check for DIST-TEXAS-COMMERCIAL,Standard operational correspondence regarding order fulfillment tracking and invoice reconciliation.,-0.22
ZD-TK-3586,2026-08-20T17:02:00Z,NA-Central,DIST-GREATLAKES-SUPPLY,FULFILLMENT_DELAY,MEDIUM,Routine inquiry / order status check for DIST-GREATLAKES-SUPPLY,Standard operational correspondence regarding order fulfillment tracking and invoice reconciliation.,-0.03
ZD-TK-3587,2026-08-20T12:28:00Z,NA-West,DIST-CAL-ENTERPRISE,PRICE_DISPUTE,MEDIUM,Routine inquiry / order status check for DIST-CAL-ENTERPRISE,Standard operational correspondence regarding order fulfillment tracking and invoice reconciliation.,0.11
ZD-TK-3588,2026-08-20T09:26:00Z,NA-West,DIST-CAL-ENTERPRISE,FULFILLMENT_DELAY,LOW,Routine inquiry / order status check for DIST-CAL-ENTERPRISE,Standard operational correspondence regarding order fulfillment tracking and invoice reconciliation.,0.31
ZD-TK-3589,2026-08-20T14:59:00Z,NA-West,DIST-PACIFIC-LOGISTICS,FULFILLMENT_DELAY,MEDIUM,Routine inquiry / order status check for DIST-PACIFIC-LOGISTICS,Standard operational correspondence regarding order fulfillment tracking and invoice reconciliation.,0.01
ZD-TK-3590,2026-08-21T13:43:00Z,NA-East,DIST-APEX-EAST,STOCKOUT_COMPLAINT,HIGH,Emergency: Atlanta DC stockout impacting SKU-8821 delivery for DIST-APEX-EAST,Distributor reports retail sub-accounts threatening contract cancellations due to depleted on-hand inventory at Atlanta DC hub.,-0.95
ZD-TK-3591,2026-08-21T08:12:00Z,NA-East,DIST-MIDATL-SUPPLY,STOCKOUT_COMPLAINT,CRITICAL,Emergency: Atlanta DC stockout impacting SKU-8821 delivery for DIST-MIDATL-SUPPLY,Distributor reports retail sub-accounts threatening contract cancellations due to depleted on-hand inventory at Atlanta DC hub.,-0.7
ZD-TK-3592,2026-08-21T08:13:00Z,NA-East,DIST-MIDATL-SUPPLY,STOCKOUT_COMPLAINT,CRITICAL,Emergency: Atlanta DC stockout impacting SKU-8821 delivery for DIST-MIDATL-SUPPLY,Distributor reports retail sub-accounts threatening contract cancellations due to depleted on-hand inventory at Atlanta DC hub.,-0.7
ZD-TK-3593,2026-08-21T15:54:00Z,NA-East,DIST-TRI-STATE-OPS,FULFILLMENT_DELAY,CRITICAL,Shipment lag on PO exceeding 12 days — Southeast territory,Backorder status on industrial lubricants resulting in critical operational halt for manufacturing customer.,-0.91
ZD-TK-3594,2026-08-21T09:06:00Z,NA-East,DIST-COASTAL-WHOLESALE,FULFILLMENT_DELAY,HIGH,Shipment lag on PO exceeding 12 days — Southeast territory,Backorder status on industrial lubricants resulting in critical operational halt for manufacturing customer.,-0.75
ZD-TK-3595,2026-08-21T13:22:00Z,NA-East,DIST-SUNBELT-PARTS,STOCKOUT_COMPLAINT,HIGH,Emergency: Atlanta DC stockout impacting SKU-8821 delivery for DIST-SUNBELT-PARTS,Distributor reports retail sub-accounts threatening contract cancellations due to depleted on-hand inventory at Atlanta DC hub.,-0.92
ZD-TK-3596,2026-08-21T12:57:00Z,NA-East,DIST-SUNBELT-PARTS,STOCKOUT_COMPLAINT,CRITICAL,Emergency: Atlanta DC stockout impacting SKU-8821 delivery for DIST-SUNBELT-PARTS,Distributor reports retail sub-accounts threatening contract cancellations due to depleted on-hand inventory at Atlanta DC hub.,-0.8
ZD-TK-3597,2026-08-21T09:50:00Z,NA-East,DIST-APEX-EAST,FULFILLMENT_DELAY,CRITICAL,Shipment lag on PO exceeding 12 days — Southeast territory,Backorder status on industrial lubricants resulting in critical operational halt for manufacturing customer.,-0.6
ZD-TK-3598,2026-08-21T12:06:00Z,NA-East,DIST-TRI-STATE-OPS,FULFILLMENT_DELAY,HIGH,Shipment lag on PO exceeding 12 days — Southeast territory,Backorder status on industrial lubricants resulting in critical operational halt for manufacturing customer.,-0.7
ZD-TK-3599,2026-08-21T16:15:00Z,NA-Central,DIST-MIDWEST-DIRECT,FULFILLMENT_DELAY,LOW,Routine inquiry / order status check for DIST-MIDWEST-DIRECT,Standard operational correspondence regarding order fulfillment tracking and invoice reconciliation.,0.1
ZD-TK-3600,2026-08-21T09:32:00Z,NA-Central,DIST-TEXAS-COMMERCIAL,PRICE_DISPUTE,LOW,Routine inquiry / order status check for DIST-TEXAS-COMMERCIAL,Standard operational correspondence regarding order fulfillment tracking and invoice reconciliation.,-0.11
ZD-TK-3601,2026-08-21T13:07:00Z,NA-West,DIST-PACIFIC-LOGISTICS,PRICE_DISPUTE,MEDIUM,Routine inquiry / order status check for DIST-PACIFIC-LOGISTICS,Standard operational correspondence regarding order fulfillment tracking and invoice reconciliation.,0.25
ZD-TK-3602,2026-08-22T14:56:00Z,NA-East,DIST-SUNBELT-PARTS,STOCKOUT_COMPLAINT,CRITICAL,Emergency: Atlanta DC stockout impacting SKU-8821 delivery for DIST-SUNBELT-PARTS,Distributor reports retail sub-accounts threatening contract cancellations due to depleted on-hand inventory at Atlanta DC hub.,-0.89
ZD-TK-3603,2026-08-22T16:08:00Z,NA-East,DIST-SUNBELT-PARTS,FULFILLMENT_DELAY,CRITICAL,Shipment lag on PO exceeding 12 days — Southeast territory,Backorder status on industrial lubricants resulting in critical operational halt for manufacturing customer.,-0.91
ZD-TK-3604,2026-08-22T09:35:00Z,NA-East,DIST-EMPIRE-IND,FULFILLMENT_DELAY,CRITICAL,Shipment lag on PO exceeding 12 days — Southeast territory,Backorder status on industrial lubricants resulting in critical operational halt for manufacturing customer.,-0.68
ZD-TK-3605,2026-08-22T17:16:00Z,NA-East,DIST-MIDATL-SUPPLY,FULFILLMENT_DELAY,HIGH,Shipment lag on PO exceeding 12 days — Southeast territory,Backorder status on industrial lubricants resulting in critical operational halt for manufacturing customer.,-0.9
ZD-TK-3606,2026-08-22T15:46:00Z,NA-Central,DIST-TEXAS-COMMERCIAL,FULFILLMENT_DELAY,MEDIUM,Routine inquiry / order status check for DIST-TEXAS-COMMERCIAL,Standard operational correspondence regarding order fulfillment tracking and invoice reconciliation.,-0.29
ZD-TK-3607,2026-08-22T12:35:00Z,NA-West,DIST-MOUNTAIN-PARTS,FULFILLMENT_DELAY,MEDIUM,Routine inquiry / order status check for DIST-MOUNTAIN-PARTS,Standard operational correspondence regarding order fulfillment tracking and invoice reconciliation.,-0.05
ZD-TK-3608,2026-08-22T17:55:00Z,NA-West,DIST-MOUNTAIN-PARTS,PRICE_DISPUTE,MEDIUM,Routine inquiry / order status check for DIST-MOUNTAIN-PARTS,Standard operational correspondence regarding order fulfillment tracking and invoice reconciliation.,-0.02
ZD-TK-3609,2026-08-23T14:11:00Z,NA-East,DIST-MIDATL-SUPPLY,PRODUCT_QUALITY,CRITICAL,General technical inquiry,Requesting updated safety data sheet and batch compliance certificate.,-0.72
ZD-TK-3610,2026-08-23T09:12:00Z,NA-East,DIST-TRI-STATE-OPS,STOCKOUT_COMPLAINT,CRITICAL,Emergency: Atlanta DC stockout impacting SKU-8821 delivery for DIST-TRI-STATE-OPS,Distributor reports retail sub-accounts threatening contract cancellations due to depleted on-hand inventory at Atlanta DC hub.,-0.75
ZD-TK-3611,2026-08-23T09:04:00Z,NA-East,DIST-TRI-STATE-OPS,FULFILLMENT_DELAY,CRITICAL,Shipment lag on PO exceeding 12 days — Southeast territory,Backorder status on industrial lubricants resulting in critical operational halt for manufacturing customer.,-0.66
ZD-TK-3612,2026-08-23T15:15:00Z,NA-East,DIST-EMPIRE-IND,PRODUCT_QUALITY,HIGH,General technical inquiry,Requesting updated safety data sheet and batch compliance certificate.,-0.94
ZD-TK-3613,2026-08-23T12:23:00Z,NA-Central,DIST-TEXAS-COMMERCIAL,FULFILLMENT_DELAY,LOW,Routine inquiry / order status check for DIST-TEXAS-COMMERCIAL,Standard operational correspondence regarding order fulfillment tracking and invoice reconciliation.,0.21
ZD-TK-3614,2026-08-23T08:03:00Z,NA-Central,DIST-MIDWEST-DIRECT,PRODUCT_QUALITY,MEDIUM,Routine inquiry / order status check for DIST-MIDWEST-DIRECT,Standard operational correspondence regarding order fulfillment tracking and invoice reconciliation.,-0.05
ZD-TK-3615,2026-08-23T17:51:00Z,NA-West,DIST-CAL-ENTERPRISE,PRICE_DISPUTE,MEDIUM,Routine inquiry / order status check for DIST-CAL-ENTERPRISE,Standard operational correspondence regarding order fulfillment tracking and invoice reconciliation.,-0.07
ZD-TK-3616,2026-08-24T12:09:00Z,NA-East,DIST-MIDATL-SUPPLY,FULFILLMENT_DELAY,CRITICAL,Shipment lag on PO exceeding 12 days — Southeast territory,Backorder status on industrial lubricants resulting in critical operational halt for manufacturing customer.,-0.92
ZD-TK-3617,2026-08-24T16:40:00Z,NA-East,DIST-EMPIRE-IND,FULFILLMENT_DELAY,CRITICAL,Shipment lag on PO exceeding 12 days — Southeast territory,Backorder status on industrial lubricants resulting in critical operational halt for manufacturing customer.,-0.78
ZD-TK-3618,2026-08-24T16:26:00Z,NA-East,DIST-APEX-EAST,STOCKOUT_COMPLAINT,HIGH,Emergency: Atlanta DC stockout impacting SKU-8821 delivery for DIST-APEX-EAST,Distributor reports retail sub-accounts threatening contract cancellations due to depleted on-hand inventory at Atlanta DC hub.,-0.64
ZD-TK-3619,2026-08-24T17:25:00Z,NA-East,DIST-SUNBELT-PARTS,PRODUCT_QUALITY,MEDIUM,General technical inquiry,Requesting updated safety data sheet and batch compliance certificate.,-0.61
ZD-TK-3620,2026-08-24T16:17:00Z,NA-East,DIST-EMPIRE-IND,STOCKOUT_COMPLAINT,CRITICAL,Emergency: Atlanta DC stockout impacting SKU-8821 delivery for DIST-EMPIRE-IND,Distributor reports retail sub-accounts threatening contract cancellations due to depleted on-hand inventory at Atlanta DC hub.,-0.79
ZD-TK-3621,2026-08-24T08:28:00Z,NA-Central,DIST-TEXAS-COMMERCIAL,PRODUCT_QUALITY,MEDIUM,Routine inquiry / order status check for DIST-TEXAS-COMMERCIAL,Standard operational correspondence regarding order fulfillment tracking and invoice reconciliation.,-0.33
ZD-TK-3622,2026-08-24T17:59:00Z,NA-Central,DIST-TEXAS-COMMERCIAL,FULFILLMENT_DELAY,LOW,Routine inquiry / order status check for DIST-TEXAS-COMMERCIAL,Standard operational correspondence regarding order fulfillment tracking and invoice reconciliation.,0.09
ZD-TK-3623,2026-08-24T08:15:00Z,NA-West,DIST-MOUNTAIN-PARTS,PRICE_DISPUTE,MEDIUM,Routine inquiry / order status check for DIST-MOUNTAIN-PARTS,Standard operational correspondence regarding order fulfillment tracking and invoice reconciliation.,-0.34
ZD-TK-3624,2026-08-25T15:23:00Z,NA-East,DIST-EMPIRE-IND,FULFILLMENT_DELAY,MEDIUM,Shipment lag on PO exceeding 12 days — Southeast territory,Backorder status on industrial lubricants resulting in critical operational halt for manufacturing customer.,-0.88
ZD-TK-3625,2026-08-25T11:15:00Z,NA-East,DIST-TRI-STATE-OPS,FULFILLMENT_DELAY,HIGH,Shipment lag on PO exceeding 12 days — Southeast territory,Backorder status on industrial lubricants resulting in critical operational halt for manufacturing customer.,-0.76
ZD-TK-3626,2026-08-25T09:23:00Z,NA-East,DIST-SUNBELT-PARTS,FULFILLMENT_DELAY,CRITICAL,Shipment lag on PO exceeding 12 days — Southeast territory,Backorder status on industrial lubricants resulting in critical operational halt for manufacturing customer.,-0.67
ZD-TK-3627,2026-08-25T17:55:00Z,NA-East,DIST-COASTAL-WHOLESALE,FULFILLMENT_DELAY,HIGH,Shipment lag on PO exceeding 12 days — Southeast territory,Backorder status on industrial lubricants resulting in critical operational halt for manufacturing customer.,-0.89
ZD-TK-3628,2026-08-25T08:09:00Z,NA-East,DIST-TRI-STATE-OPS,STOCKOUT_COMPLAINT,HIGH,Emergency: Atlanta DC stockout impacting SKU-8821 delivery for DIST-TRI-STATE-OPS,Distributor reports retail sub-accounts threatening contract cancellations due to depleted on-hand inventory at Atlanta DC hub.,-0.63
ZD-TK-3629,2026-08-25T15:41:00Z,NA-East,DIST-COASTAL-WHOLESALE,FULFILLMENT_DELAY,CRITICAL,Shipment lag on PO exceeding 12 days — Southeast territory,Backorder status on industrial lubricants resulting in critical operational halt for manufacturing customer.,-0.87
ZD-TK-3630,2026-08-25T09:35:00Z,NA-East,DIST-APEX-EAST,FULFILLMENT_DELAY,HIGH,Shipment lag on PO exceeding 12 days — Southeast territory,Backorder status on industrial lubricants resulting in critical operational halt for manufacturing customer.,-0.83
ZD-TK-3631,2026-08-25T08:52:00Z,NA-East,DIST-SUNBELT-PARTS,FULFILLMENT_DELAY,CRITICAL,Shipment lag on PO exceeding 12 days — Southeast territory,Backorder status on industrial lubricants resulting in critical operational halt for manufacturing customer.,-0.74
ZD-TK-3632,2026-08-25T17:05:00Z,NA-East,DIST-COASTAL-WHOLESALE,FULFILLMENT_DELAY,MEDIUM,Shipment lag on PO exceeding 12 days — Southeast territory,Backorder status on industrial lubricants resulting in critical operational halt for manufacturing customer.,-0.87
ZD-TK-3633,2026-08-25T14:12:00Z,NA-Central,DIST-MIDWEST-DIRECT,PRODUCT_QUALITY,LOW,Routine inquiry / order status check for DIST-MIDWEST-DIRECT,Standard operational correspondence regarding order fulfillment tracking and invoice reconciliation.,-0.24
ZD-TK-3634,2026-08-25T15:22:00Z,NA-Central,DIST-TEXAS-COMMERCIAL,PRICE_DISPUTE,LOW,Routine inquiry / order status check for DIST-TEXAS-COMMERCIAL,Standard operational correspondence regarding order fulfillment tracking and invoice reconciliation.,0.03
ZD-TK-3635,2026-08-25T17:10:00Z,NA-West,DIST-PACIFIC-LOGISTICS,PRICE_DISPUTE,MEDIUM,Routine inquiry / order status check for DIST-PACIFIC-LOGISTICS,Standard operational correspondence regarding order fulfillment tracking and invoice reconciliation.,0.12
ZD-TK-3636,2026-08-26T11:46:00Z,NA-East,DIST-TRI-STATE-OPS,FULFILLMENT_DELAY,MEDIUM,Shipment lag on PO exceeding 12 days — Southeast territory,Backorder status on industrial lubricants resulting in critical operational halt for manufacturing customer.,-0.85
ZD-TK-3637,2026-08-26T08:51:00Z,NA-East,DIST-MIDATL-SUPPLY,STOCKOUT_COMPLAINT,HIGH,Emergency: Atlanta DC stockout impacting SKU-8821 delivery for DIST-MIDATL-SUPPLY,Distributor reports retail sub-accounts threatening contract cancellations due to depleted on-hand inventory at Atlanta DC hub.,-0.7
ZD-TK-3638,2026-08-26T13:23:00Z,NA-East,DIST-COASTAL-WHOLESALE,FULFILLMENT_DELAY,CRITICAL,Shipment lag on PO exceeding 12 days — Southeast territory,Backorder status on industrial lubricants resulting in critical operational halt for manufacturing customer.,-0.94
ZD-TK-3639,2026-08-26T11:11:00Z,NA-East,DIST-COASTAL-WHOLESALE,STOCKOUT_COMPLAINT,CRITICAL,Emergency: Atlanta DC stockout impacting SKU-8821 delivery for DIST-COASTAL-WHOLESALE,Distributor reports retail sub-accounts threatening contract cancellations due to depleted on-hand inventory at Atlanta DC hub.,-0.73
ZD-TK-3640,2026-08-26T14:27:00Z,NA-East,DIST-COASTAL-WHOLESALE,STOCKOUT_COMPLAINT,CRITICAL,Emergency: Atlanta DC stockout impacting SKU-8821 delivery for DIST-COASTAL-WHOLESALE,Distributor reports retail sub-accounts threatening contract cancellations due to depleted on-hand inventory at Atlanta DC hub.,-0.91
ZD-TK-3641,2026-08-26T08:53:00Z,NA-Central,DIST-GREATLAKES-SUPPLY,PRODUCT_QUALITY,LOW,Routine inquiry / order status check for DIST-GREATLAKES-SUPPLY,Standard operational correspondence regarding order fulfillment tracking and invoice reconciliation.,-0.27
ZD-TK-3642,2026-08-26T11:42:00Z,NA-Central,DIST-TEXAS-COMMERCIAL,FULFILLMENT_DELAY,LOW,Routine inquiry / order status check for DIST-TEXAS-COMMERCIAL,Standard operational correspondence regarding order fulfillment tracking and invoice reconciliation.,0.03
ZD-TK-3643,2026-08-26T13:12:00Z,NA-Central,DIST-MIDWEST-DIRECT,PRODUCT_QUALITY,LOW,Routine inquiry / order status check for DIST-MIDWEST-DIRECT,Standard operational correspondence regarding order fulfillment tracking and invoice reconciliation.,-0.2
ZD-TK-3644,2026-08-26T13:21:00Z,NA-West,DIST-CAL-ENTERPRISE,PRODUCT_QUALITY,MEDIUM,Routine inquiry / order status check for DIST-CAL-ENTERPRISE,Standard operational correspondence regarding order fulfillment tracking and invoice reconciliation.,0.22
ZD-TK-3645,2026-08-26T17:50:00Z,NA-West,DIST-MOUNTAIN-PARTS,PRICE_DISPUTE,LOW,Routine inquiry / order status check for DIST-MOUNTAIN-PARTS,Standard operational correspondence regarding order fulfillment tracking and invoice reconciliation.,-0.05
ZD-TK-3646,2026-08-26T13:19:00Z,NA-West,DIST-MOUNTAIN-PARTS,PRICE_DISPUTE,MEDIUM,Routine inquiry / order status check for DIST-MOUNTAIN-PARTS,Standard operational correspondence regarding order fulfillment tracking and invoice reconciliation.,-0.01
ZD-TK-3647,2026-08-27T16:29:00Z,NA-East,DIST-MIDATL-SUPPLY,FULFILLMENT_DELAY,MEDIUM,Routine inquiry / order status check for DIST-MIDATL-SUPPLY,Standard operational correspondence regarding order fulfillment tracking and invoice reconciliation.,-0.21
ZD-TK-3648,2026-08-27T11:31:00Z,NA-Central,DIST-MIDWEST-DIRECT,PRODUCT_QUALITY,LOW,Routine inquiry / order status check for DIST-MIDWEST-DIRECT,Standard operational correspondence regarding order fulfillment tracking and invoice reconciliation.,-0.14
ZD-TK-3649,2026-08-27T14:55:00Z,NA-Central,DIST-GREATLAKES-SUPPLY,PRODUCT_QUALITY,MEDIUM,Routine inquiry / order status check for DIST-GREATLAKES-SUPPLY,Standard operational correspondence regarding order fulfillment tracking and invoice reconciliation.,-0.09
ZD-TK-3650,2026-08-27T17:22:00Z,NA-Central,DIST-MIDWEST-DIRECT,PRODUCT_QUALITY,LOW,Routine inquiry / order status check for DIST-MIDWEST-DIRECT,Standard operational correspondence regarding order fulfillment tracking and invoice reconciliation.,0.32
ZD-TK-3651,2026-08-27T13:58:00Z,NA-West,DIST-MOUNTAIN-PARTS,FULFILLMENT_DELAY,MEDIUM,Routine inquiry / order status check for DIST-MOUNTAIN-PARTS,Standard operational correspondence regarding order fulfillment tracking and invoice reconciliation.,0.32
ZD-TK-3652,2026-08-27T11:16:00Z,NA-West,DIST-CAL-ENTERPRISE,PRODUCT_QUALITY,LOW,Routine inquiry / order status check for DIST-CAL-ENTERPRISE,Standard operational correspondence regarding order fulfillment tracking and invoice reconciliation.,-0.05
ZD-TK-3653,2026-08-27T16:42:00Z,NA-West,DIST-CAL-ENTERPRISE,PRICE_DISPUTE,MEDIUM,Routine inquiry / order status check for DIST-CAL-ENTERPRISE,Standard operational correspondence regarding order fulfillment tracking and invoice reconciliation.,0.2
ZD-TK-3654,2026-08-28T08:43:00Z,NA-East,DIST-TRI-STATE-OPS,PRICE_DISPUTE,LOW,Routine inquiry / order status check for DIST-TRI-STATE-OPS,Standard operational correspondence regarding order fulfillment tracking and invoice reconciliation.,-0.18
ZD-TK-3655,2026-08-28T16:01:00Z,NA-East,DIST-COASTAL-WHOLESALE,FULFILLMENT_DELAY,LOW,Routine inquiry / order status check for DIST-COASTAL-WHOLESALE,Standard operational correspondence regarding order fulfillment tracking and invoice reconciliation.,0.1
ZD-TK-3656,2026-08-28T11:27:00Z,NA-Central,DIST-GREATLAKES-SUPPLY,PRICE_DISPUTE,LOW,Routine inquiry / order status check for DIST-GREATLAKES-SUPPLY,Standard operational correspondence regarding order fulfillment tracking and invoice reconciliation.,-0.17
ZD-TK-3657,2026-08-28T09:51:00Z,NA-Central,DIST-GREATLAKES-SUPPLY,PRODUCT_QUALITY,LOW,Routine inquiry / order status check for DIST-GREATLAKES-SUPPLY,Standard operational correspondence regarding order fulfillment tracking and invoice reconciliation.,0.1
ZD-TK-3658,2026-08-28T17:59:00Z,NA-Central,DIST-TEXAS-COMMERCIAL,PRICE_DISPUTE,LOW,Routine inquiry / order status check for DIST-TEXAS-COMMERCIAL,Standard operational correspondence regarding order fulfillment tracking and invoice reconciliation.,0.34
ZD-TK-3659,2026-08-28T16:03:00Z,NA-West,DIST-MOUNTAIN-PARTS,FULFILLMENT_DELAY,MEDIUM,Routine inquiry / order status check for DIST-MOUNTAIN-PARTS,Standard operational correspondence regarding order fulfillment tracking and invoice reconciliation.,-0.22
ZD-TK-3660,2026-08-28T10:06:00Z,NA-West,DIST-PACIFIC-LOGISTICS,FULFILLMENT_DELAY,LOW,Routine inquiry / order status check for DIST-PACIFIC-LOGISTICS,Standard operational correspondence regarding order fulfillment tracking and invoice reconciliation.,-0.12
ZD-TK-3661,2026-08-28T15:02:00Z,NA-West,DIST-CAL-ENTERPRISE,PRODUCT_QUALITY,MEDIUM,Routine inquiry / order status check for DIST-CAL-ENTERPRISE,Standard operational correspondence regarding order fulfillment tracking and invoice reconciliation.,0.19
ZD-TK-3662,2026-08-29T14:41:00Z,NA-East,DIST-EMPIRE-IND,PRODUCT_QUALITY,MEDIUM,Routine inquiry / order status check for DIST-EMPIRE-IND,Standard operational correspondence regarding order fulfillment tracking and invoice reconciliation.,-0.3
ZD-TK-3663,2026-08-29T08:45:00Z,NA-East,DIST-EMPIRE-IND,FULFILLMENT_DELAY,MEDIUM,Routine inquiry / order status check for DIST-EMPIRE-IND,Standard operational correspondence regarding order fulfillment tracking and invoice reconciliation.,-0.13
ZD-TK-3664,2026-08-29T15:39:00Z,NA-Central,DIST-MIDWEST-DIRECT,PRODUCT_QUALITY,LOW,Routine inquiry / order status check for DIST-MIDWEST-DIRECT,Standard operational correspondence regarding order fulfillment tracking and invoice reconciliation.,0.14
ZD-TK-3665,2026-08-29T12:36:00Z,NA-Central,DIST-TEXAS-COMMERCIAL,FULFILLMENT_DELAY,LOW,Routine inquiry / order status check for DIST-TEXAS-COMMERCIAL,Standard operational correspondence regarding order fulfillment tracking and invoice reconciliation.,-0.27
ZD-TK-3666,2026-08-29T14:52:00Z,NA-West,DIST-CAL-ENTERPRISE,PRODUCT_QUALITY,MEDIUM,Routine inquiry / order status check for DIST-CAL-ENTERPRISE,Standard operational correspondence regarding order fulfillment tracking and invoice reconciliation.,0.31
ZD-TK-3667,2026-08-29T13:50:00Z,NA-West,DIST-PACIFIC-LOGISTICS,PRICE_DISPUTE,LOW,Routine inquiry / order status check for DIST-PACIFIC-LOGISTICS,Standard operational correspondence regarding order fulfillment tracking and invoice reconciliation.,-0.21
ZD-TK-3668,2026-08-29T16:59:00Z,NA-West,DIST-PACIFIC-LOGISTICS,PRODUCT_QUALITY,MEDIUM,Routine inquiry / order status check for DIST-PACIFIC-LOGISTICS,Standard operational correspondence regarding order fulfillment tracking and invoice reconciliation.,-0.26
ZD-TK-3669,2026-08-30T12:19:00Z,NA-East,DIST-SUNBELT-PARTS,PRICE_DISPUTE,LOW,Routine inquiry / order status check for DIST-SUNBELT-PARTS,Standard operational correspondence regarding order fulfillment tracking and invoice reconciliation.,0.19
ZD-TK-3670,2026-08-30T08:09:00Z,NA-East,DIST-MIDATL-SUPPLY,PRODUCT_QUALITY,MEDIUM,Routine inquiry / order status check for DIST-MIDATL-SUPPLY,Standard operational correspondence regarding order fulfillment tracking and invoice reconciliation.,0.0
ZD-TK-3671,2026-08-30T11:19:00Z,NA-East,DIST-MIDATL-SUPPLY,PRODUCT_QUALITY,MEDIUM,Routine inquiry / order status check for DIST-MIDATL-SUPPLY,Standard operational correspondence regarding order fulfillment tracking and invoice reconciliation.,-0.19
ZD-TK-3672,2026-08-30T11:31:00Z,NA-Central,DIST-GREATLAKES-SUPPLY,FULFILLMENT_DELAY,LOW,Routine inquiry / order status check for DIST-GREATLAKES-SUPPLY,Standard operational correspondence regarding order fulfillment tracking and invoice reconciliation.,0.1
ZD-TK-3673,2026-08-30T11:48:00Z,NA-Central,DIST-MIDWEST-DIRECT,FULFILLMENT_DELAY,MEDIUM,Routine inquiry / order status check for DIST-MIDWEST-DIRECT,Standard operational correspondence regarding order fulfillment tracking and invoice reconciliation.,-0.01
ZD-TK-3674,2026-08-30T10:02:00Z,NA-Central,DIST-MIDWEST-DIRECT,FULFILLMENT_DELAY,MEDIUM,Routine inquiry / order status check for DIST-MIDWEST-DIRECT,Standard operational correspondence regarding order fulfillment tracking and invoice reconciliation.,0.17
ZD-TK-3675,2026-08-30T15:07:00Z,NA-West,DIST-MOUNTAIN-PARTS,PRODUCT_QUALITY,LOW,Routine inquiry / order status check for DIST-MOUNTAIN-PARTS,Standard operational correspondence regarding order fulfillment tracking and invoice reconciliation.,-0.24
ZD-TK-3676,2026-08-31T17:51:00Z,NA-East,DIST-COASTAL-WHOLESALE,FULFILLMENT_DELAY,MEDIUM,Routine inquiry / order status check for DIST-COASTAL-WHOLESALE,Standard operational correspondence regarding order fulfillment tracking and invoice reconciliation.,0.18
ZD-TK-3677,2026-08-31T10:40:00Z,NA-East,DIST-APEX-EAST,PRODUCT_QUALITY,MEDIUM,Routine inquiry / order status check for DIST-APEX-EAST,Standard operational correspondence regarding order fulfillment tracking and invoice reconciliation.,-0.27
ZD-TK-3678,2026-08-31T12:10:00Z,NA-East,DIST-TRI-STATE-OPS,PRODUCT_QUALITY,LOW,Routine inquiry / order status check for DIST-TRI-STATE-OPS,Standard operational correspondence regarding order fulfillment tracking and invoice reconciliation.,0.26
ZD-TK-3679,2026-08-31T09:50:00Z,NA-Central,DIST-GREATLAKES-SUPPLY,FULFILLMENT_DELAY,MEDIUM,Routine inquiry / order status check for DIST-GREATLAKES-SUPPLY,Standard operational correspondence regarding order fulfillment tracking and invoice reconciliation.,0.15
ZD-TK-3680,2026-08-31T15:15:00Z,NA-Central,DIST-GREATLAKES-SUPPLY,PRODUCT_QUALITY,LOW,Routine inquiry / order status check for DIST-GREATLAKES-SUPPLY,Standard operational correspondence regarding order fulfillment tracking and invoice reconciliation.,-0.27
ZD-TK-3681,2026-08-31T09:56:00Z,NA-Central,DIST-TEXAS-COMMERCIAL,PRICE_DISPUTE,LOW,Routine inquiry / order status check for DIST-TEXAS-COMMERCIAL,Standard operational correspondence regarding order fulfillment tracking and invoice reconciliation.,0.11
ZD-TK-3682,2026-08-31T17:32:00Z,NA-West,DIST-PACIFIC-LOGISTICS,PRODUCT_QUALITY,MEDIUM,Routine inquiry / order status check for DIST-PACIFIC-LOGISTICS,Standard operational correspondence regarding order fulfillment tracking and invoice reconciliation.,0.34
ZD-TK-3683,2026-08-31T12:14:00Z,NA-West,DIST-MOUNTAIN-PARTS,FULFILLMENT_DELAY,MEDIUM,Routine inquiry / order status check for DIST-MOUNTAIN-PARTS,Standard operational correspondence regarding order fulfillment tracking and invoice reconciliation.,0.08
ZD-TK-3684,2026-08-31T13:49:00Z,NA-West,DIST-PACIFIC-LOGISTICS,PRICE_DISPUTE,MEDIUM,Routine inquiry / order status check for DIST-PACIFIC-LOGISTICS,Standard operational correspondence regarding order fulfillment tracking and invoice reconciliation.,0.3
ZD-TK-3685,2026-09-01T08:11:00Z,NA-East,DIST-COASTAL-WHOLESALE,PRICE_DISPUTE,LOW,Routine inquiry / order status check for DIST-COASTAL-WHOLESALE,Standard operational correspondence regarding order fulfillment tracking and invoice reconciliation.,-0.04
ZD-TK-3686,2026-09-01T17:18:00Z,NA-East,DIST-SUNBELT-PARTS,PRODUCT_QUALITY,MEDIUM,Routine inquiry / order status check for DIST-SUNBELT-PARTS,Standard operational correspondence regarding order fulfillment tracking and invoice reconciliation.,0.2
ZD-TK-3687,2026-09-01T10:23:00Z,NA-East,DIST-APEX-EAST,PRICE_DISPUTE,MEDIUM,Routine inquiry / order status check for DIST-APEX-EAST,Standard operational correspondence regarding order fulfillment tracking and invoice reconciliation.,0.11
ZD-TK-3688,2026-09-01T11:33:00Z,NA-Central,DIST-GREATLAKES-SUPPLY,FULFILLMENT_DELAY,LOW,Routine inquiry / order status check for DIST-GREATLAKES-SUPPLY,Standard operational correspondence regarding order fulfillment tracking and invoice reconciliation.,-0.09
ZD-TK-3689,2026-09-01T13:49:00Z,NA-Central,DIST-MIDWEST-DIRECT,PRICE_DISPUTE,LOW,Routine inquiry / order status check for DIST-MIDWEST-DIRECT,Standard operational correspondence regarding order fulfillment tracking and invoice reconciliation.,0.06
ZD-TK-3690,2026-09-01T10:33:00Z,NA-Central,DIST-GREATLAKES-SUPPLY,FULFILLMENT_DELAY,LOW,Routine inquiry / order status check for DIST-GREATLAKES-SUPPLY,Standard operational correspondence regarding order fulfillment tracking and invoice reconciliation.,0.26
ZD-TK-3691,2026-09-01T10:15:00Z,NA-West,DIST-MOUNTAIN-PARTS,FULFILLMENT_DELAY,LOW,Routine inquiry / order status check for DIST-MOUNTAIN-PARTS,Standard operational correspondence regarding order fulfillment tracking and invoice reconciliation.,-0.04
ZD-TK-3692,2026-09-01T11:43:00Z,NA-West,DIST-PACIFIC-LOGISTICS,PRODUCT_QUALITY,MEDIUM,Routine inquiry / order status check for DIST-PACIFIC-LOGISTICS,Standard operational correspondence regarding order fulfillment tracking and invoice reconciliation.,-0.2
ZD-TK-3693,2026-09-01T10:28:00Z,NA-West,DIST-PACIFIC-LOGISTICS,PRODUCT_QUALITY,LOW,Routine inquiry / order status check for DIST-PACIFIC-LOGISTICS,Standard operational correspondence regarding order fulfillment tracking and invoice reconciliation.,-0.05
ZD-TK-3694,2026-09-02T10:12:00Z,NA-East,DIST-TRI-STATE-OPS,FULFILLMENT_DELAY,MEDIUM,Routine inquiry / order status check for DIST-TRI-STATE-OPS,Standard operational correspondence regarding order fulfillment tracking and invoice reconciliation.,-0.06
ZD-TK-3695,2026-09-02T14:34:00Z,NA-East,DIST-APEX-EAST,FULFILLMENT_DELAY,MEDIUM,Routine inquiry / order status check for DIST-APEX-EAST,Standard operational correspondence regarding order fulfillment tracking and invoice reconciliation.,-0.08
ZD-TK-3696,2026-09-02T09:27:00Z,NA-Central,DIST-TEXAS-COMMERCIAL,PRODUCT_QUALITY,MEDIUM,Routine inquiry / order status check for DIST-TEXAS-COMMERCIAL,Standard operational correspondence regarding order fulfillment tracking and invoice reconciliation.,-0.09
ZD-TK-3697,2026-09-02T11:07:00Z,NA-Central,DIST-GREATLAKES-SUPPLY,PRICE_DISPUTE,LOW,Routine inquiry / order status check for DIST-GREATLAKES-SUPPLY,Standard operational correspondence regarding order fulfillment tracking and invoice reconciliation.,-0.19
ZD-TK-3698,2026-09-02T14:04:00Z,NA-West,DIST-PACIFIC-LOGISTICS,PRODUCT_QUALITY,MEDIUM,Routine inquiry / order status check for DIST-PACIFIC-LOGISTICS,Standard operational correspondence regarding order fulfillment tracking and invoice reconciliation.,0.15
ZD-TK-3699,2026-09-03T15:04:00Z,NA-East,DIST-TRI-STATE-OPS,PRODUCT_QUALITY,LOW,Routine inquiry / order status check for DIST-TRI-STATE-OPS,Standard operational correspondence regarding order fulfillment tracking and invoice reconciliation.,0.32
ZD-TK-3700,2026-09-03T11:07:00Z,NA-East,DIST-TRI-STATE-OPS,FULFILLMENT_DELAY,MEDIUM,Routine inquiry / order status check for DIST-TRI-STATE-OPS,Standard operational correspondence regarding order fulfillment tracking and invoice reconciliation.,0.25
ZD-TK-3701,2026-09-03T14:32:00Z,NA-East,DIST-MIDATL-SUPPLY,PRODUCT_QUALITY,LOW,Routine inquiry / order status check for DIST-MIDATL-SUPPLY,Standard operational correspondence regarding order fulfillment tracking and invoice reconciliation.,0.08
ZD-TK-3702,2026-09-03T14:30:00Z,NA-Central,DIST-TEXAS-COMMERCIAL,PRODUCT_QUALITY,MEDIUM,Routine inquiry / order status check for DIST-TEXAS-COMMERCIAL,Standard operational correspondence regarding order fulfillment tracking and invoice reconciliation.,0.17
ZD-TK-3703,2026-09-03T14:42:00Z,NA-Central,DIST-GREATLAKES-SUPPLY,PRODUCT_QUALITY,MEDIUM,Routine inquiry / order status check for DIST-GREATLAKES-SUPPLY,Standard operational correspondence regarding order fulfillment tracking and invoice reconciliation.,0.06
ZD-TK-3704,2026-09-03T12:51:00Z,NA-Central,DIST-TEXAS-COMMERCIAL,PRICE_DISPUTE,MEDIUM,Routine inquiry / order status check for DIST-TEXAS-COMMERCIAL,Standard operational correspondence regarding order fulfillment tracking and invoice reconciliation.,-0.28
ZD-TK-3705,2026-09-03T09:58:00Z,NA-West,DIST-PACIFIC-LOGISTICS,PRODUCT_QUALITY,LOW,Routine inquiry / order status check for DIST-PACIFIC-LOGISTICS,Standard operational correspondence regarding order fulfillment tracking and invoice reconciliation.,-0.02
ZD-TK-3706,2026-09-04T17:45:00Z,NA-East,DIST-APEX-EAST,PRICE_DISPUTE,MEDIUM,Routine inquiry / order status check for DIST-APEX-EAST,Standard operational correspondence regarding order fulfillment tracking and invoice reconciliation.,0.03
ZD-TK-3707,2026-09-04T14:58:00Z,NA-Central,DIST-GREATLAKES-SUPPLY,FULFILLMENT_DELAY,MEDIUM,Routine inquiry / order status check for DIST-GREATLAKES-SUPPLY,Standard operational correspondence regarding order fulfillment tracking and invoice reconciliation.,0.02
ZD-TK-3708,2026-09-04T15:59:00Z,NA-West,DIST-CAL-ENTERPRISE,PRICE_DISPUTE,LOW,Routine inquiry / order status check for DIST-CAL-ENTERPRISE,Standard operational correspondence regarding order fulfillment tracking and invoice reconciliation.,-0.25
ZD-TK-3709,2026-09-05T10:59:00Z,NA-East,DIST-MIDATL-SUPPLY,PRICE_DISPUTE,MEDIUM,Routine inquiry / order status check for DIST-MIDATL-SUPPLY,Standard operational correspondence regarding order fulfillment tracking and invoice reconciliation.,-0.2
ZD-TK-3710,2026-09-05T12:03:00Z,NA-Central,DIST-GREATLAKES-SUPPLY,FULFILLMENT_DELAY,MEDIUM,Routine inquiry / order status check for DIST-GREATLAKES-SUPPLY,Standard operational correspondence regarding order fulfillment tracking and invoice reconciliation.,0.19
ZD-TK-3711,2026-09-05T08:34:00Z,NA-Central,DIST-TEXAS-COMMERCIAL,PRICE_DISPUTE,MEDIUM,Routine inquiry / order status check for DIST-TEXAS-COMMERCIAL,Standard operational correspondence regarding order fulfillment tracking and invoice reconciliation.,0.32
ZD-TK-3712,2026-09-05T10:43:00Z,NA-Central,DIST-GREATLAKES-SUPPLY,PRODUCT_QUALITY,MEDIUM,Routine inquiry / order status check for DIST-GREATLAKES-SUPPLY,Standard operational correspondence regarding order fulfillment tracking and invoice reconciliation.,0.15
ZD-TK-3713,2026-09-05T13:19:00Z,NA-West,DIST-CAL-ENTERPRISE,PRODUCT_QUALITY,LOW,Routine inquiry / order status check for DIST-CAL-ENTERPRISE,Standard operational correspondence regarding order fulfillment tracking and invoice reconciliation.,-0.14
ZD-TK-3714,2026-09-05T14:59:00Z,NA-West,DIST-MOUNTAIN-PARTS,PRICE_DISPUTE,LOW,Routine inquiry / order status check for DIST-MOUNTAIN-PARTS,Standard operational correspondence regarding order fulfillment tracking and invoice reconciliation.,-0.01
ZD-TK-3715,2026-09-06T08:23:00Z,NA-East,DIST-TRI-STATE-OPS,PRODUCT_QUALITY,MEDIUM,Routine inquiry / order status check for DIST-TRI-STATE-OPS,Standard operational correspondence regarding order fulfillment tracking and invoice reconciliation.,-0.32
ZD-TK-3716,2026-09-06T15:10:00Z,NA-Central,DIST-TEXAS-COMMERCIAL,PRICE_DISPUTE,LOW,Routine inquiry / order status check for DIST-TEXAS-COMMERCIAL,Standard operational correspondence regarding order fulfillment tracking and invoice reconciliation.,0.13
ZD-TK-3717,2026-09-06T15:13:00Z,NA-Central,DIST-TEXAS-COMMERCIAL,PRICE_DISPUTE,LOW,Routine inquiry / order status check for DIST-TEXAS-COMMERCIAL,Standard operational correspondence regarding order fulfillment tracking and invoice reconciliation.,0.04
ZD-TK-3718,2026-09-06T17:44:00Z,NA-West,DIST-CAL-ENTERPRISE,FULFILLMENT_DELAY,LOW,Routine inquiry / order status check for DIST-CAL-ENTERPRISE,Standard operational correspondence regarding order fulfillment tracking and invoice reconciliation.,-0.33
ZD-TK-3719,2026-09-06T09:20:00Z,NA-West,DIST-CAL-ENTERPRISE,PRODUCT_QUALITY,MEDIUM,Routine inquiry / order status check for DIST-CAL-ENTERPRISE,Standard operational correspondence regarding order fulfillment tracking and invoice reconciliation.,-0.31
ZD-TK-3720,2026-09-06T13:47:00Z,NA-West,DIST-MOUNTAIN-PARTS,PRICE_DISPUTE,MEDIUM,Routine inquiry / order status check for DIST-MOUNTAIN-PARTS,Standard operational correspondence regarding order fulfillment tracking and invoice reconciliation.,-0.31
ZD-TK-3721,2026-09-07T13:00:00Z,NA-East,DIST-MIDATL-SUPPLY,PRODUCT_QUALITY,LOW,Routine inquiry / order status check for DIST-MIDATL-SUPPLY,Standard operational correspondence regarding order fulfillment tracking and invoice reconciliation.,-0.25
ZD-TK-3722,2026-09-07T12:06:00Z,NA-East,DIST-SUNBELT-PARTS,PRODUCT_QUALITY,MEDIUM,Routine inquiry / order status check for DIST-SUNBELT-PARTS,Standard operational correspondence regarding order fulfillment tracking and invoice reconciliation.,0.06
ZD-TK-3723,2026-09-07T10:31:00Z,NA-Central,DIST-MIDWEST-DIRECT,PRODUCT_QUALITY,MEDIUM,Routine inquiry / order status check for DIST-MIDWEST-DIRECT,Standard operational correspondence regarding order fulfillment tracking and invoice reconciliation.,0.24
ZD-TK-3724,2026-09-07T09:17:00Z,NA-Central,DIST-GREATLAKES-SUPPLY,FULFILLMENT_DELAY,LOW,Routine inquiry / order status check for DIST-GREATLAKES-SUPPLY,Standard operational correspondence regarding order fulfillment tracking and invoice reconciliation.,0.15
ZD-TK-3725,2026-09-07T08:59:00Z,NA-West,DIST-MOUNTAIN-PARTS,PRODUCT_QUALITY,LOW,Routine inquiry / order status check for DIST-MOUNTAIN-PARTS,Standard operational correspondence regarding order fulfillment tracking and invoice reconciliation.,-0.19
ZD-TK-3726,2026-09-07T12:05:00Z,NA-West,DIST-MOUNTAIN-PARTS,PRICE_DISPUTE,LOW,Routine inquiry / order status check for DIST-MOUNTAIN-PARTS,Standard operational correspondence regarding order fulfillment tracking and invoice reconciliation.,-0.28
ZD-TK-3727,2026-09-07T14:57:00Z,NA-West,DIST-CAL-ENTERPRISE,FULFILLMENT_DELAY,MEDIUM,Routine inquiry / order status check for DIST-CAL-ENTERPRISE,Standard operational correspondence regarding order fulfillment tracking and invoice reconciliation.,0.01
ZD-TK-3728,2026-09-08T14:56:00Z,NA-East,DIST-TRI-STATE-OPS,PRODUCT_QUALITY,MEDIUM,Routine inquiry / order status check for DIST-TRI-STATE-OPS,Standard operational correspondence regarding order fulfillment tracking and invoice reconciliation.,-0.29
ZD-TK-3729,2026-09-08T11:12:00Z,NA-Central,DIST-GREATLAKES-SUPPLY,PRICE_DISPUTE,LOW,Routine inquiry / order status check for DIST-GREATLAKES-SUPPLY,Standard operational correspondence regarding order fulfillment tracking and invoice reconciliation.,0.17
ZD-TK-3730,2026-09-08T15:45:00Z,NA-Central,DIST-TEXAS-COMMERCIAL,PRODUCT_QUALITY,MEDIUM,Routine inquiry / order status check for DIST-TEXAS-COMMERCIAL,Standard operational correspondence regarding order fulfillment tracking and invoice reconciliation.,-0.09
ZD-TK-3731,2026-09-08T08:00:00Z,NA-West,DIST-PACIFIC-LOGISTICS,FULFILLMENT_DELAY,MEDIUM,Routine inquiry / order status check for DIST-PACIFIC-LOGISTICS,Standard operational correspondence regarding order fulfillment tracking and invoice reconciliation.,-0.32
ZD-TK-3732,2026-09-08T11:09:00Z,NA-West,DIST-PACIFIC-LOGISTICS,FULFILLMENT_DELAY,LOW,Routine inquiry / order status check for DIST-PACIFIC-LOGISTICS,Standard operational correspondence regarding order fulfillment tracking and invoice reconciliation.,-0.2
ZD-TK-3733,2026-09-09T12:57:00Z,NA-East,DIST-MIDATL-SUPPLY,PRODUCT_QUALITY,LOW,Routine inquiry / order status check for DIST-MIDATL-SUPPLY,Standard operational correspondence regarding order fulfillment tracking and invoice reconciliation.,-0.04
ZD-TK-3734,2026-09-09T10:43:00Z,NA-East,DIST-SUNBELT-PARTS,PRODUCT_QUALITY,LOW,Routine inquiry / order status check for DIST-SUNBELT-PARTS,Standard operational correspondence regarding order fulfillment tracking and invoice reconciliation.,-0.31
ZD-TK-3735,2026-09-09T15:19:00Z,NA-East,DIST-SUNBELT-PARTS,PRODUCT_QUALITY,LOW,Routine inquiry / order status check for DIST-SUNBELT-PARTS,Standard operational correspondence regarding order fulfillment tracking and invoice reconciliation.,-0.06
ZD-TK-3736,2026-09-09T11:13:00Z,NA-Central,DIST-GREATLAKES-SUPPLY,PRICE_DISPUTE,LOW,Routine inquiry / order status check for DIST-GREATLAKES-SUPPLY,Standard operational correspondence regarding order fulfillment tracking and invoice reconciliation.,0.02
ZD-TK-3737,2026-09-09T16:36:00Z,NA-West,DIST-MOUNTAIN-PARTS,PRODUCT_QUALITY,LOW,Routine inquiry / order status check for DIST-MOUNTAIN-PARTS,Standard operational correspondence regarding order fulfillment tracking and invoice reconciliation.,0.32
ZD-TK-3738,2026-09-10T13:36:00Z,NA-East,DIST-MIDATL-SUPPLY,FULFILLMENT_DELAY,MEDIUM,Routine inquiry / order status check for DIST-MIDATL-SUPPLY,Standard operational correspondence regarding order fulfillment tracking and invoice reconciliation.,-0.06
ZD-TK-3739,2026-09-10T10:21:00Z,NA-East,DIST-TRI-STATE-OPS,PRICE_DISPUTE,MEDIUM,Routine inquiry / order status check for DIST-TRI-STATE-OPS,Standard operational correspondence regarding order fulfillment tracking and invoice reconciliation.,0.31
ZD-TK-3740,2026-09-10T09:52:00Z,NA-East,DIST-EMPIRE-IND,PRODUCT_QUALITY,LOW,Routine inquiry / order status check for DIST-EMPIRE-IND,Standard operational correspondence regarding order fulfillment tracking and invoice reconciliation.,0.04
ZD-TK-3741,2026-09-10T12:38:00Z,NA-Central,DIST-GREATLAKES-SUPPLY,FULFILLMENT_DELAY,LOW,Routine inquiry / order status check for DIST-GREATLAKES-SUPPLY,Standard operational correspondence regarding order fulfillment tracking and invoice reconciliation.,-0.04
ZD-TK-3742,2026-09-10T09:34:00Z,NA-West,DIST-MOUNTAIN-PARTS,FULFILLMENT_DELAY,LOW,Routine inquiry / order status check for DIST-MOUNTAIN-PARTS,Standard operational correspondence regarding order fulfillment tracking and invoice reconciliation.,-0.27
ZD-TK-3743,2026-09-10T15:34:00Z,NA-West,DIST-CAL-ENTERPRISE,PRODUCT_QUALITY,MEDIUM,Routine inquiry / order status check for DIST-CAL-ENTERPRISE,Standard operational correspondence regarding order fulfillment tracking and invoice reconciliation.,0.11
ZD-TK-3744,2026-09-10T08:49:00Z,NA-West,DIST-MOUNTAIN-PARTS,PRODUCT_QUALITY,MEDIUM,Routine inquiry / order status check for DIST-MOUNTAIN-PARTS,Standard operational correspondence regarding order fulfillment tracking and invoice reconciliation.,0.11
ZD-TK-3745,2026-09-11T10:59:00Z,NA-East,DIST-SUNBELT-PARTS,PRODUCT_QUALITY,LOW,Routine inquiry / order status check for DIST-SUNBELT-PARTS,Standard operational correspondence regarding order fulfillment tracking and invoice reconciliation.,0.22
ZD-TK-3746,2026-09-11T12:07:00Z,NA-East,DIST-APEX-EAST,PRICE_DISPUTE,MEDIUM,Routine inquiry / order status check for DIST-APEX-EAST,Standard operational correspondence regarding order fulfillment tracking and invoice reconciliation.,0.13
ZD-TK-3747,2026-09-11T16:50:00Z,NA-East,DIST-COASTAL-WHOLESALE,FULFILLMENT_DELAY,MEDIUM,Routine inquiry / order status check for DIST-COASTAL-WHOLESALE,Standard operational correspondence regarding order fulfillment tracking and invoice reconciliation.,-0.25
ZD-TK-3748,2026-09-11T14:12:00Z,NA-Central,DIST-GREATLAKES-SUPPLY,PRODUCT_QUALITY,MEDIUM,Routine inquiry / order status check for DIST-GREATLAKES-SUPPLY,Standard operational correspondence regarding order fulfillment tracking and invoice reconciliation.,-0.01
ZD-TK-3749,2026-09-11T10:44:00Z,NA-West,DIST-MOUNTAIN-PARTS,PRICE_DISPUTE,LOW,Routine inquiry / order status check for DIST-MOUNTAIN-PARTS,Standard operational correspondence regarding order fulfillment tracking and invoice reconciliation.,0.14
ZD-TK-3750,2026-09-11T10:04:00Z,NA-West,DIST-MOUNTAIN-PARTS,FULFILLMENT_DELAY,LOW,Routine inquiry / order status check for DIST-MOUNTAIN-PARTS,Standard operational correspondence regarding order fulfillment tracking and invoice reconciliation.,-0.18
ZD-TK-3751,2026-09-11T14:08:00Z,NA-West,DIST-CAL-ENTERPRISE,PRODUCT_QUALITY,MEDIUM,Routine inquiry / order status check for DIST-CAL-ENTERPRISE,Standard operational correspondence regarding order fulfillment tracking and invoice reconciliation.,0.13
ZD-TK-3752,2026-09-12T13:30:00Z,NA-East,DIST-SUNBELT-PARTS,FULFILLMENT_DELAY,MEDIUM,Routine inquiry / order status check for DIST-SUNBELT-PARTS,Standard operational correspondence regarding order fulfillment tracking and invoice reconciliation.,0.03
ZD-TK-3753,2026-09-12T12:54:00Z,NA-East,DIST-COASTAL-WHOLESALE,PRICE_DISPUTE,LOW,Routine inquiry / order status check for DIST-COASTAL-WHOLESALE,Standard operational correspondence regarding order fulfillment tracking and invoice reconciliation.,-0.04
ZD-TK-3754,2026-09-12T08:29:00Z,NA-East,DIST-COASTAL-WHOLESALE,PRODUCT_QUALITY,MEDIUM,Routine inquiry / order status check for DIST-COASTAL-WHOLESALE,Standard operational correspondence regarding order fulfillment tracking and invoice reconciliation.,0.26
ZD-TK-3755,2026-09-12T08:29:00Z,NA-Central,DIST-MIDWEST-DIRECT,PRICE_DISPUTE,MEDIUM,Routine inquiry / order status check for DIST-MIDWEST-DIRECT,Standard operational correspondence regarding order fulfillment tracking and invoice reconciliation.,-0.24
ZD-TK-3756,2026-09-12T13:16:00Z,NA-West,DIST-MOUNTAIN-PARTS,PRICE_DISPUTE,LOW,Routine inquiry / order status check for DIST-MOUNTAIN-PARTS,Standard operational correspondence regarding order fulfillment tracking and invoice reconciliation.,-0.32
ZD-TK-3757,2026-09-13T13:10:00Z,NA-East,DIST-SUNBELT-PARTS,FULFILLMENT_DELAY,MEDIUM,Routine inquiry / order status check for DIST-SUNBELT-PARTS,Standard operational correspondence regarding order fulfillment tracking and invoice reconciliation.,-0.09
ZD-TK-3758,2026-09-13T11:21:00Z,NA-Central,DIST-MIDWEST-DIRECT,FULFILLMENT_DELAY,MEDIUM,Routine inquiry / order status check for DIST-MIDWEST-DIRECT,Standard operational correspondence regarding order fulfillment tracking and invoice reconciliation.,-0.19
ZD-TK-3759,2026-09-13T15:51:00Z,NA-Central,DIST-TEXAS-COMMERCIAL,PRICE_DISPUTE,MEDIUM,Routine inquiry / order status check for DIST-TEXAS-COMMERCIAL,Standard operational correspondence regarding order fulfillment tracking and invoice reconciliation.,0.3
ZD-TK-3760,2026-09-13T13:16:00Z,NA-West,DIST-PACIFIC-LOGISTICS,FULFILLMENT_DELAY,LOW,Routine inquiry / order status check for DIST-PACIFIC-LOGISTICS,Standard operational correspondence regarding order fulfillment tracking and invoice reconciliation.,-0.02
ZD-TK-3761,2026-09-13T14:24:00Z,NA-West,DIST-CAL-ENTERPRISE,PRODUCT_QUALITY,MEDIUM,Routine inquiry / order status check for DIST-CAL-ENTERPRISE,Standard operational correspondence regarding order fulfillment tracking and invoice reconciliation.,0.07
ZD-TK-3762,2026-09-13T09:45:00Z,NA-West,DIST-CAL-ENTERPRISE,PRODUCT_QUALITY,MEDIUM,Routine inquiry / order status check for DIST-CAL-ENTERPRISE,Standard operational correspondence regarding order fulfillment tracking and invoice reconciliation.,0.08
ZD-TK-3763,2026-09-14T14:12:00Z,NA-East,DIST-TRI-STATE-OPS,PRICE_DISPUTE,LOW,Routine inquiry / order status check for DIST-TRI-STATE-OPS,Standard operational correspondence regarding order fulfillment tracking and invoice reconciliation.,-0.13
ZD-TK-3764,2026-09-14T15:38:00Z,NA-East,DIST-MIDATL-SUPPLY,FULFILLMENT_DELAY,LOW,Routine inquiry / order status check for DIST-MIDATL-SUPPLY,Standard operational correspondence regarding order fulfillment tracking and invoice reconciliation.,0.09
ZD-TK-3765,2026-09-14T09:37:00Z,NA-East,DIST-COASTAL-WHOLESALE,PRICE_DISPUTE,MEDIUM,Routine inquiry / order status check for DIST-COASTAL-WHOLESALE,Standard operational correspondence regarding order fulfillment tracking and invoice reconciliation.,-0.05
ZD-TK-3766,2026-09-14T17:31:00Z,NA-Central,DIST-GREATLAKES-SUPPLY,PRICE_DISPUTE,LOW,Routine inquiry / order status check for DIST-GREATLAKES-SUPPLY,Standard operational correspondence regarding order fulfillment tracking and invoice reconciliation.,0.22
ZD-TK-3767,2026-09-14T14:27:00Z,NA-West,DIST-CAL-ENTERPRISE,PRODUCT_QUALITY,LOW,Routine inquiry / order status check for DIST-CAL-ENTERPRISE,Standard operational correspondence regarding order fulfillment tracking and invoice reconciliation.,-0.12
ZD-TK-3768,2026-09-14T15:43:00Z,NA-West,DIST-CAL-ENTERPRISE,PRICE_DISPUTE,MEDIUM,Routine inquiry / order status check for DIST-CAL-ENTERPRISE,Standard operational correspondence regarding order fulfillment tracking and invoice reconciliation.,0.07
ZD-TK-3769,2026-09-15T13:24:00Z,NA-East,DIST-APEX-EAST,FULFILLMENT_DELAY,MEDIUM,Routine inquiry / order status check for DIST-APEX-EAST,Standard operational correspondence regarding order fulfillment tracking and invoice reconciliation.,-0.2
ZD-TK-3770,2026-09-15T16:55:00Z,NA-East,DIST-SUNBELT-PARTS,PRICE_DISPUTE,MEDIUM,Routine inquiry / order status check for DIST-SUNBELT-PARTS,Standard operational correspondence regarding order fulfillment tracking and invoice reconciliation.,0.25
ZD-TK-3771,2026-09-15T08:41:00Z,NA-East,DIST-SUNBELT-PARTS,FULFILLMENT_DELAY,LOW,Routine inquiry / order status check for DIST-SUNBELT-PARTS,Standard operational correspondence regarding order fulfillment tracking and invoice reconciliation.,-0.24
ZD-TK-3772,2026-09-15T15:46:00Z,NA-Central,DIST-GREATLAKES-SUPPLY,PRICE_DISPUTE,MEDIUM,Routine inquiry / order status check for DIST-GREATLAKES-SUPPLY,Standard operational correspondence regarding order fulfillment tracking and invoice reconciliation.,0.09
ZD-TK-3773,2026-09-15T11:55:00Z,NA-Central,DIST-TEXAS-COMMERCIAL,PRODUCT_QUALITY,MEDIUM,Routine inquiry / order status check for DIST-TEXAS-COMMERCIAL,Standard operational correspondence regarding order fulfillment tracking and invoice reconciliation.,-0.3
ZD-TK-3774,2026-09-15T13:53:00Z,NA-Central,DIST-MIDWEST-DIRECT,PRODUCT_QUALITY,MEDIUM,Routine inquiry / order status check for DIST-MIDWEST-DIRECT,Standard operational correspondence regarding order fulfillment tracking and invoice reconciliation.,0.32
ZD-TK-3775,2026-09-15T11:52:00Z,NA-West,DIST-MOUNTAIN-PARTS,PRODUCT_QUALITY,LOW,Routine inquiry / order status check for DIST-MOUNTAIN-PARTS,Standard operational correspondence regarding order fulfillment tracking and invoice reconciliation.,0.16
ZD-TK-3776,2026-09-15T17:12:00Z,NA-West,DIST-MOUNTAIN-PARTS,PRICE_DISPUTE,MEDIUM,Routine inquiry / order status check for DIST-MOUNTAIN-PARTS,Standard operational correspondence regarding order fulfillment tracking and invoice reconciliation.,-0.12
ZD-TK-3777,2026-09-15T08:17:00Z,NA-West,DIST-PACIFIC-LOGISTICS,FULFILLMENT_DELAY,MEDIUM,Routine inquiry / order status check for DIST-PACIFIC-LOGISTICS,Standard operational correspondence regarding order fulfillment tracking and invoice reconciliation.,-0.07
ZD-TK-3778,2026-09-16T09:52:00Z,NA-East,DIST-COASTAL-WHOLESALE,PRICE_DISPUTE,LOW,Routine inquiry / order status check for DIST-COASTAL-WHOLESALE,Standard operational correspondence regarding order fulfillment tracking and invoice reconciliation.,-0.18
ZD-TK-3779,2026-09-16T08:18:00Z,NA-Central,DIST-TEXAS-COMMERCIAL,FULFILLMENT_DELAY,MEDIUM,Routine inquiry / order status check for DIST-TEXAS-COMMERCIAL,Standard operational correspondence regarding order fulfillment tracking and invoice reconciliation.,0.14
ZD-TK-3780,2026-09-16T13:19:00Z,NA-West,DIST-MOUNTAIN-PARTS,PRODUCT_QUALITY,MEDIUM,Routine inquiry / order status check for DIST-MOUNTAIN-PARTS,Standard operational correspondence regarding order fulfillment tracking and invoice reconciliation.,-0.1
ZD-TK-3781,2026-09-17T15:41:00Z,NA-East,DIST-MIDATL-SUPPLY,PRODUCT_QUALITY,LOW,Routine inquiry / order status check for DIST-MIDATL-SUPPLY,Standard operational correspondence regarding order fulfillment tracking and invoice reconciliation.,-0.15
ZD-TK-3782,2026-09-17T15:11:00Z,NA-East,DIST-MIDATL-SUPPLY,PRICE_DISPUTE,MEDIUM,Routine inquiry / order status check for DIST-MIDATL-SUPPLY,Standard operational correspondence regarding order fulfillment tracking and invoice reconciliation.,0.2
ZD-TK-3783,2026-09-17T10:56:00Z,NA-Central,DIST-TEXAS-COMMERCIAL,FULFILLMENT_DELAY,LOW,Routine inquiry / order status check for DIST-TEXAS-COMMERCIAL,Standard operational correspondence regarding order fulfillment tracking and invoice reconciliation.,-0.31
ZD-TK-3784,2026-09-17T11:08:00Z,NA-Central,DIST-MIDWEST-DIRECT,PRODUCT_QUALITY,LOW,Routine inquiry / order status check for DIST-MIDWEST-DIRECT,Standard operational correspondence regarding order fulfillment tracking and invoice reconciliation.,-0.03
ZD-TK-3785,2026-09-17T14:04:00Z,NA-Central,DIST-MIDWEST-DIRECT,PRODUCT_QUALITY,MEDIUM,Routine inquiry / order status check for DIST-MIDWEST-DIRECT,Standard operational correspondence regarding order fulfillment tracking and invoice reconciliation.,-0.08
ZD-TK-3786,2026-09-17T14:31:00Z,NA-West,DIST-PACIFIC-LOGISTICS,FULFILLMENT_DELAY,MEDIUM,Routine inquiry / order status check for DIST-PACIFIC-LOGISTICS,Standard operational correspondence regarding order fulfillment tracking and invoice reconciliation.,-0.08
ZD-TK-3787,2026-09-17T09:41:00Z,NA-West,DIST-MOUNTAIN-PARTS,PRICE_DISPUTE,LOW,Routine inquiry / order status check for DIST-MOUNTAIN-PARTS,Standard operational correspondence regarding order fulfillment tracking and invoice reconciliation.,-0.07
ZD-TK-3788,2026-09-17T10:34:00Z,NA-West,DIST-CAL-ENTERPRISE,FULFILLMENT_DELAY,LOW,Routine inquiry / order status check for DIST-CAL-ENTERPRISE,Standard operational correspondence regarding order fulfillment tracking and invoice reconciliation.,0.3
ZD-TK-3789,2026-09-18T09:40:00Z,NA-East,DIST-COASTAL-WHOLESALE,PRICE_DISPUTE,MEDIUM,Routine inquiry / order status check for DIST-COASTAL-WHOLESALE,Standard operational correspondence regarding order fulfillment tracking and invoice reconciliation.,-0.03
ZD-TK-3790,2026-09-18T16:11:00Z,NA-Central,DIST-TEXAS-COMMERCIAL,FULFILLMENT_DELAY,LOW,Routine inquiry / order status check for DIST-TEXAS-COMMERCIAL,Standard operational correspondence regarding order fulfillment tracking and invoice reconciliation.,0.2
ZD-TK-3791,2026-09-18T13:56:00Z,NA-Central,DIST-MIDWEST-DIRECT,FULFILLMENT_DELAY,MEDIUM,Routine inquiry / order status check for DIST-MIDWEST-DIRECT,Standard operational correspondence regarding order fulfillment tracking and invoice reconciliation.,0.35
ZD-TK-3792,2026-09-18T08:52:00Z,NA-West,DIST-PACIFIC-LOGISTICS,FULFILLMENT_DELAY,MEDIUM,Routine inquiry / order status check for DIST-PACIFIC-LOGISTICS,Standard operational correspondence regarding order fulfillment tracking and invoice reconciliation.,0.33
ZD-TK-3793,2026-09-19T14:30:00Z,NA-East,DIST-SUNBELT-PARTS,FULFILLMENT_DELAY,LOW,Routine inquiry / order status check for DIST-SUNBELT-PARTS,Standard operational correspondence regarding order fulfillment tracking and invoice reconciliation.,-0.26
ZD-TK-3794,2026-09-19T16:34:00Z,NA-East,DIST-MIDATL-SUPPLY,PRODUCT_QUALITY,MEDIUM,Routine inquiry / order status check for DIST-MIDATL-SUPPLY,Standard operational correspondence regarding order fulfillment tracking and invoice reconciliation.,0.2
ZD-TK-3795,2026-09-19T11:16:00Z,NA-East,DIST-TRI-STATE-OPS,PRICE_DISPUTE,MEDIUM,Routine inquiry / order status check for DIST-TRI-STATE-OPS,Standard operational correspondence regarding order fulfillment tracking and invoice reconciliation.,-0.09
ZD-TK-3796,2026-09-19T14:33:00Z,NA-Central,DIST-GREATLAKES-SUPPLY,FULFILLMENT_DELAY,MEDIUM,Routine inquiry / order status check for DIST-GREATLAKES-SUPPLY,Standard operational correspondence regarding order fulfillment tracking and invoice reconciliation.,0.28
ZD-TK-3797,2026-09-19T08:20:00Z,NA-Central,DIST-GREATLAKES-SUPPLY,PRICE_DISPUTE,LOW,Routine inquiry / order status check for DIST-GREATLAKES-SUPPLY,Standard operational correspondence regarding order fulfillment tracking and invoice reconciliation.,-0.19
ZD-TK-3798,2026-09-19T10:49:00Z,NA-Central,DIST-TEXAS-COMMERCIAL,FULFILLMENT_DELAY,MEDIUM,Routine inquiry / order status check for DIST-TEXAS-COMMERCIAL,Standard operational correspondence regarding order fulfillment tracking and invoice reconciliation.,0.35
ZD-TK-3799,2026-09-19T14:15:00Z,NA-West,DIST-PACIFIC-LOGISTICS,FULFILLMENT_DELAY,LOW,Routine inquiry / order status check for DIST-PACIFIC-LOGISTICS,Standard operational correspondence regarding order fulfillment tracking and invoice reconciliation.,-0.17
ZD-TK-3800,2026-09-20T15:59:00Z,NA-East,DIST-MIDATL-SUPPLY,FULFILLMENT_DELAY,MEDIUM,Routine inquiry / order status check for DIST-MIDATL-SUPPLY,Standard operational correspondence regarding order fulfillment tracking and invoice reconciliation.,0.08
ZD-TK-3801,2026-09-20T13:44:00Z,NA-East,DIST-EMPIRE-IND,FULFILLMENT_DELAY,LOW,Routine inquiry / order status check for DIST-EMPIRE-IND,Standard operational correspondence regarding order fulfillment tracking and invoice reconciliation.,-0.16
ZD-TK-3802,2026-09-20T15:07:00Z,NA-East,DIST-MIDATL-SUPPLY,PRICE_DISPUTE,MEDIUM,Routine inquiry / order status check for DIST-MIDATL-SUPPLY,Standard operational correspondence regarding order fulfillment tracking and invoice reconciliation.,-0.0
ZD-TK-3803,2026-09-20T08:33:00Z,NA-Central,DIST-MIDWEST-DIRECT,FULFILLMENT_DELAY,LOW,Routine inquiry / order status check for DIST-MIDWEST-DIRECT,Standard operational correspondence regarding order fulfillment tracking and invoice reconciliation.,0.09
ZD-TK-3804,2026-09-20T11:05:00Z,NA-Central,DIST-MIDWEST-DIRECT,FULFILLMENT_DELAY,MEDIUM,Routine inquiry / order status check for DIST-MIDWEST-DIRECT,Standard operational correspondence regarding order fulfillment tracking and invoice reconciliation.,-0.23
ZD-TK-3805,2026-09-20T12:12:00Z,NA-Central,DIST-MIDWEST-DIRECT,PRODUCT_QUALITY,LOW,Routine inquiry / order status check for DIST-MIDWEST-DIRECT,Standard operational correspondence regarding order fulfillment tracking and invoice reconciliation.,0.33
ZD-TK-3806,2026-09-20T11:39:00Z,NA-West,DIST-CAL-ENTERPRISE,PRODUCT_QUALITY,MEDIUM,Routine inquiry / order status check for DIST-CAL-ENTERPRISE,Standard operational correspondence regarding order fulfillment tracking and invoice reconciliation.,0.03
ZD-TK-3807,2026-09-21T10:42:00Z,NA-East,DIST-TRI-STATE-OPS,PRODUCT_QUALITY,LOW,Routine inquiry / order status check for DIST-TRI-STATE-OPS,Standard operational correspondence regarding order fulfillment tracking and invoice reconciliation.,-0.26
ZD-TK-3808,2026-09-21T12:56:00Z,NA-Central,DIST-TEXAS-COMMERCIAL,FULFILLMENT_DELAY,MEDIUM,Routine inquiry / order status check for DIST-TEXAS-COMMERCIAL,Standard operational correspondence regarding order fulfillment tracking and invoice reconciliation.,-0.19
ZD-TK-3809,2026-09-21T09:36:00Z,NA-West,DIST-PACIFIC-LOGISTICS,PRICE_DISPUTE,MEDIUM,Routine inquiry / order status check for DIST-PACIFIC-LOGISTICS,Standard operational correspondence regarding order fulfillment tracking and invoice reconciliation.,0.03
ZD-TK-3810,2026-09-22T15:53:00Z,NA-East,DIST-APEX-EAST,FULFILLMENT_DELAY,MEDIUM,Routine inquiry / order status check for DIST-APEX-EAST,Standard operational correspondence regarding order fulfillment tracking and invoice reconciliation.,0.24
ZD-TK-3811,2026-09-22T13:34:00Z,NA-Central,DIST-GREATLAKES-SUPPLY,FULFILLMENT_DELAY,MEDIUM,Routine inquiry / order status check for DIST-GREATLAKES-SUPPLY,Standard operational correspondence regarding order fulfillment tracking and invoice reconciliation.,0.13
ZD-TK-3812,2026-09-22T17:10:00Z,NA-West,DIST-CAL-ENTERPRISE,PRODUCT_QUALITY,MEDIUM,Routine inquiry / order status check for DIST-CAL-ENTERPRISE,Standard operational correspondence regarding order fulfillment tracking and invoice reconciliation.,0.05
ZD-TK-3813,2026-09-23T08:42:00Z,NA-East,DIST-EMPIRE-IND,FULFILLMENT_DELAY,MEDIUM,Routine inquiry / order status check for DIST-EMPIRE-IND,Standard operational correspondence regarding order fulfillment tracking and invoice reconciliation.,-0.19
ZD-TK-3814,2026-09-23T10:29:00Z,NA-East,DIST-SUNBELT-PARTS,PRODUCT_QUALITY,LOW,Routine inquiry / order status check for DIST-SUNBELT-PARTS,Standard operational correspondence regarding order fulfillment tracking and invoice reconciliation.,0.22
ZD-TK-3815,2026-09-23T14:56:00Z,NA-Central,DIST-MIDWEST-DIRECT,PRICE_DISPUTE,LOW,Routine inquiry / order status check for DIST-MIDWEST-DIRECT,Standard operational correspondence regarding order fulfillment tracking and invoice reconciliation.,0.33
ZD-TK-3816,2026-09-23T12:34:00Z,NA-West,DIST-CAL-ENTERPRISE,PRODUCT_QUALITY,LOW,Routine inquiry / order status check for DIST-CAL-ENTERPRISE,Standard operational correspondence regarding order fulfillment tracking and invoice reconciliation.,0.27
ZD-TK-3817,2026-09-23T16:04:00Z,NA-West,DIST-CAL-ENTERPRISE,PRODUCT_QUALITY,LOW,Routine inquiry / order status check for DIST-CAL-ENTERPRISE,Standard operational correspondence regarding order fulfillment tracking and invoice reconciliation.,0.15
ZD-TK-3818,2026-09-24T13:35:00Z,NA-East,DIST-MIDATL-SUPPLY,FULFILLMENT_DELAY,MEDIUM,Routine inquiry / order status check for DIST-MIDATL-SUPPLY,Standard operational correspondence regarding order fulfillment tracking and invoice reconciliation.,0.34
ZD-TK-3819,2026-09-24T10:07:00Z,NA-East,DIST-SUNBELT-PARTS,PRODUCT_QUALITY,LOW,Routine inquiry / order status check for DIST-SUNBELT-PARTS,Standard operational correspondence regarding order fulfillment tracking and invoice reconciliation.,-0.24
ZD-TK-3820,2026-09-24T10:56:00Z,NA-East,DIST-SUNBELT-PARTS,PRICE_DISPUTE,MEDIUM,Routine inquiry / order status check for DIST-SUNBELT-PARTS,Standard operational correspondence regarding order fulfillment tracking and invoice reconciliation.,-0.07
ZD-TK-3821,2026-09-24T10:05:00Z,NA-Central,DIST-MIDWEST-DIRECT,FULFILLMENT_DELAY,MEDIUM,Routine inquiry / order status check for DIST-MIDWEST-DIRECT,Standard operational correspondence regarding order fulfillment tracking and invoice reconciliation.,0.17
ZD-TK-3822,2026-09-24T17:46:00Z,NA-Central,DIST-MIDWEST-DIRECT,PRODUCT_QUALITY,LOW,Routine inquiry / order status check for DIST-MIDWEST-DIRECT,Standard operational correspondence regarding order fulfillment tracking and invoice reconciliation.,0.19
ZD-TK-3823,2026-09-24T15:04:00Z,NA-Central,DIST-MIDWEST-DIRECT,PRODUCT_QUALITY,MEDIUM,Routine inquiry / order status check for DIST-MIDWEST-DIRECT,Standard operational correspondence regarding order fulfillment tracking and invoice reconciliation.,-0.08
ZD-TK-3824,2026-09-24T11:37:00Z,NA-West,DIST-PACIFIC-LOGISTICS,PRODUCT_QUALITY,LOW,Routine inquiry / order status check for DIST-PACIFIC-LOGISTICS,Standard operational correspondence regarding order fulfillment tracking and invoice reconciliation.,-0.15
ZD-TK-3825,2026-09-24T10:14:00Z,NA-West,DIST-PACIFIC-LOGISTICS,FULFILLMENT_DELAY,MEDIUM,Routine inquiry / order status check for DIST-PACIFIC-LOGISTICS,Standard operational correspondence regarding order fulfillment tracking and invoice reconciliation.,-0.24
ZD-TK-3826,2026-09-25T17:32:00Z,NA-East,DIST-MIDATL-SUPPLY,PRICE_DISPUTE,MEDIUM,Routine inquiry / order status check for DIST-MIDATL-SUPPLY,Standard operational correspondence regarding order fulfillment tracking and invoice reconciliation.,0.02
ZD-TK-3827,2026-09-25T13:22:00Z,NA-East,DIST-TRI-STATE-OPS,FULFILLMENT_DELAY,MEDIUM,Routine inquiry / order status check for DIST-TRI-STATE-OPS,Standard operational correspondence regarding order fulfillment tracking and invoice reconciliation.,0.07
ZD-TK-3828,2026-09-25T15:26:00Z,NA-Central,DIST-GREATLAKES-SUPPLY,PRICE_DISPUTE,MEDIUM,Routine inquiry / order status check for DIST-GREATLAKES-SUPPLY,Standard operational correspondence regarding order fulfillment tracking and invoice reconciliation.,-0.1
ZD-TK-3829,2026-09-25T15:44:00Z,NA-West,DIST-CAL-ENTERPRISE,PRICE_DISPUTE,LOW,Routine inquiry / order status check for DIST-CAL-ENTERPRISE,Standard operational correspondence regarding order fulfillment tracking and invoice reconciliation.,0.3
ZD-TK-3830,2026-09-25T12:56:00Z,NA-West,DIST-PACIFIC-LOGISTICS,PRICE_DISPUTE,LOW,Routine inquiry / order status check for DIST-PACIFIC-LOGISTICS,Standard operational correspondence regarding order fulfillment tracking and invoice reconciliation.,0.02
ZD-TK-3831,2026-09-26T15:31:00Z,NA-East,DIST-EMPIRE-IND,PRODUCT_QUALITY,LOW,Routine inquiry / order status check for DIST-EMPIRE-IND,Standard operational correspondence regarding order fulfillment tracking and invoice reconciliation.,-0.28
ZD-TK-3832,2026-09-26T10:40:00Z,NA-East,DIST-COASTAL-WHOLESALE,PRICE_DISPUTE,LOW,Routine inquiry / order status check for DIST-COASTAL-WHOLESALE,Standard operational correspondence regarding order fulfillment tracking and invoice reconciliation.,0.07
ZD-TK-3833,2026-09-26T16:01:00Z,NA-Central,DIST-GREATLAKES-SUPPLY,PRODUCT_QUALITY,MEDIUM,Routine inquiry / order status check for DIST-GREATLAKES-SUPPLY,Standard operational correspondence regarding order fulfillment tracking and invoice reconciliation.,-0.04
ZD-TK-3834,2026-09-26T08:09:00Z,NA-West,DIST-PACIFIC-LOGISTICS,PRICE_DISPUTE,MEDIUM,Routine inquiry / order status check for DIST-PACIFIC-LOGISTICS,Standard operational correspondence regarding order fulfillment tracking and invoice reconciliation.,0.07
ZD-TK-3835,2026-09-27T12:34:00Z,NA-East,DIST-APEX-EAST,FULFILLMENT_DELAY,MEDIUM,Routine inquiry / order status check for DIST-APEX-EAST,Standard operational correspondence regarding order fulfillment tracking and invoice reconciliation.,-0.23
ZD-TK-3836,2026-09-27T14:04:00Z,NA-Central,DIST-GREATLAKES-SUPPLY,PRODUCT_QUALITY,MEDIUM,Routine inquiry / order status check for DIST-GREATLAKES-SUPPLY,Standard operational correspondence regarding order fulfillment tracking and invoice reconciliation.,-0.0
ZD-TK-3837,2026-09-27T15:27:00Z,NA-Central,DIST-MIDWEST-DIRECT,PRODUCT_QUALITY,MEDIUM,Routine inquiry / order status check for DIST-MIDWEST-DIRECT,Standard operational correspondence regarding order fulfillment tracking and invoice reconciliation.,-0.01
ZD-TK-3838,2026-09-27T10:49:00Z,NA-West,DIST-PACIFIC-LOGISTICS,PRODUCT_QUALITY,MEDIUM,Routine inquiry / order status check for DIST-PACIFIC-LOGISTICS,Standard operational correspondence regarding order fulfillment tracking and invoice reconciliation.,-0.15
ZD-TK-3839,2026-09-28T15:42:00Z,NA-East,DIST-TRI-STATE-OPS,PRICE_DISPUTE,LOW,Routine inquiry / order status check for DIST-TRI-STATE-OPS,Standard operational correspondence regarding order fulfillment tracking and invoice reconciliation.,0.21
ZD-TK-3840,2026-09-28T16:29:00Z,NA-Central,DIST-TEXAS-COMMERCIAL,PRICE_DISPUTE,LOW,Routine inquiry / order status check for DIST-TEXAS-COMMERCIAL,Standard operational correspondence regarding order fulfillment tracking and invoice reconciliation.,-0.08
ZD-TK-3841,2026-09-28T12:12:00Z,NA-Central,DIST-MIDWEST-DIRECT,PRICE_DISPUTE,MEDIUM,Routine inquiry / order status check for DIST-MIDWEST-DIRECT,Standard operational correspondence regarding order fulfillment tracking and invoice reconciliation.,0.03
ZD-TK-3842,2026-09-28T08:11:00Z,NA-West,DIST-MOUNTAIN-PARTS,FULFILLMENT_DELAY,MEDIUM,Routine inquiry / order status check for DIST-MOUNTAIN-PARTS,Standard operational correspondence regarding order fulfillment tracking and invoice reconciliation.,0.11
ZD-TK-3843,2026-09-29T12:29:00Z,NA-East,DIST-TRI-STATE-OPS,FULFILLMENT_DELAY,MEDIUM,Routine inquiry / order status check for DIST-TRI-STATE-OPS,Standard operational correspondence regarding order fulfillment tracking and invoice reconciliation.,0.2
ZD-TK-3844,2026-09-29T14:06:00Z,NA-East,DIST-EMPIRE-IND,PRODUCT_QUALITY,LOW,Routine inquiry / order status check for DIST-EMPIRE-IND,Standard operational correspondence regarding order fulfillment tracking and invoice reconciliation.,0.3
ZD-TK-3845,2026-09-29T11:50:00Z,NA-East,DIST-SUNBELT-PARTS,FULFILLMENT_DELAY,MEDIUM,Routine inquiry / order status check for DIST-SUNBELT-PARTS,Standard operational correspondence regarding order fulfillment tracking and invoice reconciliation.,0.15
ZD-TK-3846,2026-09-29T14:41:00Z,NA-Central,DIST-GREATLAKES-SUPPLY,PRODUCT_QUALITY,LOW,Routine inquiry / order status check for DIST-GREATLAKES-SUPPLY,Standard operational correspondence regarding order fulfillment tracking and invoice reconciliation.,0.31
ZD-TK-3847,2026-09-29T12:45:00Z,NA-Central,DIST-TEXAS-COMMERCIAL,PRICE_DISPUTE,LOW,Routine inquiry / order status check for DIST-TEXAS-COMMERCIAL,Standard operational correspondence regarding order fulfillment tracking and invoice reconciliation.,-0.29
ZD-TK-3848,2026-09-29T13:23:00Z,NA-West,DIST-MOUNTAIN-PARTS,PRICE_DISPUTE,MEDIUM,Routine inquiry / order status check for DIST-MOUNTAIN-PARTS,Standard operational correspondence regarding order fulfillment tracking and invoice reconciliation.,-0.11
ZD-TK-3849,2026-09-29T16:18:00Z,NA-West,DIST-MOUNTAIN-PARTS,PRODUCT_QUALITY,MEDIUM,Routine inquiry / order status check for DIST-MOUNTAIN-PARTS,Standard operational correspondence regarding order fulfillment tracking and invoice reconciliation.,0.2
ZD-TK-3850,2026-09-29T12:37:00Z,NA-West,DIST-MOUNTAIN-PARTS,PRICE_DISPUTE,LOW,Routine inquiry / order status check for DIST-MOUNTAIN-PARTS,Standard operational correspondence regarding order fulfillment tracking and invoice reconciliation.,-0.17
ZD-TK-3851,2026-09-30T12:22:00Z,NA-East,DIST-EMPIRE-IND,PRICE_DISPUTE,LOW,Routine inquiry / order status check for DIST-EMPIRE-IND,Standard operational correspondence regarding order fulfillment tracking and invoice reconciliation.,-0.13
ZD-TK-3852,2026-09-30T11:38:00Z,NA-Central,DIST-MIDWEST-DIRECT,PRODUCT_QUALITY,LOW,Routine inquiry / order status check for DIST-MIDWEST-DIRECT,Standard operational correspondence regarding order fulfillment tracking and invoice reconciliation.,0.21
ZD-TK-3853,2026-09-30T12:08:00Z,NA-Central,DIST-MIDWEST-DIRECT,FULFILLMENT_DELAY,LOW,Routine inquiry / order status check for DIST-MIDWEST-DIRECT,Standard operational correspondence regarding order fulfillment tracking and invoice reconciliation.,0.2
ZD-TK-3854,2026-09-30T15:34:00Z,NA-West,DIST-MOUNTAIN-PARTS,PRICE_DISPUTE,LOW,Routine inquiry / order status check for DIST-MOUNTAIN-PARTS,Standard operational correspondence regarding order fulfillment tracking and invoice reconciliation.,0.27
ZD-TK-3855,2026-09-30T14:58:00Z,NA-West,DIST-CAL-ENTERPRISE,PRODUCT_QUALITY,LOW,Routine inquiry / order status check for DIST-CAL-ENTERPRISE,Standard operational correspondence regarding order fulfillment tracking and invoice reconciliation.,-0.24
ZD-TK-3856,2026-09-30T10:18:00Z,NA-West,DIST-PACIFIC-LOGISTICS,PRODUCT_QUALITY,MEDIUM,Routine inquiry / order status check for DIST-PACIFIC-LOGISTICS,Standard operational correspondence regarding order fulfillment tracking and invoice reconciliation.,0.0
